{
  "type": "FeatureCollection",
  "features": [
    {
      "type": "Feature",
      "properties": {
        "name": "Downtown Toronto",
        "osm_display": "Old Toronto, Toronto, Golden Horseshoe, Ontario, Canada"
      },
      "geometry": {
        "type": "Polygon",
        "coordinates": [
          [
            [
              -79.492821,
              43.6467386
            ],
            [
              -79.4928142,
              43.646469
            ],
            [
              -79.492789,
              43.6462189
            ],
            [
              -79.4927076,
              43.6459117
            ],
            [
              -79.4926745,
              43.6458388
            ],
            [
              -79.4926217,
              43.6457702
            ],
            [
              -79.4925548,
              43.6456832
            ],
            [
              -79.4925206,
              43.6456237
            ],
            [
              -79.4924363,
              43.6455344
            ],
            [
              -79.4923618,
              43.6454729
            ],
            [
              -79.4922101,
              43.6453552
            ],
            [
              -79.4920044,
              43.6451942
            ],
            [
              -79.4918882,
              43.6450951
            ],
            [
              -79.49174,
              43.644954
            ],
            [
              -79.491553,
              43.6447221
            ],
            [
              -79.4914388,
              43.6445557
            ],
            [
              -79.4913616,
              43.6444314
            ],
            [
              -79.4912043,
              43.6442039
            ],
            [
              -79.4909852,
              43.6438416
            ],
            [
              -79.4907893,
              43.6434756
            ],
            [
              -79.4905945,
              43.6430842
            ],
            [
              -79.4904604,
              43.6426964
            ],
            [
              -79.4903966,
              43.6424987
            ],
            [
              -79.4903628,
              43.6423939
            ],
            [
              -79.4902256,
              43.6420629
            ],
            [
              -79.4901977,
              43.6420068
            ],
            [
              -79.4901014,
              43.6418521
            ],
            [
              -79.4900517,
              43.6417737
            ],
            [
              -79.4899716,
              43.6416472
            ],
            [
              -79.4899051,
              43.6415613
            ],
            [
              -79.4898013,
              43.6414643
            ],
            [
              -79.4896606,
              43.6413657
            ],
            [
              -79.4894395,
              43.6412391
            ],
            [
              -79.4892915,
              43.641203
            ],
            [
              -79.489108,
              43.6412164
            ],
            [
              -79.4889987,
              43.6412507
            ],
            [
              -79.4882149,
              43.6415286
            ],
            [
              -79.4879479,
              43.6416471
            ],
            [
              -79.4875079,
              43.6418173
            ],
            [
              -79.4870952,
              43.6419375
            ],
            [
              -79.4866661,
              43.6420337
            ],
            [
              -79.486347,
              43.6420775
            ],
            [
              -79.4859774,
              43.6421144
            ],
            [
              -79.4857114,
              43.6421192
            ],
            [
              -79.485443,
              43.642102
            ],
            [
              -79.4852193,
              43.6420416
            ],
            [
              -79.4850669,
              43.6419264
            ],
            [
              -79.4849928,
              43.6417454
            ],
            [
              -79.4849996,
              43.6415732
            ],
            [
              -79.485008,
              43.641397
            ],
            [
              -79.4850087,
              43.641238
            ],
            [
              -79.4850283,
              43.6408804
            ],
            [
              -79.4850743,
              43.6406233
            ],
            [
              -79.485116,
              43.6402835
            ],
            [
              -79.4851063,
              43.6400671
            ],
            [
              -79.4851155,
              43.6398983
            ],
            [
              -79.4851293,
              43.6396454
            ],
            [
              -79.4851025,
              43.6391222
            ],
            [
              -79.4850478,
              43.6388319
            ],
            [
              -79.4849233,
              43.6385842
            ],
            [
              -79.4848366,
              43.6384847
            ],
            [
              -79.4847375,
              43.6384153
            ],
            [
              -79.4846774,
              43.638377
            ],
            [
              -79.484536,
              43.6382964
            ],
            [
              -79.4843995,
              43.638228
            ],
            [
              -79.4842532,
              43.6381557
            ],
            [
              -79.4840552,
              43.6381017
            ],
            [
              -79.4838557,
              43.63806
            ],
            [
              -79.4836189,
              43.6380478
            ],
            [
              -79.4833796,
              43.6380255
            ],
            [
              -79.483247,
              43.6380147
            ],
            [
              -79.4830138,
              43.6380113
            ],
            [
              -79.4824819,
              43.6379769
            ],
            [
              -79.4823343,
              43.6379777
            ],
            [
              -79.4818859,
              43.6379945
            ],
            [
              -79.4814028,
              43.6380391
            ],
            [
              -79.4808625,
              43.6381008
            ],
            [
              -79.4804005,
              43.6381205
            ],
            [
              -79.4798545,
              43.638144
            ],
            [
              -79.4793646,
              43.6381399
            ],
            [
              -79.4788501,
              43.638128
            ],
            [
              -79.4784581,
              43.6380777
            ],
            [
              -79.478121,
              43.6380012
            ],
            [
              -79.4778418,
              43.6378812
            ],
            [
              -79.4775022,
              43.6377419
            ],
            [
              -79.4772954,
              43.6375418
            ],
            [
              -79.4772179,
              43.6374165
            ],
            [
              -79.4770886,
              43.6372211
            ],
            [
              -79.4769786,
              43.6369965
            ],
            [
              -79.4768754,
              43.6367561
            ],
            [
              -79.4768334,
              43.6364518
            ],
            [
              -79.4767374,
              43.6362792
            ],
            [
              -79.4767158,
              43.6362402
            ],
            [
              -79.47653,
              43.6359747
            ],
            [
              -79.4764239,
              43.6357877
            ],
            [
              -79.4763435,
              43.6356461
            ],
            [
              -79.4762541,
              43.6354927
            ],
            [
              -79.4761783,
              43.6353625
            ],
            [
              -79.4760127,
              43.6350474
            ],
            [
              -79.4759668,
              43.6349715
            ],
            [
              -79.4758412,
              43.6347638
            ],
            [
              -79.4757054,
              43.6344442
            ],
            [
              -79.4756059,
              43.6342829
            ],
            [
              -79.4755026,
              43.6341156
            ],
            [
              -79.4751313,
              43.6338635
            ],
            [
              -79.4743592,
              43.6334853
            ],
            [
              -79.4742481,
              43.6334448
            ],
            [
              -79.4742391,
              43.6334403
            ],
            [
              -79.4739643,
              43.6333014
            ],
            [
              -79.47326,
              43.6330176
            ],
            [
              -79.4728011,
              43.6328279
            ],
            [
              -79.4726081,
              43.6327264
            ],
            [
              -79.4724327,
              43.6326342
            ],
            [
              -79.4720262,
              43.6323752
            ],
            [
              -79.4712258,
              43.6317018
            ],
            [
              -79.4707074,
              43.6312657
            ],
            [
              -79.4669045,
              43.6303281
            ],
            [
              -79.4666293,
              43.6327187
            ],
            [
              -79.4543512,
              43.635453
            ],
            [
              -79.4409712,
              43.6316933
            ],
            [
              -79.4258573,
              43.6270548
            ],
            [
              -79.4212947,
              43.6256545
            ],
            [
              -79.4080889,
              43.6251488
            ],
            [
              -79.4000044,
              43.6164786
            ],
            [
              -79.3942484,
              43.6092404
            ],
            [
              -79.3875295,
              43.6094052
            ],
            [
              -79.3539393,
              43.6102291
            ],
            [
              -79.3476258,
              43.610384
            ],
            [
              -79.3439184,
              43.6113153
            ],
            [
              -79.3321994,
              43.6142589
            ],
            [
              -79.3205509,
              43.6169941
            ],
            [
              -79.3170878,
              43.6484391
            ],
            [
              -79.3141577,
              43.6494176
            ],
            [
              -79.3129951,
              43.6498059
            ],
            [
              -79.298828,
              43.6583478
            ],
            [
              -79.2785104,
              43.6697234
            ],
            [
              -79.2800484,
              43.6711649
            ],
            [
              -79.2801308,
              43.6713625
            ],
            [
              -79.2800212,
              43.6713859
            ],
            [
              -79.2810635,
              43.673904
            ],
            [
              -79.2811979,
              43.6738733
            ],
            [
              -79.2812196,
              43.6739632
            ],
            [
              -79.2830639,
              43.6784176
            ],
            [
              -79.2831376,
              43.6786357
            ],
            [
              -79.2832385,
              43.6788778
            ],
            [
              -79.2835411,
              43.6795987
            ],
            [
              -79.2839093,
              43.6804756
            ],
            [
              -79.2839154,
              43.6804858
            ],
            [
              -79.2839826,
              43.6806585
            ],
            [
              -79.2840189,
              43.6807485
            ],
            [
              -79.2840678,
              43.6808326
            ],
            [
              -79.2841069,
              43.6809131
            ],
            [
              -79.2841201,
              43.6809425
            ],
            [
              -79.2841539,
              43.6810135
            ],
            [
              -79.2842056,
              43.6811384
            ],
            [
              -79.2842241,
              43.6811831
            ],
            [
              -79.2842475,
              43.6812428
            ],
            [
              -79.2842612,
              43.6812777
            ],
            [
              -79.2843581,
              43.6815245
            ],
            [
              -79.2843868,
              43.6815978
            ],
            [
              -79.2844072,
              43.6816627
            ],
            [
              -79.2844422,
              43.6817521
            ],
            [
              -79.2846672,
              43.6823265
            ],
            [
              -79.2849695,
              43.6830406
            ],
            [
              -79.285102,
              43.6833523
            ],
            [
              -79.2852721,
              43.6837838
            ],
            [
              -79.2858396,
              43.6851686
            ],
            [
              -79.2862347,
              43.6861223
            ],
            [
              -79.2865454,
              43.6868481
            ],
            [
              -79.2865808,
              43.6869306
            ],
            [
              -79.2866111,
              43.6870144
            ],
            [
              -79.2867725,
              43.6874074
            ],
            [
              -79.2868168,
              43.687518
            ],
            [
              -79.2868561,
              43.6876146
            ],
            [
              -79.2869563,
              43.6878664
            ],
            [
              -79.2869942,
              43.6879485
            ],
            [
              -79.2870316,
              43.6880406
            ],
            [
              -79.2875616,
              43.6892841
            ],
            [
              -79.2877748,
              43.689786
            ],
            [
              -79.2890929,
              43.689498
            ],
            [
              -79.2926935,
              43.6887163
            ],
            [
              -79.2932294,
              43.6899666
            ],
            [
              -79.293282,
              43.6900893
            ],
            [
              -79.2937086,
              43.6910807
            ],
            [
              -79.2942673,
              43.6923861
            ],
            [
              -79.2948195,
              43.6922628
            ],
            [
              -79.2948878,
              43.6922487
            ],
            [
              -79.29585,
              43.6920259
            ],
            [
              -79.2970349,
              43.6917509
            ],
            [
              -79.2999435,
              43.6910849
            ],
            [
              -79.301546,
              43.6907155
            ],
            [
              -79.30284,
              43.6904154
            ],
            [
              -79.3033385,
              43.6903028
            ],
            [
              -79.3034158,
              43.6902853
            ],
            [
              -79.3035211,
              43.6905109
            ],
            [
              -79.3039404,
              43.6904173
            ],
            [
              -79.3040633,
              43.6904141
            ],
            [
              -79.3041523,
              43.6904124
            ],
            [
              -79.3062853,
              43.6899235
            ],
            [
              -79.3083171,
              43.6894566
            ],
            [
              -79.3084281,
              43.6894103
            ],
            [
              -79.3085342,
              43.6893675
            ],
            [
              -79.3088819,
              43.6892858
            ],
            [
              -79.3084386,
              43.6882614
            ],
            [
              -79.3081432,
              43.6875609
            ],
            [
              -79.3088706,
              43.6873904
            ],
            [
              -79.3094769,
              43.68725
            ],
            [
              -79.3095924,
              43.6872232
            ],
            [
              -79.3097262,
              43.6871922
            ],
            [
              -79.3112625,
              43.6868366
            ],
            [
              -79.3130943,
              43.6864068
            ],
            [
              -79.3135757,
              43.6863011
            ],
            [
              -79.3136171,
              43.6863931
            ],
            [
              -79.3139755,
              43.6872008
            ],
            [
              -79.3140138,
              43.6872886
            ],
            [
              -79.3143257,
              43.6880053
            ],
            [
              -79.3146661,
              43.6887906
            ],
            [
              -79.3148464,
              43.6891927
            ],
            [
              -79.3167576,
              43.6887814
            ],
            [
              -79.3176555,
              43.6885877
            ],
            [
              -79.3191747,
              43.68826
            ],
            [
              -79.3223942,
              43.6875699
            ],
            [
              -79.3230792,
              43.6874222
            ],
            [
              -79.3250836,
              43.6869901
            ],
            [
              -79.3251266,
              43.6869808
            ],
            [
              -79.3287073,
              43.6862188
            ],
            [
              -79.3313394,
              43.685645
            ],
            [
              -79.3313654,
              43.6856393
            ],
            [
              -79.33201,
              43.6855007
            ],
            [
              -79.3339075,
              43.6850927
            ],
            [
              -79.334932,
              43.6848732
            ],
            [
              -79.335873,
              43.6846715
            ],
            [
              -79.3367547,
              43.684477
            ],
            [
              -79.3376344,
              43.6842737
            ],
            [
              -79.338806,
              43.6840425
            ],
            [
              -79.3388549,
              43.6841552
            ],
            [
              -79.3408112,
              43.6837813
            ],
            [
              -79.3419983,
              43.6835535
            ],
            [
              -79.3431688,
              43.6833292
            ],
            [
              -79.3444621,
              43.6830793
            ],
            [
              -79.3454509,
              43.6828906
            ],
            [
              -79.3462768,
              43.6827325
            ],
            [
              -79.3463548,
              43.6827176
            ],
            [
              -79.3473834,
              43.6825207
            ],
            [
              -79.347514,
              43.6824957
            ],
            [
              -79.3480411,
              43.682397
            ],
            [
              -79.3481266,
              43.6825959
            ],
            [
              -79.348233,
              43.6828466
            ],
            [
              -79.3485907,
              43.6836957
            ],
            [
              -79.3487554,
              43.6840887
            ],
            [
              -79.3494018,
              43.6839625
            ],
            [
              -79.3528093,
              43.6833033
            ],
            [
              -79.3551944,
              43.6828441
            ],
            [
              -79.3572193,
              43.6824519
            ],
            [
              -79.3573657,
              43.6819706
            ],
            [
              -79.3574432,
              43.6817157
            ],
            [
              -79.3575793,
              43.6817115
            ],
            [
              -79.3603295,
              43.6816598
            ],
            [
              -79.3606356,
              43.6816993
            ],
            [
              -79.36065,
              43.6816988
            ],
            [
              -79.3612942,
              43.681674
            ],
            [
              -79.3614222,
              43.6817061
            ],
            [
              -79.3617704,
              43.6817443
            ],
            [
              -79.3619702,
              43.6818854
            ],
            [
              -79.3620446,
              43.6817519
            ],
            [
              -79.3620973,
              43.6817432
            ],
            [
              -79.3623336,
              43.6817043
            ],
            [
              -79.3623459,
              43.6812715
            ],
            [
              -79.3616964,
              43.6797086
            ],
            [
              -79.3622828,
              43.6795923
            ],
            [
              -79.3623457,
              43.6795802
            ],
            [
              -79.362442,
              43.6795617
            ],
            [
              -79.3626963,
              43.6795114
            ],
            [
              -79.3641879,
              43.6792115
            ],
            [
              -79.3642674,
              43.6791962
            ],
            [
              -79.364264,
              43.6791892
            ],
            [
              -79.3644481,
              43.6790328
            ],
            [
              -79.3665516,
              43.6785664
            ],
            [
              -79.3667698,
              43.6785178
            ],
            [
              -79.367267,
              43.6791343
            ],
            [
              -79.36719,
              43.6791766
            ],
            [
              -79.3672588,
              43.6792614
            ],
            [
              -79.3675232,
              43.6795927
            ],
            [
              -79.3675437,
              43.6796546
            ],
            [
              -79.3676023,
              43.6798315
            ],
            [
              -79.3677103,
              43.6801608
            ],
            [
              -79.3678868,
              43.6806864
            ],
            [
              -79.3679313,
              43.6809348
            ],
            [
              -79.367952,
              43.6811908
            ],
            [
              -79.3679296,
              43.6812818
            ],
            [
              -79.3678568,
              43.6815031
            ],
            [
              -79.3667694,
              43.6835445
            ],
            [
              -79.3664775,
              43.6840725
            ],
            [
              -79.3668643,
              43.684973
            ],
            [
              -79.3675501,
              43.6865694
            ],
            [
              -79.3672948,
              43.6879945
            ],
            [
              -79.3672875,
              43.6880862
            ],
            [
              -79.3672853,
              43.6882211
            ],
            [
              -79.3673002,
              43.6883589
            ],
            [
              -79.3673321,
              43.6885118
            ],
            [
              -79.3673736,
              43.6886454
            ],
            [
              -79.3674132,
              43.688757
            ],
            [
              -79.3674774,
              43.6888866
            ],
            [
              -79.3675342,
              43.6889844
            ],
            [
              -79.3676306,
              43.6891277
            ],
            [
              -79.3677271,
              43.6892532
            ],
            [
              -79.3678748,
              43.689409
            ],
            [
              -79.3680244,
              43.6895496
            ],
            [
              -79.3682178,
              43.6896875
            ],
            [
              -79.3683542,
              43.68978
            ],
            [
              -79.3685798,
              43.6899028
            ],
            [
              -79.3689078,
              43.6900684
            ],
            [
              -79.3691581,
              43.6901858
            ],
            [
              -79.3695051,
              43.6903336
            ],
            [
              -79.3699907,
              43.6905104
            ],
            [
              -79.3705976,
              43.6907177
            ],
            [
              -79.3706828,
              43.6908086
            ],
            [
              -79.3708201,
              43.6909475
            ],
            [
              -79.373392,
              43.6923504
            ],
            [
              -79.3737806,
              43.6925441
            ],
            [
              -79.3741019,
              43.69268
            ],
            [
              -79.3744539,
              43.6928093
            ],
            [
              -79.3746156,
              43.692859
            ],
            [
              -79.374809,
              43.6929185
            ],
            [
              -79.3767376,
              43.6933563
            ],
            [
              -79.3772976,
              43.6935569
            ],
            [
              -79.3775455,
              43.6936594
            ],
            [
              -79.3799659,
              43.6947421
            ],
            [
              -79.3800848,
              43.6950378
            ],
            [
              -79.3799533,
              43.6950756
            ],
            [
              -79.3797275,
              43.6951294
            ],
            [
              -79.3793758,
              43.6952055
            ],
            [
              -79.3788526,
              43.6953219
            ],
            [
              -79.378529,
              43.6953781
            ],
            [
              -79.3763508,
              43.6958366
            ],
            [
              -79.3745252,
              43.6962157
            ],
            [
              -79.3744535,
              43.6962306
            ],
            [
              -79.373822,
              43.6963739
            ],
            [
              -79.3732254,
              43.6965082
            ],
            [
              -79.372973,
              43.6965534
            ],
            [
              -79.3726253,
              43.6966155
            ],
            [
              -79.3720432,
              43.6967049
            ],
            [
              -79.3717418,
              43.6967586
            ],
            [
              -79.372507,
              43.6987396
            ],
            [
              -79.3728498,
              43.6995725
            ],
            [
              -79.373144,
              43.7003695
            ],
            [
              -79.3733786,
              43.7009504
            ],
            [
              -79.3737943,
              43.7020717
            ],
            [
              -79.374137,
              43.7030084
            ],
            [
              -79.3743277,
              43.7035112
            ],
            [
              -79.3746185,
              43.7042782
            ],
            [
              -79.3749389,
              43.7051156
            ],
            [
              -79.3756562,
              43.7069559
            ],
            [
              -79.3760085,
              43.7078217
            ],
            [
              -79.3763417,
              43.7087131
            ],
            [
              -79.3769572,
              43.7103114
            ],
            [
              -79.3770099,
              43.710505
            ],
            [
              -79.3770557,
              43.7106715
            ],
            [
              -79.3771037,
              43.7108966
            ],
            [
              -79.3771691,
              43.7110565
            ],
            [
              -79.3773141,
              43.7120387
            ],
            [
              -79.3773883,
              43.7124077
            ],
            [
              -79.3774928,
              43.7130997
            ],
            [
              -79.3788709,
              43.7127912
            ],
            [
              -79.3789247,
              43.7127708
            ],
            [
              -79.378987,
              43.7127329
            ],
            [
              -79.3800607,
              43.7125206
            ],
            [
              -79.38105,
              43.7123247
            ],
            [
              -79.3815135,
              43.7122329
            ],
            [
              -79.3814967,
              43.7121888
            ],
            [
              -79.3819846,
              43.7120862
            ],
            [
              -79.3829553,
              43.7118827
            ],
            [
              -79.383828,
              43.7116992
            ],
            [
              -79.3839694,
              43.7117105
            ],
            [
              -79.3844826,
              43.7116147
            ],
            [
              -79.3846243,
              43.7115932
            ],
            [
              -79.3857124,
              43.711363
            ],
            [
              -79.3860263,
              43.7121787
            ],
            [
              -79.386214,
              43.7126626
            ],
            [
              -79.3863772,
              43.7130836
            ],
            [
              -79.3864245,
              43.7130798
            ],
            [
              -79.3866145,
              43.7135689
            ],
            [
              -79.3866422,
              43.7136402
            ],
            [
              -79.3870971,
              43.7148124
            ],
            [
              -79.387351,
              43.7154671
            ],
            [
              -79.3873881,
              43.7156094
            ],
            [
              -79.3881932,
              43.7186716
            ],
            [
              -79.3882678,
              43.7189552
            ],
            [
              -79.3882953,
              43.7190817
            ],
            [
              -79.3887829,
              43.7214187
            ],
            [
              -79.3888362,
              43.7216793
            ],
            [
              -79.3890493,
              43.7226909
            ],
            [
              -79.3892539,
              43.7236881
            ],
            [
              -79.3894586,
              43.7246791
            ],
            [
              -79.3896635,
              43.7256823
            ],
            [
              -79.389879,
              43.7267046
            ],
            [
              -79.3900798,
              43.7276908
            ],
            [
              -79.3901671,
              43.7281124
            ],
            [
              -79.3902237,
              43.7283315
            ],
            [
              -79.3903007,
              43.7284506
            ],
            [
              -79.3902843,
              43.7285706
            ],
            [
              -79.3904328,
              43.7291644
            ],
            [
              -79.3906511,
              43.7299997
            ],
            [
              -79.3907649,
              43.7304499
            ],
            [
              -79.39127,
              43.732448
            ],
            [
              -79.3954574,
              43.7341633
            ],
            [
              -79.3985102,
              43.7346928
            ],
            [
              -79.399939,
              43.7347292
            ],
            [
              -79.399992,
              43.7352683
            ],
            [
              -79.4020398,
              43.7348217
            ],
            [
              -79.4034252,
              43.7345195
            ],
            [
              -79.4045552,
              43.7342711
            ],
            [
              -79.4049358,
              43.7360196
            ],
            [
              -79.4050353,
              43.7359886
            ],
            [
              -79.408241,
              43.7352779
            ],
            [
              -79.4088427,
              43.7351437
            ],
            [
              -79.4101307,
              43.7348609
            ],
            [
              -79.4112365,
              43.7346174
            ],
            [
              -79.4124392,
              43.7343516
            ],
            [
              -79.4163281,
              43.7334912
            ],
            [
              -79.4163548,
              43.7334853
            ],
            [
              -79.4169837,
              43.7333463
            ],
            [
              -79.4169112,
              43.7329548
            ],
            [
              -79.4169033,
              43.7329116
            ],
            [
              -79.4167731,
              43.7321991
            ],
            [
              -79.4166233,
              43.7313869
            ],
            [
              -79.4165175,
              43.7308098
            ],
            [
              -79.4164369,
              43.7303699
            ],
            [
              -79.4164337,
              43.7303524
            ],
            [
              -79.4162443,
              43.7293183
            ],
            [
              -79.4161578,
              43.7288478
            ],
            [
              -79.4160168,
              43.728304
            ],
            [
              -79.4158785,
              43.7277464
            ],
            [
              -79.4157373,
              43.7273885
            ],
            [
              -79.415433,
              43.726637
            ],
            [
              -79.4150969,
              43.7258207
            ],
            [
              -79.4147446,
              43.7249342
            ],
            [
              -79.414567,
              43.7244992
            ],
            [
              -79.4144996,
              43.7241217
            ],
            [
              -79.4143537,
              43.7233441
            ],
            [
              -79.4142077,
              43.7225747
            ],
            [
              -79.4141067,
              43.7220295
            ],
            [
              -79.4139892,
              43.7213953
            ],
            [
              -79.4135028,
              43.7187704
            ],
            [
              -79.4146758,
              43.7185355
            ],
            [
              -79.4151818,
              43.7184367
            ],
            [
              -79.4167596,
              43.7181224
            ],
            [
              -79.4172653,
              43.7180217
            ],
            [
              -79.4184651,
              43.7177857
            ],
            [
              -79.4203404,
              43.7174113
            ],
            [
              -79.4204854,
              43.717386
            ],
            [
              -79.4222211,
              43.7170392
            ],
            [
              -79.4219662,
              43.7163845
            ],
            [
              -79.4215491,
              43.7153082
            ],
            [
              -79.4211202,
              43.7142036
            ],
            [
              -79.4210499,
              43.71405
            ],
            [
              -79.4206173,
              43.7131051
            ],
            [
              -79.4202486,
              43.712217
            ],
            [
              -79.4198963,
              43.71135
            ],
            [
              -79.4195392,
              43.7104676
            ],
            [
              -79.4193325,
              43.7099632
            ],
            [
              -79.4212912,
              43.7095496
            ],
            [
              -79.4242528,
              43.7089266
            ],
            [
              -79.4260147,
              43.7085558
            ],
            [
              -79.4267219,
              43.7084082
            ],
            [
              -79.4270121,
              43.708346
            ],
            [
              -79.4271561,
              43.7082947
            ],
            [
              -79.4272852,
              43.7082448
            ],
            [
              -79.4313147,
              43.7074021
            ],
            [
              -79.4342926,
              43.7067792
            ],
            [
              -79.4361611,
              43.7063864
            ],
            [
              -79.4379725,
              43.7059923
            ],
            [
              -79.4385014,
              43.7058794
            ],
            [
              -79.438547,
              43.7058697
            ],
            [
              -79.4387826,
              43.705818
            ],
            [
              -79.43903,
              43.7057638
            ],
            [
              -79.4396906,
              43.7056184
            ],
            [
              -79.4396069,
              43.7052617
            ],
            [
              -79.4393979,
              43.7043704
            ],
            [
              -79.4389977,
              43.7026877
            ],
            [
              -79.4389019,
              43.7023089
            ],
            [
              -79.4388369,
              43.7020522
            ],
            [
              -79.4406887,
              43.7016221
            ],
            [
              -79.4400116,
              43.6999524
            ],
            [
              -79.4392473,
              43.6980677
            ],
            [
              -79.4390459,
              43.6981084
            ],
            [
              -79.4383915,
              43.6982483
            ],
            [
              -79.4383113,
              43.6982656
            ],
            [
              -79.4381563,
              43.6982945
            ],
            [
              -79.4374238,
              43.698447
            ],
            [
              -79.4372919,
              43.698474
            ],
            [
              -79.4371946,
              43.6984954
            ],
            [
              -79.4365784,
              43.6986354
            ],
            [
              -79.4365122,
              43.6986496
            ],
            [
              -79.4364271,
              43.6986667
            ],
            [
              -79.436338,
              43.6986838
            ],
            [
              -79.4357435,
              43.6988242
            ],
            [
              -79.4328376,
              43.6994288
            ],
            [
              -79.431868,
              43.6996417
            ],
            [
              -79.4312589,
              43.6997727
            ],
            [
              -79.4311228,
              43.699802
            ],
            [
              -79.4309522,
              43.6998377
            ],
            [
              -79.4307894,
              43.6998728
            ],
            [
              -79.4298804,
              43.7000686
            ],
            [
              -79.429029,
              43.700249
            ],
            [
              -79.4288039,
              43.7002931
            ],
            [
              -79.4286748,
              43.7003215
            ],
            [
              -79.4277294,
              43.700518
            ],
            [
              -79.4275756,
              43.7005531
            ],
            [
              -79.4275214,
              43.7005639
            ],
            [
              -79.4266602,
              43.700762
            ],
            [
              -79.4262726,
              43.7008693
            ],
            [
              -79.4255443,
              43.7009996
            ],
            [
              -79.4254972,
              43.700871
            ],
            [
              -79.4254764,
              43.7008272
            ],
            [
              -79.4252439,
              43.7002252
            ],
            [
              -79.4247692,
              43.6990314
            ],
            [
              -79.4243451,
              43.6979544
            ],
            [
              -79.4240487,
              43.6972796
            ],
            [
              -79.4240446,
              43.6972694
            ],
            [
              -79.4235803,
              43.6961167
            ],
            [
              -79.4233388,
              43.695514
            ],
            [
              -79.4232435,
              43.6953026
            ],
            [
              -79.4227506,
              43.6941128
            ],
            [
              -79.4223295,
              43.6930661
            ],
            [
              -79.4219047,
              43.6920098
            ],
            [
              -79.4218768,
              43.691944
            ],
            [
              -79.4218755,
              43.6919398
            ],
            [
              -79.4218469,
              43.6918703
            ],
            [
              -79.4216907,
              43.6915163
            ],
            [
              -79.4216029,
              43.6913013
            ],
            [
              -79.4213942,
              43.6907902
            ],
            [
              -79.4212679,
              43.6904764
            ],
            [
              -79.4207337,
              43.6891495
            ],
            [
              -79.4205959,
              43.6888108
            ],
            [
              -79.4203477,
              43.6881848
            ],
            [
              -79.4203054,
              43.6880974
            ],
            [
              -79.4202934,
              43.6880662
            ],
            [
              -79.4199672,
              43.6872167
            ],
            [
              -79.419639,
              43.6864321
            ],
            [
              -79.4196209,
              43.6863797
            ],
            [
              -79.4194174,
              43.6858949
            ],
            [
              -79.4176013,
              43.6862851
            ],
            [
              -79.4175963,
              43.6862861
            ],
            [
              -79.4163172,
              43.6865401
            ],
            [
              -79.4146362,
              43.6868739
            ],
            [
              -79.4128792,
              43.687229
            ],
            [
              -79.4130499,
              43.6876654
            ],
            [
              -79.4131847,
              43.6880212
            ],
            [
              -79.4132268,
              43.6880212
            ],
            [
              -79.4132358,
              43.6880692
            ],
            [
              -79.4131666,
              43.6880801
            ],
            [
              -79.4130018,
              43.6876741
            ],
            [
              -79.4128217,
              43.6872291
            ],
            [
              -79.4126053,
              43.6866944
            ],
            [
              -79.4118993,
              43.6849504
            ],
            [
              -79.4124676,
              43.6848374
            ],
            [
              -79.413472,
              43.6846331
            ],
            [
              -79.413412,
              43.6844782
            ],
            [
              -79.4135233,
              43.6844543
            ],
            [
              -79.4154298,
              43.6840743
            ],
            [
              -79.4176661,
              43.6836285
            ],
            [
              -79.4182988,
              43.6835023
            ],
            [
              -79.4184125,
              43.683795
            ],
            [
              -79.4185443,
              43.6837668
            ],
            [
              -79.4197787,
              43.6835054
            ],
            [
              -79.4208349,
              43.6832838
            ],
            [
              -79.4222027,
              43.6829954
            ],
            [
              -79.4234308,
              43.6827404
            ],
            [
              -79.4235483,
              43.6827149
            ],
            [
              -79.4235513,
              43.682732
            ],
            [
              -79.4238627,
              43.6826725
            ],
            [
              -79.4246589,
              43.6825088
            ],
            [
              -79.4245827,
              43.6823319
            ],
            [
              -79.424712,
              43.6823042
            ],
            [
              -79.4261965,
              43.6819692
            ],
            [
              -79.4262909,
              43.6821967
            ],
            [
              -79.4264036,
              43.6821723
            ],
            [
              -79.4279237,
              43.6818518
            ],
            [
              -79.4284854,
              43.6817336
            ],
            [
              -79.4290961,
              43.6816037
            ],
            [
              -79.4309509,
              43.6812138
            ],
            [
              -79.4320014,
              43.6809933
            ],
            [
              -79.4324146,
              43.6809065
            ],
            [
              -79.4324627,
              43.6808674
            ],
            [
              -79.4325339,
              43.6808364
            ],
            [
              -79.4327004,
              43.6808052
            ],
            [
              -79.4328187,
              43.6808166
            ],
            [
              -79.4338849,
              43.6805986
            ],
            [
              -79.4339505,
              43.6805871
            ],
            [
              -79.4339647,
              43.680584
            ],
            [
              -79.4349183,
              43.6803775
            ],
            [
              -79.435919,
              43.680162
            ],
            [
              -79.4368147,
              43.6799704
            ],
            [
              -79.437785,
              43.6797648
            ],
            [
              -79.4388607,
              43.6795317
            ],
            [
              -79.4399619,
              43.6792934
            ],
            [
              -79.4410558,
              43.679063
            ],
            [
              -79.4421862,
              43.678822
            ],
            [
              -79.4424533,
              43.6787664
            ],
            [
              -79.443252,
              43.6807109
            ],
            [
              -79.4435592,
              43.6814588
            ],
            [
              -79.4444315,
              43.6836201
            ],
            [
              -79.4449384,
              43.6848633
            ],
            [
              -79.4449525,
              43.6848962
            ],
            [
              -79.4457735,
              43.6847168
            ],
            [
              -79.4461745,
              43.6846289
            ],
            [
              -79.4467974,
              43.6844923
            ],
            [
              -79.447835,
              43.6842664
            ],
            [
              -79.4490052,
              43.6840122
            ],
            [
              -79.4502007,
              43.6837523
            ],
            [
              -79.451406,
              43.6834876
            ],
            [
              -79.4525997,
              43.6832268
            ],
            [
              -79.4563483,
              43.6824112
            ],
            [
              -79.4576327,
              43.6821312
            ],
            [
              -79.4589292,
              43.6818469
            ],
            [
              -79.4602133,
              43.681567
            ],
            [
              -79.4604432,
              43.68191
            ],
            [
              -79.4605121,
              43.681895
            ],
            [
              -79.4605608,
              43.6818927
            ],
            [
              -79.4608351,
              43.6818317
            ],
            [
              -79.4608879,
              43.6818207
            ],
            [
              -79.4609863,
              43.6817987
            ],
            [
              -79.4610663,
              43.681781
            ],
            [
              -79.4610975,
              43.6817743
            ],
            [
              -79.4611606,
              43.6817608
            ],
            [
              -79.4611505,
              43.6817358
            ],
            [
              -79.4611339,
              43.6816928
            ],
            [
              -79.461126,
              43.6816723
            ],
            [
              -79.4611829,
              43.6816608
            ],
            [
              -79.4616595,
              43.6815511
            ],
            [
              -79.4627094,
              43.6813233
            ],
            [
              -79.4637881,
              43.681091
            ],
            [
              -79.4642365,
              43.6809946
            ],
            [
              -79.4648685,
              43.6808586
            ],
            [
              -79.4654802,
              43.6807284
            ],
            [
              -79.4653322,
              43.6803651
            ],
            [
              -79.4660128,
              43.6802103
            ],
            [
              -79.4660907,
              43.6802047
            ],
            [
              -79.4683353,
              43.6797289
            ],
            [
              -79.4703882,
              43.6792941
            ],
            [
              -79.4704297,
              43.6792863
            ],
            [
              -79.4704809,
              43.6792767
            ],
            [
              -79.4705694,
              43.6794993
            ],
            [
              -79.4717824,
              43.6792441
            ],
            [
              -79.4724229,
              43.6792278
            ],
            [
              -79.4724917,
              43.6792257
            ],
            [
              -79.4726387,
              43.6792212
            ],
            [
              -79.4734542,
              43.6790236
            ],
            [
              -79.4738288,
              43.679388
            ],
            [
              -79.4744195,
              43.679248
            ],
            [
              -79.4748485,
              43.6791473
            ],
            [
              -79.476005,
              43.6788757
            ],
            [
              -79.4758416,
              43.6784866
            ],
            [
              -79.4757985,
              43.6783794
            ],
            [
              -79.4748858,
              43.6776699
            ],
            [
              -79.4736799,
              43.6767322
            ],
            [
              -79.4736595,
              43.6766613
            ],
            [
              -79.4736255,
              43.6765574
            ],
            [
              -79.4736596,
              43.6762953
            ],
            [
              -79.4738808,
              43.6756889
            ],
            [
              -79.4735037,
              43.6752109
            ],
            [
              -79.4741952,
              43.6749904
            ],
            [
              -79.4749579,
              43.6748208
            ],
            [
              -79.4750462,
              43.6748012
            ],
            [
              -79.4783691,
              43.6740866
            ],
            [
              -79.4782451,
              43.6737962
            ],
            [
              -79.478587,
              43.6737153
            ],
            [
              -79.4788428,
              43.673651
            ],
            [
              -79.478572,
              43.6730095
            ],
            [
              -79.4807813,
              43.6725164
            ],
            [
              -79.4804009,
              43.671575
            ],
            [
              -79.4802636,
              43.6712414
            ],
            [
              -79.480079,
              43.6707792
            ],
            [
              -79.4803007,
              43.6707302
            ],
            [
              -79.4812028,
              43.670531
            ],
            [
              -79.4817197,
              43.6704151
            ],
            [
              -79.4823865,
              43.6702665
            ],
            [
              -79.4833855,
              43.6700437
            ],
            [
              -79.4838865,
              43.6699263
            ],
            [
              -79.4839405,
              43.6699132
            ],
            [
              -79.4835523,
              43.668994
            ],
            [
              -79.4830919,
              43.6679265
            ],
            [
              -79.4828345,
              43.6672912
            ],
            [
              -79.4826443,
              43.6668273
            ],
            [
              -79.4821058,
              43.6655793
            ],
            [
              -79.4822677,
              43.6655819
            ],
            [
              -79.4822284,
              43.6654953
            ],
            [
              -79.4824269,
              43.6654909
            ],
            [
              -79.4823079,
              43.6651938
            ],
            [
              -79.4826774,
              43.6651051
            ],
            [
              -79.4823872,
              43.6644143
            ],
            [
              -79.4822685,
              43.6641317
            ],
            [
              -79.4822471,
              43.6641273
            ],
            [
              -79.4820585,
              43.6636752
            ],
            [
              -79.4818821,
              43.6632451
            ],
            [
              -79.4818658,
              43.6632501
            ],
            [
              -79.4818426,
              43.6631995
            ],
            [
              -79.4818589,
              43.6631962
            ],
            [
              -79.4814596,
              43.6622414
            ],
            [
              -79.4812437,
              43.6617235
            ],
            [
              -79.4812228,
              43.6617286
            ],
            [
              -79.4812042,
              43.6616746
            ],
            [
              -79.4812248,
              43.6616688
            ],
            [
              -79.4808097,
              43.6603268
            ],
            [
              -79.4802613,
              43.6604549
            ],
            [
              -79.4802497,
              43.6604228
            ],
            [
              -79.481056,
              43.6602425
            ],
            [
              -79.4814928,
              43.6601548
            ],
            [
              -79.4825696,
              43.6599374
            ],
            [
              -79.4827408,
              43.6599339
            ],
            [
              -79.4828794,
              43.6599327
            ],
            [
              -79.4840976,
              43.659663
            ],
            [
              -79.4854691,
              43.65936
            ],
            [
              -79.4855588,
              43.6593435
            ],
            [
              -79.4855458,
              43.6593115
            ],
            [
              -79.4860167,
              43.659219
            ],
            [
              -79.487747,
              43.6588441
            ],
            [
              -79.4883025,
              43.6587011
            ],
            [
              -79.4882518,
              43.6585586
            ],
            [
              -79.4881972,
              43.6584374
            ],
            [
              -79.4881098,
              43.6582256
            ],
            [
              -79.4880396,
              43.6580307
            ],
            [
              -79.4876006,
              43.6569522
            ],
            [
              -79.487315,
              43.6562153
            ],
            [
              -79.487195,
              43.6559459
            ],
            [
              -79.4870677,
              43.655619
            ],
            [
              -79.4870227,
              43.6554981
            ],
            [
              -79.4869818,
              43.6553914
            ],
            [
              -79.4867272,
              43.6547762
            ],
            [
              -79.4865129,
              43.654255
            ],
            [
              -79.4864094,
              43.6540041
            ],
            [
              -79.4862531,
              43.6536229
            ],
            [
              -79.4854437,
              43.6516609
            ],
            [
              -79.4851332,
              43.6509015
            ],
            [
              -79.4848217,
              43.6501567
            ],
            [
              -79.4844411,
              43.6493223
            ],
            [
              -79.4845498,
              43.6492889
            ],
            [
              -79.4846371,
              43.649252
            ],
            [
              -79.4847221,
              43.6492065
            ],
            [
              -79.4848668,
              43.6491057
            ],
            [
              -79.4852393,
              43.6487685
            ],
            [
              -79.4853343,
              43.6486843
            ],
            [
              -79.4854494,
              43.6485823
            ],
            [
              -79.4854831,
              43.6485524
            ],
            [
              -79.4855435,
              43.6484989
            ],
            [
              -79.4856502,
              43.6484027
            ],
            [
              -79.4856642,
              43.6483919
            ],
            [
              -79.4857035,
              43.6483534
            ],
            [
              -79.4857398,
              43.6483244
            ],
            [
              -79.4858825,
              43.6482374
            ],
            [
              -79.4861332,
              43.6481137
            ],
            [
              -79.4863395,
              43.6480348
            ],
            [
              -79.4865501,
              43.6479836
            ],
            [
              -79.486724,
              43.6479435
            ],
            [
              -79.4869835,
              43.6478887
            ],
            [
              -79.4873965,
              43.6478031
            ],
            [
              -79.4877262,
              43.6477558
            ],
            [
              -79.488046,
              43.6477381
            ],
            [
              -79.4881914,
              43.6477379
            ],
            [
              -79.4884722,
              43.6477502
            ],
            [
              -79.4887623,
              43.6477656
            ],
            [
              -79.4894152,
              43.6478021
            ],
            [
              -79.4896747,
              43.6478193
            ],
            [
              -79.4899262,
              43.6478453
            ],
            [
              -79.490169,
              43.6478931
            ],
            [
              -79.490441,
              43.6479627
            ],
            [
              -79.4908241,
              43.6480905
            ],
            [
              -79.4910836,
              43.6481794
            ],
            [
              -79.4912347,
              43.6482312
            ],
            [
              -79.4919737,
              43.6484747
            ],
            [
              -79.4920396,
              43.6483937
            ],
            [
              -79.492274,
              43.6481102
            ],
            [
              -79.492422,
              43.6478717
            ],
            [
              -79.4924914,
              43.6477253
            ],
            [
              -79.4926313,
              43.6474477
            ],
            [
              -79.4927731,
              43.6471274
            ],
            [
              -79.4927969,
              43.6469205
            ],
            [
              -79.492821,
              43.6467386
            ]
          ]
        ]
      }
    },
    {
      "type": "Feature",
      "properties": {
        "name": "Midtown Toronto",
        "osm_display": "Story of Midtown Toronto, Toronto—St. Paul's, Toronto, Golden Horseshoe, Ontario, Canada"
      },
      "geometry": {
        "type": "Polygon",
        "coordinates": [
          [
            [
              -79.3951667,
              43.71025
            ],
            [
              -79.3948718,
              43.709441
            ],
            [
              -79.394568,
              43.7094989
            ],
            [
              -79.3948629,
              43.7103079
            ],
            [
              -79.3951667,
              43.71025
            ]
          ]
        ]
      }
    },
    {
      "type": "Feature",
      "properties": {
        "name": "North York",
        "osm_display": "North York, Toronto, Golden Horseshoe, Ontario, Canada"
      },
      "geometry": {
        "type": "Polygon",
        "coordinates": [
          [
            [
              -79.585215,
              43.7565056
            ],
            [
              -79.5851246,
              43.7563024
            ],
            [
              -79.5849883,
              43.7561123
            ],
            [
              -79.5847961,
              43.7559515
            ],
            [
              -79.584597,
              43.7558261
            ],
            [
              -79.5844282,
              43.7556504
            ],
            [
              -79.5842478,
              43.7555537
            ],
            [
              -79.5841231,
              43.7553465
            ],
            [
              -79.5840285,
              43.7549966
            ],
            [
              -79.5841264,
              43.7547862
            ],
            [
              -79.5843035,
              43.75469
            ],
            [
              -79.5843465,
              43.7545628
            ],
            [
              -79.5842117,
              43.7542827
            ],
            [
              -79.5840393,
              43.7541407
            ],
            [
              -79.5836689,
              43.7540067
            ],
            [
              -79.5833394,
              43.7539155
            ],
            [
              -79.5831284,
              43.7537307
            ],
            [
              -79.5831141,
              43.7535043
            ],
            [
              -79.5831302,
              43.7532484
            ],
            [
              -79.5831544,
              43.7529977
            ],
            [
              -79.5831059,
              43.7527581
            ],
            [
              -79.5828583,
              43.7525575
            ],
            [
              -79.5826559,
              43.7524558
            ],
            [
              -79.5825576,
              43.7524064
            ],
            [
              -79.582235,
              43.752287
            ],
            [
              -79.5818584,
              43.7521727
            ],
            [
              -79.5814887,
              43.7520546
            ],
            [
              -79.5811138,
              43.7519316
            ],
            [
              -79.5807946,
              43.7518276
            ],
            [
              -79.5807545,
              43.7518146
            ],
            [
              -79.5803754,
              43.751708
            ],
            [
              -79.5800063,
              43.7515784
            ],
            [
              -79.5797226,
              43.7514049
            ],
            [
              -79.5794666,
              43.7511879
            ],
            [
              -79.5792038,
              43.7509711
            ],
            [
              -79.5789126,
              43.7508008
            ],
            [
              -79.5785734,
              43.7506641
            ],
            [
              -79.5782736,
              43.7504917
            ],
            [
              -79.5779308,
              43.7503795
            ],
            [
              -79.5778989,
              43.7503691
            ],
            [
              -79.5774989,
              43.7502846
            ],
            [
              -79.5771099,
              43.750201
            ],
            [
              -79.5767132,
              43.7501708
            ],
            [
              -79.57631,
              43.7501302
            ],
            [
              -79.5759325,
              43.7500798
            ],
            [
              -79.5752511,
              43.7499918
            ],
            [
              -79.5748724,
              43.7500075
            ],
            [
              -79.5744732,
              43.7500459
            ],
            [
              -79.574149,
              43.7500888
            ],
            [
              -79.573916,
              43.7501673
            ],
            [
              -79.5735695,
              43.7502922
            ],
            [
              -79.5732723,
              43.7503174
            ],
            [
              -79.5730453,
              43.7502647
            ],
            [
              -79.5729442,
              43.7502102
            ],
            [
              -79.5728187,
              43.7500836
            ],
            [
              -79.5727227,
              43.7499861
            ],
            [
              -79.5726596,
              43.7498409
            ],
            [
              -79.5726208,
              43.7496935
            ],
            [
              -79.5726193,
              43.7495773
            ],
            [
              -79.5726807,
              43.7494342
            ],
            [
              -79.5727901,
              43.7491536
            ],
            [
              -79.5729549,
              43.7488915
            ],
            [
              -79.5730398,
              43.7487856
            ],
            [
              -79.5731303,
              43.7486541
            ],
            [
              -79.5732233,
              43.7483486
            ],
            [
              -79.5733458,
              43.7480118
            ],
            [
              -79.5733823,
              43.7476944
            ],
            [
              -79.573308,
              43.7474264
            ],
            [
              -79.573118,
              43.7471744
            ],
            [
              -79.5731026,
              43.7471626
            ],
            [
              -79.5728515,
              43.7469705
            ],
            [
              -79.5724697,
              43.746849
            ],
            [
              -79.5720652,
              43.7468079
            ],
            [
              -79.5716628,
              43.7468181
            ],
            [
              -79.5712754,
              43.7468077
            ],
            [
              -79.570932,
              43.7467384
            ],
            [
              -79.5705789,
              43.7466475
            ],
            [
              -79.5701617,
              43.7465742
            ],
            [
              -79.5697469,
              43.7464662
            ],
            [
              -79.5693989,
              43.7463952
            ],
            [
              -79.5691307,
              43.7463744
            ],
            [
              -79.5686103,
              43.7462488
            ],
            [
              -79.5676411,
              43.7460739
            ],
            [
              -79.5672717,
              43.746017
            ],
            [
              -79.5668759,
              43.7459536
            ],
            [
              -79.5665173,
              43.7458938
            ],
            [
              -79.5661217,
              43.7458544
            ],
            [
              -79.5656828,
              43.7457791
            ],
            [
              -79.5652242,
              43.7456878
            ],
            [
              -79.5647999,
              43.7455584
            ],
            [
              -79.5643941,
              43.7454165
            ],
            [
              -79.5639849,
              43.745265
            ],
            [
              -79.5636821,
              43.7450496
            ],
            [
              -79.5634076,
              43.7448049
            ],
            [
              -79.5632405,
              43.7446981
            ],
            [
              -79.5627255,
              43.7444973
            ],
            [
              -79.5623559,
              43.7443216
            ],
            [
              -79.5621693,
              43.7440827
            ],
            [
              -79.5622427,
              43.7437704
            ],
            [
              -79.562452,
              43.7434576
            ],
            [
              -79.5624626,
              43.7431528
            ],
            [
              -79.5624398,
              43.7429739
            ],
            [
              -79.5622962,
              43.7428623
            ],
            [
              -79.5619402,
              43.7426736
            ],
            [
              -79.5615414,
              43.7425596
            ],
            [
              -79.5612982,
              43.7424926
            ],
            [
              -79.561086,
              43.7425215
            ],
            [
              -79.5605675,
              43.742592
            ],
            [
              -79.5604107,
              43.7426307
            ],
            [
              -79.5603056,
              43.742658
            ],
            [
              -79.5599996,
              43.7426392
            ],
            [
              -79.5596408,
              43.7425335
            ],
            [
              -79.5594284,
              43.742495
            ],
            [
              -79.5593221,
              43.7424905
            ],
            [
              -79.5591428,
              43.742551
            ],
            [
              -79.5589751,
              43.7426491
            ],
            [
              -79.5588561,
              43.7427696
            ],
            [
              -79.5587201,
              43.7428757
            ],
            [
              -79.5586018,
              43.7429283
            ],
            [
              -79.5584913,
              43.74293
            ],
            [
              -79.5582998,
              43.742722
            ],
            [
              -79.5582048,
              43.7424723
            ],
            [
              -79.5579976,
              43.7423099
            ],
            [
              -79.5577976,
              43.7421504
            ],
            [
              -79.5576897,
              43.7419535
            ],
            [
              -79.5577312,
              43.7418344
            ],
            [
              -79.5578154,
              43.7417315
            ],
            [
              -79.5580175,
              43.7417061
            ],
            [
              -79.5582428,
              43.741698
            ],
            [
              -79.5583479,
              43.7416598
            ],
            [
              -79.5584601,
              43.7414446
            ],
            [
              -79.5582215,
              43.7411235
            ],
            [
              -79.5578347,
              43.7409324
            ],
            [
              -79.557633,
              43.7409023
            ],
            [
              -79.5573675,
              43.7409028
            ],
            [
              -79.5571625,
              43.7410002
            ],
            [
              -79.5570616,
              43.7411603
            ],
            [
              -79.556895,
              43.7412959
            ],
            [
              -79.5568247,
              43.7413887
            ],
            [
              -79.5567969,
              43.7414215
            ],
            [
              -79.556797,
              43.7414922
            ],
            [
              -79.5567736,
              43.7416591
            ],
            [
              -79.5568729,
              43.7419554
            ],
            [
              -79.5569838,
              43.7422697
            ],
            [
              -79.5568994,
              43.7425845
            ],
            [
              -79.5567399,
              43.7428715
            ],
            [
              -79.5564629,
              43.7431101
            ],
            [
              -79.5560368,
              43.7432185
            ],
            [
              -79.5556333,
              43.7432357
            ],
            [
              -79.5552036,
              43.7432385
            ],
            [
              -79.5547559,
              43.7432188
            ],
            [
              -79.554354,
              43.7431863
            ],
            [
              -79.5538965,
              43.743276
            ],
            [
              -79.553545,
              43.7433715
            ],
            [
              -79.5532228,
              43.7434374
            ],
            [
              -79.5528848,
              43.7435373
            ],
            [
              -79.5525622,
              43.743736
            ],
            [
              -79.5525266,
              43.7437523
            ],
            [
              -79.5522561,
              43.7438767
            ],
            [
              -79.5520312,
              43.7440139
            ],
            [
              -79.5519418,
              43.7440684
            ],
            [
              -79.5515633,
              43.7441987
            ],
            [
              -79.5512129,
              43.7442468
            ],
            [
              -79.550799,
              43.744211
            ],
            [
              -79.5503739,
              43.7440842
            ],
            [
              -79.5500116,
              43.743869
            ],
            [
              -79.5497294,
              43.7436235
            ],
            [
              -79.5497201,
              43.7432881
            ],
            [
              -79.5498512,
              43.7429456
            ],
            [
              -79.5501148,
              43.7426982
            ],
            [
              -79.5503041,
              43.7425377
            ],
            [
              -79.5503576,
              43.7424407
            ],
            [
              -79.550335,
              43.7423726
            ],
            [
              -79.5502217,
              43.7422928
            ],
            [
              -79.549982,
              43.7422259
            ],
            [
              -79.5498003,
              43.7421966
            ],
            [
              -79.54974,
              43.7421868
            ],
            [
              -79.5494058,
              43.7421375
            ],
            [
              -79.5492606,
              43.7420109
            ],
            [
              -79.5491318,
              43.7417687
            ],
            [
              -79.548762,
              43.7416471
            ],
            [
              -79.5484787,
              43.7416527
            ],
            [
              -79.5482665,
              43.741759
            ],
            [
              -79.54801,
              43.7417944
            ],
            [
              -79.5476132,
              43.74178
            ],
            [
              -79.547363,
              43.7416588
            ],
            [
              -79.5470559,
              43.7413633
            ],
            [
              -79.546734,
              43.7411316
            ],
            [
              -79.546407,
              43.7409555
            ],
            [
              -79.5463963,
              43.7409431
            ],
            [
              -79.5461802,
              43.7406943
            ],
            [
              -79.5461724,
              43.7406609
            ],
            [
              -79.546151,
              43.7405692
            ],
            [
              -79.5461415,
              43.7405284
            ],
            [
              -79.5461046,
              43.7403703
            ],
            [
              -79.546186,
              43.7400633
            ],
            [
              -79.5464299,
              43.7397983
            ],
            [
              -79.5467794,
              43.7396132
            ],
            [
              -79.5469488,
              43.7395321
            ],
            [
              -79.5471282,
              43.73945
            ],
            [
              -79.5474836,
              43.7392491
            ],
            [
              -79.5475778,
              43.7392012
            ],
            [
              -79.5478395,
              43.7390681
            ],
            [
              -79.5482205,
              43.7389933
            ],
            [
              -79.5483611,
              43.73878
            ],
            [
              -79.5484885,
              43.738534
            ],
            [
              -79.5485832,
              43.7382452
            ],
            [
              -79.548878,
              43.7380328
            ],
            [
              -79.5492508,
              43.7378431
            ],
            [
              -79.5495196,
              43.7377782
            ],
            [
              -79.5497271,
              43.7378413
            ],
            [
              -79.5498334,
              43.7378802
            ],
            [
              -79.5498736,
              43.7378861
            ],
            [
              -79.5499498,
              43.737863
            ],
            [
              -79.5500319,
              43.7378064
            ],
            [
              -79.5501627,
              43.7376025
            ],
            [
              -79.5500565,
              43.7372013
            ],
            [
              -79.550212,
              43.7368952
            ],
            [
              -79.5503903,
              43.7366685
            ],
            [
              -79.5504997,
              43.7365601
            ],
            [
              -79.5505143,
              43.7364009
            ],
            [
              -79.5505039,
              43.736215
            ],
            [
              -79.5503715,
              43.7360552
            ],
            [
              -79.5501825,
              43.7359056
            ],
            [
              -79.5500147,
              43.7358654
            ],
            [
              -79.5498406,
              43.7359016
            ],
            [
              -79.5495793,
              43.7359468
            ],
            [
              -79.54943,
              43.7359469
            ],
            [
              -79.5491646,
              43.7359419
            ],
            [
              -79.5491107,
              43.7359049
            ],
            [
              -79.5490575,
              43.7358037
            ],
            [
              -79.5490958,
              43.7357086
            ],
            [
              -79.5492678,
              43.7354435
            ],
            [
              -79.5496133,
              43.7352527
            ],
            [
              -79.5500068,
              43.7350198
            ],
            [
              -79.5502965,
              43.7348603
            ],
            [
              -79.5504221,
              43.7347799
            ],
            [
              -79.5504967,
              43.7346994
            ],
            [
              -79.5505248,
              43.7346077
            ],
            [
              -79.550545,
              43.7344065
            ],
            [
              -79.5505289,
              43.7342312
            ],
            [
              -79.5504875,
              43.7341065
            ],
            [
              -79.5504675,
              43.7339558
            ],
            [
              -79.5504618,
              43.7338766
            ],
            [
              -79.5504607,
              43.7337394
            ],
            [
              -79.5504077,
              43.7335087
            ],
            [
              -79.550292,
              43.7333289
            ],
            [
              -79.5500475,
              43.7332502
            ],
            [
              -79.5495909,
              43.7331993
            ],
            [
              -79.5492512,
              43.7331669
            ],
            [
              -79.5489688,
              43.7329869
            ],
            [
              -79.5488766,
              43.7329172
            ],
            [
              -79.5487378,
              43.7328864
            ],
            [
              -79.5485468,
              43.7328174
            ],
            [
              -79.5482115,
              43.732592
            ],
            [
              -79.5481698,
              43.7325575
            ],
            [
              -79.5478095,
              43.7323991
            ],
            [
              -79.547603,
              43.7321949
            ],
            [
              -79.5474397,
              43.7319732
            ],
            [
              -79.5472716,
              43.7317273
            ],
            [
              -79.5468783,
              43.7315084
            ],
            [
              -79.5463611,
              43.7314082
            ],
            [
              -79.5458132,
              43.7313075
            ],
            [
              -79.5453964,
              43.7314251
            ],
            [
              -79.5450793,
              43.7315809
            ],
            [
              -79.544959,
              43.7318994
            ],
            [
              -79.5449484,
              43.73213
            ],
            [
              -79.5449114,
              43.7322561
            ],
            [
              -79.5448962,
              43.7323242
            ],
            [
              -79.5448022,
              43.7323725
            ],
            [
              -79.5445965,
              43.7324125
            ],
            [
              -79.5444137,
              43.7323904
            ],
            [
              -79.54408,
              43.7322823
            ],
            [
              -79.543887,
              43.7320528
            ],
            [
              -79.5438457,
              43.7317918
            ],
            [
              -79.5440096,
              43.7315532
            ],
            [
              -79.5442732,
              43.7313641
            ],
            [
              -79.544529,
              43.731159
            ],
            [
              -79.5448221,
              43.730972
            ],
            [
              -79.544876,
              43.7307832
            ],
            [
              -79.5445608,
              43.7305808
            ],
            [
              -79.5442449,
              43.7303784
            ],
            [
              -79.5439096,
              43.7302075
            ],
            [
              -79.5436181,
              43.7300097
            ],
            [
              -79.5432412,
              43.7298802
            ],
            [
              -79.5427876,
              43.7298208
            ],
            [
              -79.5423837,
              43.7297527
            ],
            [
              -79.5419969,
              43.7296825
            ],
            [
              -79.5415578,
              43.7296548
            ],
            [
              -79.5411635,
              43.7295525
            ],
            [
              -79.5408161,
              43.7295314
            ],
            [
              -79.5404334,
              43.7295593
            ],
            [
              -79.5401062,
              43.7297526
            ],
            [
              -79.5399576,
              43.729966
            ],
            [
              -79.5397875,
              43.7302001
            ],
            [
              -79.5395992,
              43.7304387
            ],
            [
              -79.5394395,
              43.7306728
            ],
            [
              -79.5392861,
              43.7308934
            ],
            [
              -79.5392677,
              43.7311301
            ],
            [
              -79.5393132,
              43.731393
            ],
            [
              -79.5394174,
              43.7316675
            ],
            [
              -79.5394944,
              43.7319555
            ],
            [
              -79.5392623,
              43.7321094
            ],
            [
              -79.5389254,
              43.7320773
            ],
            [
              -79.5386351,
              43.7319423
            ],
            [
              -79.5384659,
              43.7317804
            ],
            [
              -79.5384258,
              43.7316273
            ],
            [
              -79.5384645,
              43.7314113
            ],
            [
              -79.5385073,
              43.7311277
            ],
            [
              -79.5385355,
              43.7308307
            ],
            [
              -79.5385372,
              43.7305156
            ],
            [
              -79.538566,
              43.73016
            ],
            [
              -79.5386221,
              43.7298495
            ],
            [
              -79.5387444,
              43.7295434
            ],
            [
              -79.5388672,
              43.7292688
            ],
            [
              -79.5388018,
              43.7289582
            ],
            [
              -79.5386682,
              43.7286252
            ],
            [
              -79.538538,
              43.7282967
            ],
            [
              -79.53844,
              43.7279682
            ],
            [
              -79.5383179,
              43.7276217
            ],
            [
              -79.5382328,
              43.7272661
            ],
            [
              -79.5382822,
              43.726915
            ],
            [
              -79.5384833,
              43.7266449
            ],
            [
              -79.5388167,
              43.7264558
            ],
            [
              -79.5392002,
              43.7263296
            ],
            [
              -79.5396112,
              43.7262395
            ],
            [
              -79.5400433,
              43.7262618
            ],
            [
              -79.5404735,
              43.7262392
            ],
            [
              -79.540869,
              43.7261355
            ],
            [
              -79.5411482,
              43.7259329
            ],
            [
              -79.5412552,
              43.7257326
            ],
            [
              -79.541307,
              43.7256357
            ],
            [
              -79.5413424,
              43.7252892
            ],
            [
              -79.5412758,
              43.7249336
            ],
            [
              -79.5411305,
              43.7245826
            ],
            [
              -79.5409697,
              43.7242361
            ],
            [
              -79.5407678,
              43.7239211
            ],
            [
              -79.5407136,
              43.7235701
            ],
            [
              -79.5407134,
              43.7234269
            ],
            [
              -79.5407483,
              43.723309
            ],
            [
              -79.540756,
              43.7232505
            ],
            [
              -79.540742,
              43.7231875
            ],
            [
              -79.5407337,
              43.7229715
            ],
            [
              -79.540723,
              43.7226204
            ],
            [
              -79.540791,
              43.7222739
            ],
            [
              -79.5409669,
              43.7219543
            ],
            [
              -79.5412304,
              43.7216886
            ],
            [
              -79.5415576,
              43.7214545
            ],
            [
              -79.5417026,
              43.7213509
            ],
            [
              -79.5419189,
              43.7212023
            ],
            [
              -79.5422689,
              43.7209771
            ],
            [
              -79.5423626,
              43.720887
            ],
            [
              -79.5424328,
              43.7208196
            ],
            [
              -79.5425569,
              43.7206845
            ],
            [
              -79.5428068,
              43.7203694
            ],
            [
              -79.5429508,
              43.7200363
            ],
            [
              -79.543039,
              43.7197662
            ],
            [
              -79.5430774,
              43.7197257
            ],
            [
              -79.5431762,
              43.7195996
            ],
            [
              -79.5432343,
              43.7194826
            ],
            [
              -79.5433118,
              43.719325
            ],
            [
              -79.5434132,
              43.7191404
            ],
            [
              -79.5434578,
              43.7190684
            ],
            [
              -79.5434826,
              43.7190099
            ],
            [
              -79.5437068,
              43.7186272
            ],
            [
              -79.5437802,
              43.7184869
            ],
            [
              -79.5438528,
              43.7183481
            ],
            [
              -79.5439795,
              43.718141
            ],
            [
              -79.5440388,
              43.718042
            ],
            [
              -79.5440812,
              43.7177134
            ],
            [
              -79.543932,
              43.7174254
            ],
            [
              -79.5438591,
              43.7173534
            ],
            [
              -79.543856,
              43.7173489
            ],
            [
              -79.5436542,
              43.7171599
            ],
            [
              -79.5434401,
              43.7170022
            ],
            [
              -79.5431773,
              43.7168785
            ],
            [
              -79.5429481,
              43.7168079
            ],
            [
              -79.5426578,
              43.7167129
            ],
            [
              -79.5423614,
              43.716651
            ],
            [
              -79.5420558,
              43.7166444
            ],
            [
              -79.5417196,
              43.7167173
            ],
            [
              -79.5414507,
              43.7168145
            ],
            [
              -79.5411848,
              43.7168697
            ],
            [
              -79.540974,
              43.7168454
            ],
            [
              -79.540647,
              43.716746
            ],
            [
              -79.540482,
              43.7165715
            ],
            [
              -79.5403903,
              43.7163264
            ],
            [
              -79.5404239,
              43.7160304
            ],
            [
              -79.5405553,
              43.7157653
            ],
            [
              -79.5408212,
              43.7154959
            ],
            [
              -79.5407845,
              43.7152882
            ],
            [
              -79.5405767,
              43.7151182
            ],
            [
              -79.5403689,
              43.7150166
            ],
            [
              -79.5398498,
              43.7149919
            ],
            [
              -79.5394426,
              43.7149425
            ],
            [
              -79.5387277,
              43.7148332
            ],
            [
              -79.5382602,
              43.7146985
            ],
            [
              -79.5380585,
              43.7145439
            ],
            [
              -79.5379393,
              43.714323
            ],
            [
              -79.5379332,
              43.7139585
            ],
            [
              -79.5379179,
              43.7136935
            ],
            [
              -79.5378721,
              43.7134085
            ],
            [
              -79.5378446,
              43.7131413
            ],
            [
              -79.5378452,
              43.7129987
            ],
            [
              -79.5378904,
              43.7125338
            ],
            [
              -79.5379271,
              43.7123682
            ],
            [
              -79.5381234,
              43.7120984
            ],
            [
              -79.5381784,
              43.7120444
            ],
            [
              -79.5384059,
              43.7118283
            ],
            [
              -79.5387672,
              43.7116166
            ],
            [
              -79.5391308,
              43.711387
            ],
            [
              -79.5395315,
              43.7110605
            ],
            [
              -79.5396445,
              43.7107601
            ],
            [
              -79.5396384,
              43.7103558
            ],
            [
              -79.5395345,
              43.7099693
            ],
            [
              -79.5393909,
              43.7096578
            ],
            [
              -79.5391539,
              43.7093529
            ],
            [
              -79.5391281,
              43.7093198
            ],
            [
              -79.5387889,
              43.7089642
            ],
            [
              -79.5385047,
              43.7087831
            ],
            [
              -79.5379974,
              43.7085423
            ],
            [
              -79.5376826,
              43.7084164
            ],
            [
              -79.5373556,
              43.7083567
            ],
            [
              -79.5369431,
              43.7083412
            ],
            [
              -79.5364725,
              43.7083611
            ],
            [
              -79.5360935,
              43.7083103
            ],
            [
              -79.5359087,
              43.7082104
            ],
            [
              -79.53584,
              43.7081249
            ],
            [
              -79.5340232,
              43.7085575
            ],
            [
              -79.5323017,
              43.7089755
            ],
            [
              -79.5323029,
              43.7091149
            ],
            [
              -79.5325526,
              43.7099637
            ],
            [
              -79.5323504,
              43.7104518
            ],
            [
              -79.5311466,
              43.7106434
            ],
            [
              -79.530868,
              43.7106878
            ],
            [
              -79.5309043,
              43.7100466
            ],
            [
              -79.5308698,
              43.7096232
            ],
            [
              -79.5308131,
              43.7093032
            ],
            [
              -79.5308029,
              43.7092688
            ],
            [
              -79.5307882,
              43.7092223
            ],
            [
              -79.530773,
              43.7091761
            ],
            [
              -79.5307567,
              43.70913
            ],
            [
              -79.5307398,
              43.709084
            ],
            [
              -79.530722,
              43.7090382
            ],
            [
              -79.5307035,
              43.7089926
            ],
            [
              -79.5306842,
              43.708947
            ],
            [
              -79.5306641,
              43.7089018
            ],
            [
              -79.5306432,
              43.7088566
            ],
            [
              -79.5306217,
              43.7088116
            ],
            [
              -79.5305994,
              43.7087669
            ],
            [
              -79.5305762,
              43.7087224
            ],
            [
              -79.5305523,
              43.7086781
            ],
            [
              -79.5305277,
              43.7086339
            ],
            [
              -79.5305023,
              43.70859
            ],
            [
              -79.5304762,
              43.7085464
            ],
            [
              -79.5304493,
              43.7085029
            ],
            [
              -79.5304285,
              43.7084705
            ],
            [
              -79.5304216,
              43.7084598
            ],
            [
              -79.5304,
              43.708418
            ],
            [
              -79.5303766,
              43.7083764
            ],
            [
              -79.5303525,
              43.7083351
            ],
            [
              -79.5303275,
              43.708294
            ],
            [
              -79.5303018,
              43.7082532
            ],
            [
              -79.5302755,
              43.7082126
            ],
            [
              -79.5302483,
              43.7081722
            ],
            [
              -79.5302205,
              43.7081321
            ],
            [
              -79.5301919,
              43.7080924
            ],
            [
              -79.5301626,
              43.7080528
            ],
            [
              -79.5301327,
              43.7080135
            ],
            [
              -79.5301019,
              43.7079746
            ],
            [
              -79.5300705,
              43.7079359
            ],
            [
              -79.5300384,
              43.7078975
            ],
            [
              -79.5300056,
              43.7078594
            ],
            [
              -79.5299721,
              43.7078217
            ],
            [
              -79.529938,
              43.7077843
            ],
            [
              -79.5299032,
              43.7077471
            ],
            [
              -79.5298677,
              43.7077104
            ],
            [
              -79.5298316,
              43.707674
            ],
            [
              -79.5297947,
              43.7076379
            ],
            [
              -79.5297573,
              43.7076022
            ],
            [
              -79.5297192,
              43.7075668
            ],
            [
              -79.5296805,
              43.7075318
            ],
            [
              -79.5296411,
              43.7074971
            ],
            [
              -79.5296012,
              43.7074628
            ],
            [
              -79.5295606,
              43.707429
            ],
            [
              -79.5295194,
              43.7073956
            ],
            [
              -79.5294776,
              43.7073624
            ],
            [
              -79.5294352,
              43.7073297
            ],
            [
              -79.5293923,
              43.7072975
            ],
            [
              -79.5293487,
              43.7072655
            ],
            [
              -79.5293046,
              43.7072341
            ],
            [
              -79.5292599,
              43.7072031
            ],
            [
              -79.5292146,
              43.7071724
            ],
            [
              -79.5291688,
              43.7071422
            ],
            [
              -79.5291225,
              43.7071125
            ],
            [
              -79.5290757,
              43.7070832
            ],
            [
              -79.5290283,
              43.7070544
            ],
            [
              -79.5289804,
              43.7070259
            ],
            [
              -79.528932,
              43.7069979
            ],
            [
              -79.5288831,
              43.7069705
            ],
            [
              -79.5288337,
              43.7069435
            ],
            [
              -79.5287838,
              43.7069169
            ],
            [
              -79.5287334,
              43.7068909
            ],
            [
              -79.5286826,
              43.7068652
            ],
            [
              -79.5286313,
              43.7068401
            ],
            [
              -79.5285796,
              43.7068155
            ],
            [
              -79.5285274,
              43.7067914
            ],
            [
              -79.5284748,
              43.7067678
            ],
            [
              -79.5283824,
              43.7067342
            ],
            [
              -79.5282896,
              43.7067011
            ],
            [
              -79.5281965,
              43.7066686
            ],
            [
              -79.5281031,
              43.7066365
            ],
            [
              -79.5280092,
              43.7066051
            ],
            [
              -79.5279152,
              43.706574
            ],
            [
              -79.5278207,
              43.7065437
            ],
            [
              -79.5277259,
              43.7065137
            ],
            [
              -79.5275354,
              43.7064554
            ],
            [
              -79.5274397,
              43.7064271
            ],
            [
              -79.5273438,
              43.7063993
            ],
            [
              -79.5264104,
              43.7061187
            ],
            [
              -79.5260725,
              43.7060457
            ],
            [
              -79.5254657,
              43.7058801
            ],
            [
              -79.5243637,
              43.7061472
            ],
            [
              -79.5231158,
              43.7064519
            ],
            [
              -79.5237239,
              43.7075593
            ],
            [
              -79.5232057,
              43.7076925
            ],
            [
              -79.5223409,
              43.707884
            ],
            [
              -79.5222383,
              43.7076945
            ],
            [
              -79.5208478,
              43.7080485
            ],
            [
              -79.5205144,
              43.7072775
            ],
            [
              -79.5202919,
              43.706896
            ],
            [
              -79.5191709,
              43.7071451
            ],
            [
              -79.5173437,
              43.7075197
            ],
            [
              -79.5172038,
              43.7075637
            ],
            [
              -79.5169471,
              43.707631
            ],
            [
              -79.516904,
              43.7076423
            ],
            [
              -79.5157488,
              43.7079173
            ],
            [
              -79.5146082,
              43.708179
            ],
            [
              -79.5134717,
              43.7084387
            ],
            [
              -79.5123319,
              43.7087062
            ],
            [
              -79.5115338,
              43.7088878
            ],
            [
              -79.5114741,
              43.7089
            ],
            [
              -79.5114339,
              43.7089014
            ],
            [
              -79.5092966,
              43.7094268
            ],
            [
              -79.5089297,
              43.7094993
            ],
            [
              -79.5077789,
              43.7097521
            ],
            [
              -79.5063084,
              43.7101043
            ],
            [
              -79.5062001,
              43.7101449
            ],
            [
              -79.5057916,
              43.7102098
            ],
            [
              -79.5055699,
              43.709254
            ],
            [
              -79.5053484,
              43.7084232
            ],
            [
              -79.5051182,
              43.7075598
            ],
            [
              -79.5050608,
              43.7073756
            ],
            [
              -79.5045056,
              43.7055048
            ],
            [
              -79.5042522,
              43.704482
            ],
            [
              -79.5037858,
              43.7028967
            ],
            [
              -79.5036452,
              43.7022877
            ],
            [
              -79.5034585,
              43.7015807
            ],
            [
              -79.5032512,
              43.7008567
            ],
            [
              -79.5028972,
              43.6995619
            ],
            [
              -79.5048237,
              43.6991001
            ],
            [
              -79.5050037,
              43.6990607
            ],
            [
              -79.5052686,
              43.6990027
            ],
            [
              -79.5080395,
              43.6983959
            ],
            [
              -79.5082498,
              43.6983499
            ],
            [
              -79.5053581,
              43.6969253
            ],
            [
              -79.50381,
              43.6972749
            ],
            [
              -79.5031403,
              43.6974303
            ],
            [
              -79.5029261,
              43.6974787
            ],
            [
              -79.5023828,
              43.6976023
            ],
            [
              -79.5021961,
              43.6967717
            ],
            [
              -79.5029476,
              43.6966141
            ],
            [
              -79.5041543,
              43.6963612
            ],
            [
              -79.5029691,
              43.6957503
            ],
            [
              -79.5029602,
              43.6957457
            ],
            [
              -79.5017864,
              43.6951186
            ],
            [
              -79.5000684,
              43.6942448
            ],
            [
              -79.4976474,
              43.6929935
            ],
            [
              -79.493844,
              43.6938063
            ],
            [
              -79.4898142,
              43.6946387
            ],
            [
              -79.4887212,
              43.6948634
            ],
            [
              -79.487739,
              43.6950652
            ],
            [
              -79.487338,
              43.6951453
            ],
            [
              -79.4865552,
              43.6952772
            ],
            [
              -79.4854659,
              43.6954766
            ],
            [
              -79.483518,
              43.6959142
            ],
            [
              -79.4804392,
              43.6966172
            ],
            [
              -79.4755573,
              43.6976979
            ],
            [
              -79.4746067,
              43.6978742
            ],
            [
              -79.4743736,
              43.6979305
            ],
            [
              -79.4742875,
              43.6979513
            ],
            [
              -79.4688056,
              43.6992748
            ],
            [
              -79.4671057,
              43.6996821
            ],
            [
              -79.4670873,
              43.6996861
            ],
            [
              -79.4639607,
              43.7003689
            ],
            [
              -79.4603761,
              43.7011622
            ],
            [
              -79.4600178,
              43.7012428
            ],
            [
              -79.4571473,
              43.7018932
            ],
            [
              -79.4563544,
              43.7020785
            ],
            [
              -79.4560218,
              43.7021551
            ],
            [
              -79.4559051,
              43.7021818
            ],
            [
              -79.4555341,
              43.7022616
            ],
            [
              -79.4491811,
              43.7036609
            ],
            [
              -79.447277,
              43.7040823
            ],
            [
              -79.445664,
              43.704442
            ],
            [
              -79.4448548,
              43.7046224
            ],
            [
              -79.4422825,
              43.7051903
            ],
            [
              -79.4410189,
              43.7054194
            ],
            [
              -79.4401135,
              43.705594
            ],
            [
              -79.4396906,
              43.7056184
            ],
            [
              -79.43903,
              43.7057638
            ],
            [
              -79.4387826,
              43.705818
            ],
            [
              -79.438547,
              43.7058697
            ],
            [
              -79.4385014,
              43.7058794
            ],
            [
              -79.4379725,
              43.7059923
            ],
            [
              -79.4361611,
              43.7063864
            ],
            [
              -79.4342926,
              43.7067792
            ],
            [
              -79.4313147,
              43.7074021
            ],
            [
              -79.4272852,
              43.7082448
            ],
            [
              -79.4271561,
              43.7082947
            ],
            [
              -79.4270121,
              43.708346
            ],
            [
              -79.4267219,
              43.7084082
            ],
            [
              -79.4260147,
              43.7085558
            ],
            [
              -79.4242528,
              43.7089266
            ],
            [
              -79.4212912,
              43.7095496
            ],
            [
              -79.4193325,
              43.7099632
            ],
            [
              -79.4195392,
              43.7104676
            ],
            [
              -79.4198963,
              43.71135
            ],
            [
              -79.4202486,
              43.712217
            ],
            [
              -79.4206173,
              43.7131051
            ],
            [
              -79.4210499,
              43.71405
            ],
            [
              -79.4211202,
              43.7142036
            ],
            [
              -79.4215491,
              43.7153082
            ],
            [
              -79.4219662,
              43.7163845
            ],
            [
              -79.4222211,
              43.7170392
            ],
            [
              -79.4204854,
              43.717386
            ],
            [
              -79.4203404,
              43.7174113
            ],
            [
              -79.4184651,
              43.7177857
            ],
            [
              -79.4172653,
              43.7180217
            ],
            [
              -79.4167596,
              43.7181224
            ],
            [
              -79.4151818,
              43.7184367
            ],
            [
              -79.4146758,
              43.7185355
            ],
            [
              -79.4135028,
              43.7187704
            ],
            [
              -79.4139892,
              43.7213953
            ],
            [
              -79.4141067,
              43.7220295
            ],
            [
              -79.4142077,
              43.7225747
            ],
            [
              -79.4143537,
              43.7233441
            ],
            [
              -79.4144996,
              43.7241217
            ],
            [
              -79.414567,
              43.7244992
            ],
            [
              -79.4147446,
              43.7249342
            ],
            [
              -79.4150969,
              43.7258207
            ],
            [
              -79.415433,
              43.726637
            ],
            [
              -79.4157373,
              43.7273885
            ],
            [
              -79.4158785,
              43.7277464
            ],
            [
              -79.4160168,
              43.728304
            ],
            [
              -79.4161578,
              43.7288478
            ],
            [
              -79.4162443,
              43.7293183
            ],
            [
              -79.4164337,
              43.7303524
            ],
            [
              -79.4164369,
              43.7303699
            ],
            [
              -79.4165175,
              43.7308098
            ],
            [
              -79.4166233,
              43.7313869
            ],
            [
              -79.4167731,
              43.7321991
            ],
            [
              -79.4169033,
              43.7329116
            ],
            [
              -79.4169112,
              43.7329548
            ],
            [
              -79.4169837,
              43.7333463
            ],
            [
              -79.4163548,
              43.7334853
            ],
            [
              -79.4163281,
              43.7334912
            ],
            [
              -79.4124392,
              43.7343516
            ],
            [
              -79.4112365,
              43.7346174
            ],
            [
              -79.4101307,
              43.7348609
            ],
            [
              -79.4088427,
              43.7351437
            ],
            [
              -79.408241,
              43.7352779
            ],
            [
              -79.4050353,
              43.7359886
            ],
            [
              -79.4049358,
              43.7360196
            ],
            [
              -79.4045552,
              43.7342711
            ],
            [
              -79.4034252,
              43.7345195
            ],
            [
              -79.4020398,
              43.7348217
            ],
            [
              -79.399992,
              43.7352683
            ],
            [
              -79.399939,
              43.7347292
            ],
            [
              -79.3985102,
              43.7346928
            ],
            [
              -79.3954574,
              43.7341633
            ],
            [
              -79.39127,
              43.732448
            ],
            [
              -79.3907649,
              43.7304499
            ],
            [
              -79.3906511,
              43.7299997
            ],
            [
              -79.3904328,
              43.7291644
            ],
            [
              -79.3902843,
              43.7285706
            ],
            [
              -79.3903007,
              43.7284506
            ],
            [
              -79.3902237,
              43.7283315
            ],
            [
              -79.3901671,
              43.7281124
            ],
            [
              -79.3900798,
              43.7276908
            ],
            [
              -79.389879,
              43.7267046
            ],
            [
              -79.3896635,
              43.7256823
            ],
            [
              -79.3894586,
              43.7246791
            ],
            [
              -79.3892539,
              43.7236881
            ],
            [
              -79.3890493,
              43.7226909
            ],
            [
              -79.3888362,
              43.7216793
            ],
            [
              -79.3887829,
              43.7214187
            ],
            [
              -79.3882953,
              43.7190817
            ],
            [
              -79.3882678,
              43.7189552
            ],
            [
              -79.3881932,
              43.7186716
            ],
            [
              -79.3873881,
              43.7156094
            ],
            [
              -79.387351,
              43.7154671
            ],
            [
              -79.3870971,
              43.7148124
            ],
            [
              -79.3866422,
              43.7136402
            ],
            [
              -79.3866145,
              43.7135689
            ],
            [
              -79.3864245,
              43.7130798
            ],
            [
              -79.3863772,
              43.7130836
            ],
            [
              -79.386214,
              43.7126626
            ],
            [
              -79.3860263,
              43.7121787
            ],
            [
              -79.3857124,
              43.711363
            ],
            [
              -79.3846243,
              43.7115932
            ],
            [
              -79.3844826,
              43.7116147
            ],
            [
              -79.3839694,
              43.7117105
            ],
            [
              -79.383828,
              43.7116992
            ],
            [
              -79.3829553,
              43.7118827
            ],
            [
              -79.3819846,
              43.7120862
            ],
            [
              -79.3814967,
              43.7121888
            ],
            [
              -79.3815135,
              43.7122329
            ],
            [
              -79.38105,
              43.7123247
            ],
            [
              -79.3800607,
              43.7125206
            ],
            [
              -79.378987,
              43.7127329
            ],
            [
              -79.3789247,
              43.7127708
            ],
            [
              -79.3788709,
              43.7127912
            ],
            [
              -79.3774928,
              43.7130997
            ],
            [
              -79.3775524,
              43.7134408
            ],
            [
              -79.3776255,
              43.7138594
            ],
            [
              -79.3779842,
              43.7160803
            ],
            [
              -79.3780957,
              43.716726
            ],
            [
              -79.3739476,
              43.7175478
            ],
            [
              -79.3718362,
              43.717966
            ],
            [
              -79.3694066,
              43.7184805
            ],
            [
              -79.3669233,
              43.7189372
            ],
            [
              -79.3657554,
              43.7191654
            ],
            [
              -79.3621291,
              43.7200117
            ],
            [
              -79.3532369,
              43.7217201
            ],
            [
              -79.3531318,
              43.7209414
            ],
            [
              -79.352944,
              43.719996
            ],
            [
              -79.3527144,
              43.7177859
            ],
            [
              -79.3526688,
              43.7177138
            ],
            [
              -79.3526389,
              43.7174257
            ],
            [
              -79.3526997,
              43.7172953
            ],
            [
              -79.3526309,
              43.7162418
            ],
            [
              -79.3517949,
              43.716484
            ],
            [
              -79.3513788,
              43.715731
            ],
            [
              -79.3511669,
              43.7157155
            ],
            [
              -79.350959,
              43.7157233
            ],
            [
              -79.3507031,
              43.7157397
            ],
            [
              -79.3503415,
              43.7157817
            ],
            [
              -79.3500322,
              43.7158263
            ],
            [
              -79.349917,
              43.7158619
            ],
            [
              -79.349868,
              43.7158982
            ],
            [
              -79.3498418,
              43.7159481
            ],
            [
              -79.3498055,
              43.7160365
            ],
            [
              -79.3497339,
              43.7161057
            ],
            [
              -79.349652,
              43.7161574
            ],
            [
              -79.3495295,
              43.7161946
            ],
            [
              -79.3493939,
              43.7162006
            ],
            [
              -79.3492615,
              43.7162255
            ],
            [
              -79.3489976,
              43.7162859
            ],
            [
              -79.3487886,
              43.7163273
            ],
            [
              -79.3486932,
              43.7163325
            ],
            [
              -79.3486208,
              43.7163257
            ],
            [
              -79.3485477,
              43.7162989
            ],
            [
              -79.348233,
              43.7162048
            ],
            [
              -79.3482144,
              43.7161949
            ],
            [
              -79.34802,
              43.7161658
            ],
            [
              -79.3477968,
              43.7161377
            ],
            [
              -79.347623,
              43.7161241
            ],
            [
              -79.3475425,
              43.716126
            ],
            [
              -79.3474719,
              43.7161368
            ],
            [
              -79.3473367,
              43.7161454
            ],
            [
              -79.3471138,
              43.7161182
            ],
            [
              -79.3469558,
              43.7160984
            ],
            [
              -79.3467657,
              43.7160922
            ],
            [
              -79.3468966,
              43.7156831
            ],
            [
              -79.3469274,
              43.7154049
            ],
            [
              -79.3467379,
              43.7151788
            ],
            [
              -79.3463789,
              43.7150968
            ],
            [
              -79.3460099,
              43.7150444
            ],
            [
              -79.3458246,
              43.7150791
            ],
            [
              -79.3456247,
              43.715062
            ],
            [
              -79.3454351,
              43.7150635
            ],
            [
              -79.345301,
              43.715102
            ],
            [
              -79.3451681,
              43.7151737
            ],
            [
              -79.3450762,
              43.7152289
            ],
            [
              -79.3450199,
              43.7152459
            ],
            [
              -79.3449602,
              43.7152434
            ],
            [
              -79.3449091,
              43.7152276
            ],
            [
              -79.3448757,
              43.7152056
            ],
            [
              -79.3448442,
              43.7151635
            ],
            [
              -79.3448252,
              43.7150312
            ],
            [
              -79.3447859,
              43.7148378
            ],
            [
              -79.3447622,
              43.7147652
            ],
            [
              -79.3447141,
              43.7147001
            ],
            [
              -79.3446048,
              43.7146206
            ],
            [
              -79.3443858,
              43.7144644
            ],
            [
              -79.3442937,
              43.7144195
            ],
            [
              -79.3441288,
              43.7143718
            ],
            [
              -79.3438022,
              43.7142742
            ],
            [
              -79.3436493,
              43.7142082
            ],
            [
              -79.3435311,
              43.7141402
            ],
            [
              -79.3434459,
              43.714089
            ],
            [
              -79.3433514,
              43.7139245
            ],
            [
              -79.3432931,
              43.713823
            ],
            [
              -79.3431021,
              43.713573
            ],
            [
              -79.3428619,
              43.713363
            ],
            [
              -79.3427454,
              43.7133067
            ],
            [
              -79.3426421,
              43.713282
            ],
            [
              -79.3425014,
              43.7132802
            ],
            [
              -79.3422867,
              43.7132757
            ],
            [
              -79.3421701,
              43.7132359
            ],
            [
              -79.3420883,
              43.713192
            ],
            [
              -79.3418289,
              43.7129535
            ],
            [
              -79.3417743,
              43.7129279
            ],
            [
              -79.3416564,
              43.7128632
            ],
            [
              -79.3414995,
              43.7127925
            ],
            [
              -79.3413171,
              43.7127386
            ],
            [
              -79.3411074,
              43.7127014
            ],
            [
              -79.3409275,
              43.7126945
            ],
            [
              -79.340787,
              43.712696
            ],
            [
              -79.3406385,
              43.7127197
            ],
            [
              -79.3405326,
              43.7127532
            ],
            [
              -79.3404442,
              43.7127981
            ],
            [
              -79.3403387,
              43.712907
            ],
            [
              -79.3402546,
              43.7129813
            ],
            [
              -79.3401665,
              43.7130212
            ],
            [
              -79.3400753,
              43.7130444
            ],
            [
              -79.3399733,
              43.7130513
            ],
            [
              -79.3398908,
              43.7130416
            ],
            [
              -79.3397621,
              43.7130013
            ],
            [
              -79.3396541,
              43.7129412
            ],
            [
              -79.3395796,
              43.7128722
            ],
            [
              -79.3395214,
              43.7127813
            ],
            [
              -79.339493,
              43.7126781
            ],
            [
              -79.3394995,
              43.7125764
            ],
            [
              -79.3395194,
              43.7125186
            ],
            [
              -79.3395522,
              43.7124633
            ],
            [
              -79.3395978,
              43.7124226
            ],
            [
              -79.3396588,
              43.7123911
            ],
            [
              -79.3397641,
              43.7123538
            ],
            [
              -79.3398057,
              43.7123247
            ],
            [
              -79.3398406,
              43.7122908
            ],
            [
              -79.3399088,
              43.7122009
            ],
            [
              -79.3400238,
              43.7120206
            ],
            [
              -79.3401329,
              43.7119074
            ],
            [
              -79.3402664,
              43.7117887
            ],
            [
              -79.3403225,
              43.7117062
            ],
            [
              -79.340322,
              43.7115371
            ],
            [
              -79.3402854,
              43.7113984
            ],
            [
              -79.3401964,
              43.7112156
            ],
            [
              -79.3399882,
              43.7109812
            ],
            [
              -79.3399083,
              43.7108904
            ],
            [
              -79.3398255,
              43.7108169
            ],
            [
              -79.3397212,
              43.710748
            ],
            [
              -79.3396279,
              43.7107013
            ],
            [
              -79.3394656,
              43.7106579
            ],
            [
              -79.3393802,
              43.7106033
            ],
            [
              -79.3393752,
              43.7105415
            ],
            [
              -79.3394417,
              43.7104539
            ],
            [
              -79.3395052,
              43.7103673
            ],
            [
              -79.3395267,
              43.7103195
            ],
            [
              -79.3395187,
              43.7102759
            ],
            [
              -79.3394825,
              43.7102129
            ],
            [
              -79.339394,
              43.710146
            ],
            [
              -79.3392694,
              43.7100937
            ],
            [
              -79.3390138,
              43.7100018
            ],
            [
              -79.3388466,
              43.7099448
            ],
            [
              -79.3385964,
              43.7098069
            ],
            [
              -79.338344,
              43.7095948
            ],
            [
              -79.3382617,
              43.7095257
            ],
            [
              -79.3381387,
              43.7093889
            ],
            [
              -79.3380757,
              43.7092493
            ],
            [
              -79.3380569,
              43.7091495
            ],
            [
              -79.3380164,
              43.7090644
            ],
            [
              -79.3379014,
              43.7088951
            ],
            [
              -79.3378745,
              43.7088461
            ],
            [
              -79.3378718,
              43.7087636
            ],
            [
              -79.3378906,
              43.7086798
            ],
            [
              -79.3378638,
              43.7085891
            ],
            [
              -79.3378101,
              43.7085154
            ],
            [
              -79.33779,
              43.7084544
            ],
            [
              -79.3378034,
              43.7082585
            ],
            [
              -79.3377719,
              43.7081354
            ],
            [
              -79.3378115,
              43.7079328
            ],
            [
              -79.3378784,
              43.7077321
            ],
            [
              -79.333869,
              43.7085881
            ],
            [
              -79.333858,
              43.7085905
            ],
            [
              -79.3314657,
              43.7091194
            ],
            [
              -79.3313545,
              43.7091441
            ],
            [
              -79.3293913,
              43.7095802
            ],
            [
              -79.3290196,
              43.7096741
            ],
            [
              -79.3271083,
              43.7101032
            ],
            [
              -79.3235316,
              43.7108808
            ],
            [
              -79.3219167,
              43.7112428
            ],
            [
              -79.3203319,
              43.7115914
            ],
            [
              -79.3199009,
              43.7116672
            ],
            [
              -79.3194457,
              43.7125666
            ],
            [
              -79.3194068,
              43.7126007
            ],
            [
              -79.3192968,
              43.7126969
            ],
            [
              -79.3193438,
              43.7133046
            ],
            [
              -79.3195366,
              43.7134219
            ],
            [
              -79.3195053,
              43.7156408
            ],
            [
              -79.3168834,
              43.7162174
            ],
            [
              -79.3133486,
              43.7169948
            ],
            [
              -79.3119922,
              43.7172806
            ],
            [
              -79.3111979,
              43.7154611
            ],
            [
              -79.3100659,
              43.7157023
            ],
            [
              -79.3090195,
              43.7159346
            ],
            [
              -79.3048153,
              43.7168593
            ],
            [
              -79.3048421,
              43.7167198
            ],
            [
              -79.3048712,
              43.7165938
            ],
            [
              -79.3048904,
              43.7164318
            ],
            [
              -79.3049118,
              43.7162743
            ],
            [
              -79.3049235,
              43.7161438
            ],
            [
              -79.3049426,
              43.7159954
            ],
            [
              -79.3049645,
              43.7159234
            ],
            [
              -79.3049912,
              43.7158469
            ],
            [
              -79.3050194,
              43.7157479
            ],
            [
              -79.3050589,
              43.71564
            ],
            [
              -79.3050996,
              43.7155411
            ],
            [
              -79.3051535,
              43.7154151
            ],
            [
              -79.3052046,
              43.7153162
            ],
            [
              -79.3052717,
              43.7152083
            ],
            [
              -79.3053418,
              43.7151094
            ],
            [
              -79.3037581,
              43.7154218
            ],
            [
              -79.3017856,
              43.7158235
            ],
            [
              -79.2991645,
              43.7163816
            ],
            [
              -79.2995054,
              43.7172124
            ],
            [
              -79.299616,
              43.7174715
            ],
            [
              -79.2996649,
              43.7175861
            ],
            [
              -79.2997808,
              43.7178577
            ],
            [
              -79.3000018,
              43.7183786
            ],
            [
              -79.3000429,
              43.7184755
            ],
            [
              -79.3001732,
              43.7187827
            ],
            [
              -79.3005833,
              43.7197359
            ],
            [
              -79.3010442,
              43.720807
            ],
            [
              -79.3013458,
              43.7215051
            ],
            [
              -79.3013854,
              43.7215962
            ],
            [
              -79.3014997,
              43.721877
            ],
            [
              -79.3015235,
              43.7219384
            ],
            [
              -79.3015958,
              43.722125
            ],
            [
              -79.3016891,
              43.7223409
            ],
            [
              -79.3017304,
              43.7224333
            ],
            [
              -79.30176,
              43.7224998
            ],
            [
              -79.3018077,
              43.7226072
            ],
            [
              -79.3026222,
              43.7246051
            ],
            [
              -79.303709,
              43.7272594
            ],
            [
              -79.3042379,
              43.7285355
            ],
            [
              -79.3043873,
              43.7288937
            ],
            [
              -79.304514,
              43.7292046
            ],
            [
              -79.3045666,
              43.7293309
            ],
            [
              -79.3046202,
              43.7294634
            ],
            [
              -79.3048027,
              43.7299117
            ],
            [
              -79.3049639,
              43.730294
            ],
            [
              -79.3050012,
              43.7303849
            ],
            [
              -79.3050348,
              43.7304703
            ],
            [
              -79.3050783,
              43.7305862
            ],
            [
              -79.3052085,
              43.7308944
            ],
            [
              -79.3053786,
              43.7312967
            ],
            [
              -79.305436,
              43.731433
            ],
            [
              -79.3054519,
              43.7314721
            ],
            [
              -79.3055065,
              43.731606
            ],
            [
              -79.305584,
              43.7318009
            ],
            [
              -79.3056134,
              43.7318734
            ],
            [
              -79.3056574,
              43.7319792
            ],
            [
              -79.3057404,
              43.7321877
            ],
            [
              -79.3057792,
              43.732285
            ],
            [
              -79.3058723,
              43.7325082
            ],
            [
              -79.3058856,
              43.7325401
            ],
            [
              -79.3059755,
              43.7327669
            ],
            [
              -79.3061522,
              43.7331957
            ],
            [
              -79.3062248,
              43.733371
            ],
            [
              -79.3064294,
              43.7338706
            ],
            [
              -79.3065218,
              43.7340895
            ],
            [
              -79.3067597,
              43.7346594
            ],
            [
              -79.306937,
              43.7351017
            ],
            [
              -79.3069684,
              43.7351806
            ],
            [
              -79.3070589,
              43.7354003
            ],
            [
              -79.3070889,
              43.7354773
            ],
            [
              -79.3072358,
              43.7358365
            ],
            [
              -79.307284,
              43.735951
            ],
            [
              -79.3073127,
              43.7360174
            ],
            [
              -79.3074095,
              43.7362848
            ],
            [
              -79.3074279,
              43.7363409
            ],
            [
              -79.3074726,
              43.7364567
            ],
            [
              -79.3074836,
              43.7364861
            ],
            [
              -79.3075519,
              43.7366541
            ],
            [
              -79.3075986,
              43.7367503
            ],
            [
              -79.3076137,
              43.7367753
            ],
            [
              -79.3076308,
              43.7368079
            ],
            [
              -79.308087,
              43.7379085
            ],
            [
              -79.308171,
              43.7381243
            ],
            [
              -79.3082093,
              43.7382148
            ],
            [
              -79.3082288,
              43.7382599
            ],
            [
              -79.3082428,
              43.7382925
            ],
            [
              -79.3082781,
              43.7383749
            ],
            [
              -79.3083402,
              43.7385129
            ],
            [
              -79.308379,
              43.7386091
            ],
            [
              -79.3084519,
              43.7387832
            ],
            [
              -79.3085545,
              43.7390456
            ],
            [
              -79.3085984,
              43.739154
            ],
            [
              -79.3086296,
              43.7392272
            ],
            [
              -79.3086817,
              43.7393434
            ],
            [
              -79.3087404,
              43.7395012
            ],
            [
              -79.3088564,
              43.7397826
            ],
            [
              -79.3089246,
              43.739952
            ],
            [
              -79.3089394,
              43.7399877
            ],
            [
              -79.3090578,
              43.7402697
            ],
            [
              -79.309316,
              43.7409217
            ],
            [
              -79.309381,
              43.74108
            ],
            [
              -79.3095145,
              43.7414127
            ],
            [
              -79.309565,
              43.7415361
            ],
            [
              -79.309797,
              43.742143
            ],
            [
              -79.3099929,
              43.7426556
            ],
            [
              -79.310043,
              43.7428055
            ],
            [
              -79.3101062,
              43.7429944
            ],
            [
              -79.3101659,
              43.7431731
            ],
            [
              -79.3104094,
              43.7439015
            ],
            [
              -79.3105647,
              43.7443661
            ],
            [
              -79.3106194,
              43.7445154
            ],
            [
              -79.3107063,
              43.7447647
            ],
            [
              -79.3108806,
              43.7452552
            ],
            [
              -79.3108853,
              43.7454
            ],
            [
              -79.3110466,
              43.7458551
            ],
            [
              -79.311169,
              43.74622
            ],
            [
              -79.3113147,
              43.7466403
            ],
            [
              -79.3113759,
              43.7466682
            ],
            [
              -79.3116061,
              43.7473386
            ],
            [
              -79.3116213,
              43.7473829
            ],
            [
              -79.3116292,
              43.7474071
            ],
            [
              -79.3117325,
              43.7477067
            ],
            [
              -79.3117812,
              43.7478507
            ],
            [
              -79.311817,
              43.7479513
            ],
            [
              -79.3118552,
              43.7480518
            ],
            [
              -79.3119259,
              43.748245
            ],
            [
              -79.3119368,
              43.7482744
            ],
            [
              -79.3120463,
              43.7485718
            ],
            [
              -79.3121386,
              43.7488218
            ],
            [
              -79.3126178,
              43.7502672
            ],
            [
              -79.3126494,
              43.7503624
            ],
            [
              -79.3128936,
              43.7510905
            ],
            [
              -79.3130055,
              43.7514246
            ],
            [
              -79.3130241,
              43.7514908
            ],
            [
              -79.3130548,
              43.7515884
            ],
            [
              -79.3132763,
              43.7522341
            ],
            [
              -79.3133364,
              43.7523767
            ],
            [
              -79.3133765,
              43.7524951
            ],
            [
              -79.3134298,
              43.7526523
            ],
            [
              -79.3134442,
              43.7526947
            ],
            [
              -79.31348,
              43.7528004
            ],
            [
              -79.3135494,
              43.7530051
            ],
            [
              -79.3135802,
              43.7530953
            ],
            [
              -79.3136393,
              43.7532685
            ],
            [
              -79.3139741,
              43.754295
            ],
            [
              -79.3139876,
              43.7543484
            ],
            [
              -79.3139993,
              43.7543656
            ],
            [
              -79.3143342,
              43.7553335
            ],
            [
              -79.3143683,
              43.75543
            ],
            [
              -79.314494,
              43.7557186
            ],
            [
              -79.3145784,
              43.7559712
            ],
            [
              -79.3146128,
              43.7560683
            ],
            [
              -79.3146375,
              43.7561368
            ],
            [
              -79.3147708,
              43.756579
            ],
            [
              -79.3147988,
              43.7566517
            ],
            [
              -79.314881,
              43.7568647
            ],
            [
              -79.3149464,
              43.7570586
            ],
            [
              -79.3150631,
              43.7574049
            ],
            [
              -79.3154374,
              43.7583332
            ],
            [
              -79.3154853,
              43.7584405
            ],
            [
              -79.3156986,
              43.7589186
            ],
            [
              -79.3159401,
              43.7594601
            ],
            [
              -79.3160084,
              43.7596134
            ],
            [
              -79.3160396,
              43.7596832
            ],
            [
              -79.3161626,
              43.759959
            ],
            [
              -79.3162311,
              43.7601171
            ],
            [
              -79.3163493,
              43.7603897
            ],
            [
              -79.316846,
              43.7615356
            ],
            [
              -79.3170623,
              43.7620347
            ],
            [
              -79.3172137,
              43.7623549
            ],
            [
              -79.3173567,
              43.7626575
            ],
            [
              -79.3173582,
              43.7626607
            ],
            [
              -79.3174755,
              43.7629088
            ],
            [
              -79.3175102,
              43.7629823
            ],
            [
              -79.3175355,
              43.7630346
            ],
            [
              -79.3176792,
              43.7633706
            ],
            [
              -79.3178306,
              43.7637245
            ],
            [
              -79.3178332,
              43.7637308
            ],
            [
              -79.3179546,
              43.7640146
            ],
            [
              -79.3187973,
              43.7659618
            ],
            [
              -79.3194717,
              43.7677148
            ],
            [
              -79.3197723,
              43.768329
            ],
            [
              -79.3211108,
              43.7710635
            ],
            [
              -79.3230179,
              43.7752475
            ],
            [
              -79.3232517,
              43.7758415
            ],
            [
              -79.323298,
              43.7759349
            ],
            [
              -79.3234013,
              43.7761532
            ],
            [
              -79.3235102,
              43.7763801
            ],
            [
              -79.3236658,
              43.7767042
            ],
            [
              -79.323756,
              43.7768921
            ],
            [
              -79.3239417,
              43.7772746
            ],
            [
              -79.3241348,
              43.7776723
            ],
            [
              -79.3241713,
              43.7777515
            ],
            [
              -79.3242061,
              43.7778211
            ],
            [
              -79.3244474,
              43.7783045
            ],
            [
              -79.324578,
              43.778564
            ],
            [
              -79.3249361,
              43.7793063
            ],
            [
              -79.3250134,
              43.7794665
            ],
            [
              -79.3253527,
              43.7802687
            ],
            [
              -79.3254008,
              43.7803866
            ],
            [
              -79.3254338,
              43.7804548
            ],
            [
              -79.3256298,
              43.7808684
            ],
            [
              -79.3257551,
              43.7811214
            ],
            [
              -79.3257821,
              43.7811758
            ],
            [
              -79.326436,
              43.7825112
            ],
            [
              -79.3267781,
              43.7832822
            ],
            [
              -79.3270309,
              43.7838171
            ],
            [
              -79.3270652,
              43.7838866
            ],
            [
              -79.3271032,
              43.7839647
            ],
            [
              -79.3272363,
              43.7842218
            ],
            [
              -79.3273033,
              43.7843763
            ],
            [
              -79.3279426,
              43.7857298
            ],
            [
              -79.3281334,
              43.7861371
            ],
            [
              -79.3283998,
              43.7867057
            ],
            [
              -79.328482,
              43.7868811
            ],
            [
              -79.3287242,
              43.7873982
            ],
            [
              -79.328804,
              43.7875685
            ],
            [
              -79.3291779,
              43.7883671
            ],
            [
              -79.3293386,
              43.7887096
            ],
            [
              -79.3294172,
              43.7888774
            ],
            [
              -79.3295536,
              43.7891687
            ],
            [
              -79.329584,
              43.7892337
            ],
            [
              -79.3296364,
              43.7893434
            ],
            [
              -79.3298269,
              43.7897422
            ],
            [
              -79.3307856,
              43.7917493
            ],
            [
              -79.3310436,
              43.7922779
            ],
            [
              -79.3316885,
              43.7937487
            ],
            [
              -79.3317205,
              43.7938201
            ],
            [
              -79.3317915,
              43.7939787
            ],
            [
              -79.3318582,
              43.7941276
            ],
            [
              -79.3324367,
              43.7954187
            ],
            [
              -79.3325965,
              43.7957754
            ],
            [
              -79.3326936,
              43.7959933
            ],
            [
              -79.332908,
              43.7964693
            ],
            [
              -79.3334628,
              43.7976768
            ],
            [
              -79.3335841,
              43.7979766
            ],
            [
              -79.3336161,
              43.7980454
            ],
            [
              -79.3336528,
              43.7981277
            ],
            [
              -79.3337966,
              43.7984357
            ],
            [
              -79.3338113,
              43.7984669
            ],
            [
              -79.3345875,
              43.8002291
            ],
            [
              -79.3346746,
              43.800426
            ],
            [
              -79.3355345,
              43.8023294
            ],
            [
              -79.3368167,
              43.8051676
            ],
            [
              -79.3368864,
              43.8053287
            ],
            [
              -79.3369954,
              43.8055805
            ],
            [
              -79.3372066,
              43.8060727
            ],
            [
              -79.3372766,
              43.8062303
            ],
            [
              -79.3373113,
              43.8063036
            ],
            [
              -79.3373349,
              43.8063534
            ],
            [
              -79.3373903,
              43.806474
            ],
            [
              -79.3374767,
              43.8066791
            ],
            [
              -79.3375237,
              43.8067907
            ],
            [
              -79.3375522,
              43.8068583
            ],
            [
              -79.3377459,
              43.8072852
            ],
            [
              -79.3378566,
              43.8075294
            ],
            [
              -79.3380562,
              43.8079695
            ],
            [
              -79.3380721,
              43.8080045
            ],
            [
              -79.3381647,
              43.8082088
            ],
            [
              -79.3382705,
              43.8084421
            ],
            [
              -79.338297,
              43.8085112
            ],
            [
              -79.338334,
              43.8085998
            ],
            [
              -79.3384499,
              43.8088774
            ],
            [
              -79.3384639,
              43.8089108
            ],
            [
              -79.3386611,
              43.8093829
            ],
            [
              -79.3386998,
              43.8094754
            ],
            [
              -79.3387815,
              43.8096712
            ],
            [
              -79.3388794,
              43.8099053
            ],
            [
              -79.3389641,
              43.8101082
            ],
            [
              -79.3390474,
              43.8103075
            ],
            [
              -79.3390611,
              43.8103403
            ],
            [
              -79.3391279,
              43.810504
            ],
            [
              -79.3391851,
              43.8106372
            ],
            [
              -79.3392388,
              43.810758
            ],
            [
              -79.3393339,
              43.8110088
            ],
            [
              -79.3393399,
              43.8110236
            ],
            [
              -79.3398094,
              43.8121691
            ],
            [
              -79.3399498,
              43.8125051
            ],
            [
              -79.3400291,
              43.8126769
            ],
            [
              -79.3413165,
              43.8155866
            ],
            [
              -79.3413434,
              43.8156447
            ],
            [
              -79.3414202,
              43.8156267
            ],
            [
              -79.3422849,
              43.815409
            ],
            [
              -79.3425556,
              43.8153423
            ],
            [
              -79.3428327,
              43.815274
            ],
            [
              -79.3430852,
              43.8152143
            ],
            [
              -79.3431896,
              43.8151897
            ],
            [
              -79.3437856,
              43.8150516
            ],
            [
              -79.3447765,
              43.814815
            ],
            [
              -79.3451968,
              43.8147152
            ],
            [
              -79.345302,
              43.8146922
            ],
            [
              -79.3457564,
              43.814593
            ],
            [
              -79.3460108,
              43.8145375
            ],
            [
              -79.3462652,
              43.8144819
            ],
            [
              -79.34636,
              43.8144591
            ],
            [
              -79.3463922,
              43.8144513
            ],
            [
              -79.3464296,
              43.8144437
            ],
            [
              -79.346959,
              43.8143358
            ],
            [
              -79.3484962,
              43.8139985
            ],
            [
              -79.3487455,
              43.8139401
            ],
            [
              -79.3504282,
              43.8135529
            ],
            [
              -79.3509332,
              43.8134484
            ],
            [
              -79.3519448,
              43.8131911
            ],
            [
              -79.3522993,
              43.8131009
            ],
            [
              -79.3537025,
              43.8128065
            ],
            [
              -79.3549064,
              43.8125147
            ],
            [
              -79.3550305,
              43.812489
            ],
            [
              -79.3552899,
              43.8124353
            ],
            [
              -79.3566656,
              43.812141
            ],
            [
              -79.357568,
              43.8119376
            ],
            [
              -79.3607585,
              43.811183
            ],
            [
              -79.3615733,
              43.811002
            ],
            [
              -79.3627792,
              43.8107213
            ],
            [
              -79.3636048,
              43.8105358
            ],
            [
              -79.364783,
              43.8102672
            ],
            [
              -79.3650079,
              43.8102172
            ],
            [
              -79.3659221,
              43.8100169
            ],
            [
              -79.3664551,
              43.8098981
            ],
            [
              -79.3669147,
              43.8097985
            ],
            [
              -79.3674137,
              43.8096853
            ],
            [
              -79.3675373,
              43.809659
            ],
            [
              -79.3676042,
              43.8096448
            ],
            [
              -79.3677108,
              43.8096222
            ],
            [
              -79.3690657,
              43.8092993
            ],
            [
              -79.3700547,
              43.8090717
            ],
            [
              -79.3704108,
              43.8089897
            ],
            [
              -79.3705644,
              43.8089548
            ],
            [
              -79.3717653,
              43.8086802
            ],
            [
              -79.3725229,
              43.8085069
            ],
            [
              -79.374044,
              43.8081591
            ],
            [
              -79.3742001,
              43.8081269
            ],
            [
              -79.3745077,
              43.8080658
            ],
            [
              -79.3759598,
              43.8077557
            ],
            [
              -79.376084,
              43.8077303
            ],
            [
              -79.3762402,
              43.8076948
            ],
            [
              -79.3764976,
              43.8076326
            ],
            [
              -79.3829028,
              43.8062104
            ],
            [
              -79.3833889,
              43.8061057
            ],
            [
              -79.3835968,
              43.8060591
            ],
            [
              -79.383676,
              43.8060414
            ],
            [
              -79.384087,
              43.8059527
            ],
            [
              -79.3844593,
              43.8058723
            ],
            [
              -79.3846753,
              43.8058245
            ],
            [
              -79.3849163,
              43.8057691
            ],
            [
              -79.3852277,
              43.805691
            ],
            [
              -79.3853083,
              43.8056713
            ],
            [
              -79.3856359,
              43.805602
            ],
            [
              -79.3857614,
              43.8055737
            ],
            [
              -79.3858696,
              43.8055497
            ],
            [
              -79.3864946,
              43.8054114
            ],
            [
              -79.3871454,
              43.8052674
            ],
            [
              -79.3872291,
              43.8052505
            ],
            [
              -79.3872828,
              43.8052397
            ],
            [
              -79.3874756,
              43.8052008
            ],
            [
              -79.3882298,
              43.8050487
            ],
            [
              -79.3888164,
              43.8049214
            ],
            [
              -79.3892072,
              43.804833
            ],
            [
              -79.3897002,
              43.8047216
            ],
            [
              -79.3897702,
              43.8047058
            ],
            [
              -79.3899984,
              43.8046542
            ],
            [
              -79.3902236,
              43.8046032
            ],
            [
              -79.3904247,
              43.8045577
            ],
            [
              -79.3906021,
              43.8045176
            ],
            [
              -79.3906979,
              43.804496
            ],
            [
              -79.3909614,
              43.8044364
            ],
            [
              -79.3910612,
              43.8044156
            ],
            [
              -79.3912441,
              43.8043774
            ],
            [
              -79.3915574,
              43.8043058
            ],
            [
              -79.3918525,
              43.8042403
            ],
            [
              -79.3925621,
              43.8040912
            ],
            [
              -79.392732,
              43.8040512
            ],
            [
              -79.39289,
              43.804023
            ],
            [
              -79.3942766,
              43.8037109
            ],
            [
              -79.3946365,
              43.8036282
            ],
            [
              -79.3962919,
              43.8032482
            ],
            [
              -79.3971324,
              43.8030857
            ],
            [
              -79.3972181,
              43.8030654
            ],
            [
              -79.3972709,
              43.8030529
            ],
            [
              -79.3973504,
              43.8030344
            ],
            [
              -79.3983148,
              43.8028093
            ],
            [
              -79.3986397,
              43.8027456
            ],
            [
              -79.3994527,
              43.8025488
            ],
            [
              -79.3999689,
              43.8024384
            ],
            [
              -79.4003372,
              43.8023545
            ],
            [
              -79.4007618,
              43.8022595
            ],
            [
              -79.4008678,
              43.8022355
            ],
            [
              -79.40097,
              43.8022162
            ],
            [
              -79.4016609,
              43.8020696
            ],
            [
              -79.4020572,
              43.8019798
            ],
            [
              -79.4025524,
              43.8018796
            ],
            [
              -79.4028856,
              43.8018106
            ],
            [
              -79.4057652,
              43.801169
            ],
            [
              -79.4061532,
              43.8010864
            ],
            [
              -79.4062127,
              43.8010756
            ],
            [
              -79.4062515,
              43.8010685
            ],
            [
              -79.4062997,
              43.8010567
            ],
            [
              -79.4063531,
              43.8010436
            ],
            [
              -79.4066907,
              43.800966
            ],
            [
              -79.4092437,
              43.8004076
            ],
            [
              -79.4093305,
              43.8003888
            ],
            [
              -79.4118226,
              43.7998404
            ],
            [
              -79.4132711,
              43.7995312
            ],
            [
              -79.4143507,
              43.7992899
            ],
            [
              -79.4144686,
              43.7992607
            ],
            [
              -79.4145889,
              43.7992327
            ],
            [
              -79.4157435,
              43.7989659
            ],
            [
              -79.4170831,
              43.7986857
            ],
            [
              -79.4176865,
              43.7985568
            ],
            [
              -79.4180129,
              43.7984871
            ],
            [
              -79.4192262,
              43.7982217
            ],
            [
              -79.4199052,
              43.7980722
            ],
            [
              -79.4200471,
              43.7980391
            ],
            [
              -79.4207708,
              43.7978877
            ],
            [
              -79.4208476,
              43.7978705
            ],
            [
              -79.4210627,
              43.7978224
            ],
            [
              -79.4216513,
              43.7976843
            ],
            [
              -79.4219056,
              43.797628
            ],
            [
              -79.4223583,
              43.7975236
            ],
            [
              -79.4223844,
              43.797518
            ],
            [
              -79.4231832,
              43.7973455
            ],
            [
              -79.423399,
              43.7972956
            ],
            [
              -79.4240001,
              43.7971568
            ],
            [
              -79.4248432,
              43.7970053
            ],
            [
              -79.4253766,
              43.7968948
            ],
            [
              -79.4254222,
              43.7968846
            ],
            [
              -79.4263774,
              43.7966718
            ],
            [
              -79.4266601,
              43.7966036
            ],
            [
              -79.4268639,
              43.7965583
            ],
            [
              -79.4277801,
              43.7963673
            ],
            [
              -79.4279654,
              43.7963273
            ],
            [
              -79.4283303,
              43.7962471
            ],
            [
              -79.428462,
              43.796211
            ],
            [
              -79.4285957,
              43.7961797
            ],
            [
              -79.4297472,
              43.7959316
            ],
            [
              -79.4319712,
              43.7954401
            ],
            [
              -79.4337836,
              43.7950396
            ],
            [
              -79.4338929,
              43.7950145
            ],
            [
              -79.4339018,
              43.7950125
            ],
            [
              -79.4341224,
              43.7949618
            ],
            [
              -79.4344004,
              43.7949033
            ],
            [
              -79.4346197,
              43.7948526
            ],
            [
              -79.4347357,
              43.7948258
            ],
            [
              -79.4347402,
              43.7948248
            ],
            [
              -79.4348348,
              43.7948029
            ],
            [
              -79.435032,
              43.7947575
            ],
            [
              -79.435304,
              43.794695
            ],
            [
              -79.4354496,
              43.7946611
            ],
            [
              -79.4355627,
              43.7946348
            ],
            [
              -79.4356531,
              43.7946137
            ],
            [
              -79.4360032,
              43.7945328
            ],
            [
              -79.4361855,
              43.7944906
            ],
            [
              -79.4363798,
              43.7944457
            ],
            [
              -79.4365438,
              43.7944059
            ],
            [
              -79.4366898,
              43.794376
            ],
            [
              -79.4382415,
              43.7940589
            ],
            [
              -79.4386555,
              43.7939699
            ],
            [
              -79.4395528,
              43.7937539
            ],
            [
              -79.4405061,
              43.7935455
            ],
            [
              -79.4405507,
              43.7935357
            ],
            [
              -79.4409079,
              43.7934576
            ],
            [
              -79.441018,
              43.7934298
            ],
            [
              -79.4411314,
              43.7934082
            ],
            [
              -79.4424928,
              43.7931251
            ],
            [
              -79.4444444,
              43.7927223
            ],
            [
              -79.4450004,
              43.7926014
            ],
            [
              -79.4457565,
              43.7924485
            ],
            [
              -79.4465072,
              43.7922818
            ],
            [
              -79.4467618,
              43.7922246
            ],
            [
              -79.4469851,
              43.7921745
            ],
            [
              -79.4476572,
              43.7920142
            ],
            [
              -79.4481327,
              43.7919195
            ],
            [
              -79.4483932,
              43.7918622
            ],
            [
              -79.4486897,
              43.7917971
            ],
            [
              -79.448928,
              43.791745
            ],
            [
              -79.4491091,
              43.7917053
            ],
            [
              -79.4492516,
              43.791674
            ],
            [
              -79.4571698,
              43.7899606
            ],
            [
              -79.4647621,
              43.7883493
            ],
            [
              -79.4659522,
              43.788109
            ],
            [
              -79.4667282,
              43.7879567
            ],
            [
              -79.4668788,
              43.787923
            ],
            [
              -79.4670179,
              43.7878918
            ],
            [
              -79.4671431,
              43.7878655
            ],
            [
              -79.467449,
              43.7878014
            ],
            [
              -79.4683122,
              43.7876237
            ],
            [
              -79.4684849,
              43.7875882
            ],
            [
              -79.4685834,
              43.7875679
            ],
            [
              -79.468612,
              43.787562
            ],
            [
              -79.4690392,
              43.7874741
            ],
            [
              -79.4691809,
              43.787445
            ],
            [
              -79.4700891,
              43.7872688
            ],
            [
              -79.4703165,
              43.7872247
            ],
            [
              -79.4709552,
              43.7870726
            ],
            [
              -79.4710807,
              43.7870411
            ],
            [
              -79.471881,
              43.7868395
            ],
            [
              -79.4722374,
              43.786752
            ],
            [
              -79.4727378,
              43.7866433
            ],
            [
              -79.4728935,
              43.7866183
            ],
            [
              -79.4729784,
              43.7866003
            ],
            [
              -79.4750629,
              43.7860969
            ],
            [
              -79.4752938,
              43.7860501
            ],
            [
              -79.4758368,
              43.7859187
            ],
            [
              -79.4763686,
              43.7857901
            ],
            [
              -79.4763807,
              43.7857872
            ],
            [
              -79.4769985,
              43.7856378
            ],
            [
              -79.4770034,
              43.7856366
            ],
            [
              -79.4774128,
              43.7855376
            ],
            [
              -79.4778102,
              43.7854415
            ],
            [
              -79.4783577,
              43.7853091
            ],
            [
              -79.4799454,
              43.7849333
            ],
            [
              -79.4808651,
              43.7847027
            ],
            [
              -79.4815659,
              43.784554
            ],
            [
              -79.4820728,
              43.7844374
            ],
            [
              -79.4821915,
              43.7844092
            ],
            [
              -79.4822559,
              43.7843953
            ],
            [
              -79.4823669,
              43.7843697
            ],
            [
              -79.482491,
              43.7843412
            ],
            [
              -79.4825637,
              43.7843243
            ],
            [
              -79.4829926,
              43.7842246
            ],
            [
              -79.4830056,
              43.7842216
            ],
            [
              -79.4832373,
              43.7841677
            ],
            [
              -79.4875255,
              43.7831412
            ],
            [
              -79.4878561,
              43.7830922
            ],
            [
              -79.4884194,
              43.7829584
            ],
            [
              -79.4890151,
              43.7828168
            ],
            [
              -79.4891963,
              43.7827773
            ],
            [
              -79.4906964,
              43.782428
            ],
            [
              -79.4907833,
              43.7824072
            ],
            [
              -79.4934327,
              43.7817749
            ],
            [
              -79.4944922,
              43.7815153
            ],
            [
              -79.4946323,
              43.7814805
            ],
            [
              -79.5091806,
              43.7781031
            ],
            [
              -79.5139046,
              43.777056
            ],
            [
              -79.5191456,
              43.7759588
            ],
            [
              -79.5217056,
              43.7754557
            ],
            [
              -79.5223721,
              43.7752766
            ],
            [
              -79.5236087,
              43.7749734
            ],
            [
              -79.5240425,
              43.7748883
            ],
            [
              -79.5244101,
              43.7748192
            ],
            [
              -79.5251074,
              43.7746793
            ],
            [
              -79.5255946,
              43.7745837
            ],
            [
              -79.5261954,
              43.7744506
            ],
            [
              -79.5267071,
              43.7743425
            ],
            [
              -79.5268451,
              43.7743135
            ],
            [
              -79.5269652,
              43.7742927
            ],
            [
              -79.5276185,
              43.7741782
            ],
            [
              -79.5333191,
              43.7729968
            ],
            [
              -79.5342638,
              43.7728097
            ],
            [
              -79.5348127,
              43.7726923
            ],
            [
              -79.5356508,
              43.772513
            ],
            [
              -79.5377861,
              43.7720886
            ],
            [
              -79.5393404,
              43.7717658
            ],
            [
              -79.5442004,
              43.7707929
            ],
            [
              -79.5448895,
              43.7706459
            ],
            [
              -79.5456671,
              43.7704681
            ],
            [
              -79.5475304,
              43.7701075
            ],
            [
              -79.5484808,
              43.769902
            ],
            [
              -79.5502891,
              43.7695131
            ],
            [
              -79.550542,
              43.7694588
            ],
            [
              -79.5507917,
              43.7694051
            ],
            [
              -79.5508929,
              43.7693834
            ],
            [
              -79.5511683,
              43.7693242
            ],
            [
              -79.5512609,
              43.7693043
            ],
            [
              -79.5515492,
              43.7692424
            ],
            [
              -79.5521854,
              43.7691057
            ],
            [
              -79.5528867,
              43.7689668
            ],
            [
              -79.5531201,
              43.7689171
            ],
            [
              -79.5536331,
              43.7688173
            ],
            [
              -79.5539782,
              43.7687501
            ],
            [
              -79.5541079,
              43.7687249
            ],
            [
              -79.5554234,
              43.7684662
            ],
            [
              -79.5566809,
              43.768187
            ],
            [
              -79.5571498,
              43.7680829
            ],
            [
              -79.5575199,
              43.7680007
            ],
            [
              -79.5577284,
              43.7679544
            ],
            [
              -79.5581291,
              43.7678787
            ],
            [
              -79.5585718,
              43.7677952
            ],
            [
              -79.5588247,
              43.7677474
            ],
            [
              -79.5590226,
              43.767724
            ],
            [
              -79.5592124,
              43.7676742
            ],
            [
              -79.5600589,
              43.7675143
            ],
            [
              -79.5601007,
              43.7674957
            ],
            [
              -79.5603482,
              43.7674499
            ],
            [
              -79.5605747,
              43.7674018
            ],
            [
              -79.5607672,
              43.7673619
            ],
            [
              -79.5609242,
              43.7673532
            ],
            [
              -79.5614242,
              43.7672255
            ],
            [
              -79.5621019,
              43.7670849
            ],
            [
              -79.562263,
              43.7670514
            ],
            [
              -79.5629706,
              43.7669046
            ],
            [
              -79.563428,
              43.7668097
            ],
            [
              -79.5638986,
              43.766712
            ],
            [
              -79.5731249,
              43.7647397
            ],
            [
              -79.5747827,
              43.764326
            ],
            [
              -79.577015,
              43.7638374
            ],
            [
              -79.5775231,
              43.7636975
            ],
            [
              -79.5806472,
              43.7630265
            ],
            [
              -79.5804815,
              43.7628908
            ],
            [
              -79.580428,
              43.7628548
            ],
            [
              -79.580355,
              43.7628159
            ],
            [
              -79.5802711,
              43.7627784
            ],
            [
              -79.5801826,
              43.7627418
            ],
            [
              -79.5801034,
              43.7626924
            ],
            [
              -79.5800059,
              43.7626194
            ],
            [
              -79.5799172,
              43.7625553
            ],
            [
              -79.5798237,
              43.7624803
            ],
            [
              -79.5797834,
              43.7624241
            ],
            [
              -79.5796286,
              43.762338
            ],
            [
              -79.5795859,
              43.762308
            ],
            [
              -79.5795307,
              43.7622796
            ],
            [
              -79.5794832,
              43.7622614
            ],
            [
              -79.5793857,
              43.7622269
            ],
            [
              -79.5792525,
              43.7622173
            ],
            [
              -79.5791488,
              43.7621977
            ],
            [
              -79.5790671,
              43.7621559
            ],
            [
              -79.5789452,
              43.7621105
            ],
            [
              -79.5788039,
              43.7620606
            ],
            [
              -79.5786542,
              43.762045
            ],
            [
              -79.5785223,
              43.7620413
            ],
            [
              -79.5783799,
              43.7620753
            ],
            [
              -79.578234,
              43.7621333
            ],
            [
              -79.5781226,
              43.7622137
            ],
            [
              -79.5780824,
              43.7622919
            ],
            [
              -79.5780374,
              43.7623483
            ],
            [
              -79.5779707,
              43.7624009
            ],
            [
              -79.5778715,
              43.7624416
            ],
            [
              -79.5778052,
              43.7624508
            ],
            [
              -79.577721,
              43.7624403
            ],
            [
              -79.5776337,
              43.7623959
            ],
            [
              -79.577541,
              43.7623129
            ],
            [
              -79.5774923,
              43.7622263
            ],
            [
              -79.5774856,
              43.7621769
            ],
            [
              -79.577493,
              43.7621301
            ],
            [
              -79.577558,
              43.7620723
            ],
            [
              -79.5776795,
              43.762015
            ],
            [
              -79.5778566,
              43.7619397
            ],
            [
              -79.5780379,
              43.7618774
            ],
            [
              -79.5782101,
              43.7618019
            ],
            [
              -79.5783884,
              43.7617008
            ],
            [
              -79.5785802,
              43.7615936
            ],
            [
              -79.5787636,
              43.7614657
            ],
            [
              -79.5789306,
              43.7613256
            ],
            [
              -79.5790624,
              43.7611749
            ],
            [
              -79.5791881,
              43.7609916
            ],
            [
              -79.579332,
              43.76085
            ],
            [
              -79.5795323,
              43.7607357
            ],
            [
              -79.5797462,
              43.7606572
            ],
            [
              -79.5799481,
              43.760612
            ],
            [
              -79.5801956,
              43.7605707
            ],
            [
              -79.5804052,
              43.7604953
            ],
            [
              -79.5806261,
              43.7603725
            ],
            [
              -79.580742,
              43.7602065
            ],
            [
              -79.580785,
              43.7600029
            ],
            [
              -79.5807821,
              43.7597969
            ],
            [
              -79.5807039,
              43.7595886
            ],
            [
              -79.5806448,
              43.759426
            ],
            [
              -79.5805779,
              43.7592446
            ],
            [
              -79.5806219,
              43.7590854
            ],
            [
              -79.5807699,
              43.7589357
            ],
            [
              -79.5809896,
              43.7588232
            ],
            [
              -79.5812172,
              43.7587343
            ],
            [
              -79.581509,
              43.7586596
            ],
            [
              -79.5818034,
              43.7585927
            ],
            [
              -79.5820823,
              43.7585493
            ],
            [
              -79.5824145,
              43.75852
            ],
            [
              -79.582715,
              43.7585323
            ],
            [
              -79.582985,
              43.7586376
            ],
            [
              -79.5832631,
              43.7587113
            ],
            [
              -79.5835499,
              43.7587531
            ],
            [
              -79.5838223,
              43.7587043
            ],
            [
              -79.5840054,
              43.7585716
            ],
            [
              -79.5840901,
              43.758399
            ],
            [
              -79.5840704,
              43.7582098
            ],
            [
              -79.5839892,
              43.7580185
            ],
            [
              -79.5839023,
              43.7578293
            ],
            [
              -79.5838222,
              43.7576214
            ],
            [
              -79.5838648,
              43.7574441
            ],
            [
              -79.5840277,
              43.7573014
            ],
            [
              -79.5842617,
              43.7572371
            ],
            [
              -79.5845112,
              43.7572001
            ],
            [
              -79.5847878,
              43.7571624
            ],
            [
              -79.5849963,
              43.7571127
            ],
            [
              -79.5851213,
              43.7569601
            ],
            [
              -79.5852022,
              43.7567367
            ],
            [
              -79.585215,
              43.7565056
            ]
          ]
        ]
      }
    },
    {
      "type": "Feature",
      "properties": {
        "name": "Etobicoke",
        "osm_display": "Etobicoke, Toronto, Golden Horseshoe, Ontario, Canada"
      },
      "geometry": {
        "type": "Polygon",
        "coordinates": [
          [
            [
              -79.6392832,
              43.7498436
            ],
            [
              -79.6385293,
              43.749139
            ],
            [
              -79.6376019,
              43.7483428
            ],
            [
              -79.6375457,
              43.7480166
            ],
            [
              -79.6367466,
              43.74678
            ],
            [
              -79.6307475,
              43.7362096
            ],
            [
              -79.6302939,
              43.7353235
            ],
            [
              -79.6294107,
              43.7338427
            ],
            [
              -79.6289691,
              43.7331533
            ],
            [
              -79.6277962,
              43.7312285
            ],
            [
              -79.6268612,
              43.7295611
            ],
            [
              -79.6256354,
              43.7274918
            ],
            [
              -79.6238061,
              43.724292
            ],
            [
              -79.6203851,
              43.7186692
            ],
            [
              -79.6180198,
              43.7146886
            ],
            [
              -79.616852,
              43.7127231
            ],
            [
              -79.616061,
              43.7113019
            ],
            [
              -79.6140194,
              43.707634
            ],
            [
              -79.6105434,
              43.7017256
            ],
            [
              -79.6083698,
              43.6978618
            ],
            [
              -79.6075858,
              43.6965129
            ],
            [
              -79.6062249,
              43.6941199
            ],
            [
              -79.6059959,
              43.6937787
            ],
            [
              -79.6057359,
              43.6933251
            ],
            [
              -79.6055934,
              43.6930765
            ],
            [
              -79.603361,
              43.6891816
            ],
            [
              -79.6024815,
              43.6876628
            ],
            [
              -79.6012949,
              43.6856867
            ],
            [
              -79.5952971,
              43.6754976
            ],
            [
              -79.5945991,
              43.674298
            ],
            [
              -79.5944319,
              43.6740107
            ],
            [
              -79.5921675,
              43.6701045
            ],
            [
              -79.5912463,
              43.6685053
            ],
            [
              -79.5888158,
              43.6646011
            ],
            [
              -79.6087242,
              43.6464064
            ],
            [
              -79.6083953,
              43.6462112
            ],
            [
              -79.6082599,
              43.6460696
            ],
            [
              -79.6081647,
              43.645926
            ],
            [
              -79.6079824,
              43.6456099
            ],
            [
              -79.6078536,
              43.6453331
            ],
            [
              -79.6077946,
              43.6451817
            ],
            [
              -79.6077714,
              43.6450288
            ],
            [
              -79.6076605,
              43.6448731
            ],
            [
              -79.6075111,
              43.6447369
            ],
            [
              -79.6073775,
              43.6446625
            ],
            [
              -79.6072166,
              43.6446062
            ],
            [
              -79.6070695,
              43.6445879
            ],
            [
              -79.606837,
              43.6446227
            ],
            [
              -79.6065294,
              43.6446366
            ],
            [
              -79.6063757,
              43.6446625
            ],
            [
              -79.6062295,
              43.644712
            ],
            [
              -79.6059025,
              43.6448314
            ],
            [
              -79.6057481,
              43.6448508
            ],
            [
              -79.6055737,
              43.6448449
            ],
            [
              -79.6054024,
              43.6448077
            ],
            [
              -79.60528,
              43.6447304
            ],
            [
              -79.605162,
              43.6446305
            ],
            [
              -79.6049365,
              43.6444878
            ],
            [
              -79.6048374,
              43.6444597
            ],
            [
              -79.6046762,
              43.6444454
            ],
            [
              -79.603873,
              43.6444673
            ],
            [
              -79.6036023,
              43.6444926
            ],
            [
              -79.6034521,
              43.6445383
            ],
            [
              -79.6031503,
              43.6447003
            ],
            [
              -79.6030739,
              43.6447197
            ],
            [
              -79.6029535,
              43.6447168
            ],
            [
              -79.602515,
              43.6446274
            ],
            [
              -79.6021847,
              43.6445111
            ],
            [
              -79.60206,
              43.6444383
            ],
            [
              -79.6019733,
              43.6443642
            ],
            [
              -79.6018964,
              43.6442151
            ],
            [
              -79.6018444,
              43.6441129
            ],
            [
              -79.6018066,
              43.6440705
            ],
            [
              -79.6017328,
              43.6440258
            ],
            [
              -79.6016456,
              43.6439996
            ],
            [
              -79.6015369,
              43.6439909
            ],
            [
              -79.6012862,
              43.6440161
            ],
            [
              -79.601144,
              43.6440181
            ],
            [
              -79.6010253,
              43.6440072
            ],
            [
              -79.6004695,
              43.64389
            ],
            [
              -79.6001677,
              43.6438434
            ],
            [
              -79.5998779,
              43.6438233
            ],
            [
              -79.5994623,
              43.6437551
            ],
            [
              -79.5992303,
              43.6436978
            ],
            [
              -79.5990131,
              43.6436218
            ],
            [
              -79.5987596,
              43.643495
            ],
            [
              -79.5985986,
              43.6433591
            ],
            [
              -79.5984214,
              43.6432383
            ],
            [
              -79.5982566,
              43.6431602
            ],
            [
              -79.5981038,
              43.6431262
            ],
            [
              -79.5979593,
              43.6431155
            ],
            [
              -79.5970865,
              43.6430705
            ],
            [
              -79.5965964,
              43.6430573
            ],
            [
              -79.596135,
              43.643076
            ],
            [
              -79.5958333,
              43.6431398
            ],
            [
              -79.5954528,
              43.6432826
            ],
            [
              -79.5950581,
              43.6434426
            ],
            [
              -79.5947135,
              43.6436571
            ],
            [
              -79.5941743,
              43.6440501
            ],
            [
              -79.5938502,
              43.6442248
            ],
            [
              -79.5929103,
              43.6447171
            ],
            [
              -79.5926575,
              43.6447751
            ],
            [
              -79.5924769,
              43.6447829
            ],
            [
              -79.5923097,
              43.6447772
            ],
            [
              -79.5921611,
              43.6447462
            ],
            [
              -79.5919843,
              43.6446935
            ],
            [
              -79.5917064,
              43.6445956
            ],
            [
              -79.5911099,
              43.6442743
            ],
            [
              -79.5904612,
              43.6440008
            ],
            [
              -79.5898473,
              43.6436218
            ],
            [
              -79.5895599,
              43.6433283
            ],
            [
              -79.5892731,
              43.6429408
            ],
            [
              -79.5890818,
              43.6428111
            ],
            [
              -79.5889072,
              43.6427143
            ],
            [
              -79.5887033,
              43.6426258
            ],
            [
              -79.5885338,
              43.6425847
            ],
            [
              -79.5884089,
              43.6425429
            ],
            [
              -79.5883035,
              43.6424915
            ],
            [
              -79.5880736,
              43.6422353
            ],
            [
              -79.5879718,
              43.6420097
            ],
            [
              -79.5879798,
              43.6418686
            ],
            [
              -79.5878322,
              43.6416821
            ],
            [
              -79.5877563,
              43.641352
            ],
            [
              -79.5877782,
              43.6412252
            ],
            [
              -79.5876955,
              43.6410789
            ],
            [
              -79.5876201,
              43.641048
            ],
            [
              -79.5874916,
              43.6410386
            ],
            [
              -79.5874245,
              43.6409921
            ],
            [
              -79.5873588,
              43.6409057
            ],
            [
              -79.5873372,
              43.6407934
            ],
            [
              -79.5873788,
              43.640667
            ],
            [
              -79.5873763,
              43.6405495
            ],
            [
              -79.5873132,
              43.640369
            ],
            [
              -79.5871889,
              43.6402283
            ],
            [
              -79.5871268,
              43.6401254
            ],
            [
              -79.5870759,
              43.6398614
            ],
            [
              -79.5869812,
              43.6395776
            ],
            [
              -79.5868556,
              43.6392925
            ],
            [
              -79.5866789,
              43.6389898
            ],
            [
              -79.5864764,
              43.638687
            ],
            [
              -79.5862323,
              43.6383696
            ],
            [
              -79.5859323,
              43.6380867
            ],
            [
              -79.585737,
              43.6378557
            ],
            [
              -79.5856382,
              43.6377388
            ],
            [
              -79.5854719,
              43.6375699
            ],
            [
              -79.5853753,
              43.637433
            ],
            [
              -79.5853202,
              43.6373054
            ],
            [
              -79.5852868,
              43.6372273
            ],
            [
              -79.5852731,
              43.6371077
            ],
            [
              -79.5853012,
              43.6369818
            ],
            [
              -79.5853432,
              43.636806
            ],
            [
              -79.5854176,
              43.636636
            ],
            [
              -79.5856141,
              43.636344
            ],
            [
              -79.585774,
              43.6361025
            ],
            [
              -79.5859708,
              43.6357228
            ],
            [
              -79.5860539,
              43.6355297
            ],
            [
              -79.5860686,
              43.6353576
            ],
            [
              -79.5860593,
              43.635088
            ],
            [
              -79.5860083,
              43.6348357
            ],
            [
              -79.5859386,
              43.6347153
            ],
            [
              -79.5857417,
              43.6345154
            ],
            [
              -79.5855926,
              43.6342717
            ],
            [
              -79.5855953,
              43.6341951
            ],
            [
              -79.5856503,
              43.6340805
            ],
            [
              -79.58583,
              43.6338185
            ],
            [
              -79.5858876,
              43.6336651
            ],
            [
              -79.5858675,
              43.633568
            ],
            [
              -79.5858117,
              43.6334707
            ],
            [
              -79.585606,
              43.6332662
            ],
            [
              -79.5854206,
              43.6330421
            ],
            [
              -79.5853168,
              43.6328388
            ],
            [
              -79.585217,
              43.6325209
            ],
            [
              -79.5851044,
              43.6319072
            ],
            [
              -79.5851219,
              43.6314869
            ],
            [
              -79.5851567,
              43.6313032
            ],
            [
              -79.5852359,
              43.6311058
            ],
            [
              -79.5857886,
              43.63007
            ],
            [
              -79.5858855,
              43.6299417
            ],
            [
              -79.585948,
              43.6298591
            ],
            [
              -79.5860419,
              43.6297591
            ],
            [
              -79.5860673,
              43.6296846
            ],
            [
              -79.5860767,
              43.6296193
            ],
            [
              -79.5860459,
              43.6295348
            ],
            [
              -79.5859386,
              43.6294303
            ],
            [
              -79.5857977,
              43.629203
            ],
            [
              -79.5856556,
              43.6290417
            ],
            [
              -79.5854569,
              43.6288729
            ],
            [
              -79.5850977,
              43.6287243
            ],
            [
              -79.5846002,
              43.6285826
            ],
            [
              -79.5835843,
              43.6283001
            ],
            [
              -79.5824976,
              43.6279602
            ],
            [
              -79.5818703,
              43.6279712
            ],
            [
              -79.5813171,
              43.6279019
            ],
            [
              -79.580892,
              43.6277757
            ],
            [
              -79.5805123,
              43.6276009
            ],
            [
              -79.5795986,
              43.6268734
            ],
            [
              -79.5769378,
              43.6263376
            ],
            [
              -79.5755049,
              43.6255359
            ],
            [
              -79.5751135,
              43.6254756
            ],
            [
              -79.574668,
              43.6255147
            ],
            [
              -79.5743553,
              43.6256369
            ],
            [
              -79.5740651,
              43.6258616
            ],
            [
              -79.5738153,
              43.6259723
            ],
            [
              -79.5733586,
              43.6260863
            ],
            [
              -79.5728367,
              43.6261075
            ],
            [
              -79.5723777,
              43.626202
            ],
            [
              -79.5713383,
              43.626614
            ],
            [
              -79.5705017,
              43.6268715
            ],
            [
              -79.5702258,
              43.6269565
            ],
            [
              -79.5699714,
              43.6269825
            ],
            [
              -79.5696375,
              43.6269768
            ],
            [
              -79.5691522,
              43.6268695
            ],
            [
              -79.5686544,
              43.6267927
            ],
            [
              -79.5685156,
              43.6267927
            ],
            [
              -79.5683814,
              43.6268198
            ],
            [
              -79.5681489,
              43.6269881
            ],
            [
              -79.567882,
              43.6272253
            ],
            [
              -79.5675608,
              43.6278225
            ],
            [
              -79.5674129,
              43.6280452
            ],
            [
              -79.5672165,
              43.6281586
            ],
            [
              -79.5669164,
              43.6282337
            ],
            [
              -79.5664066,
              43.6282704
            ],
            [
              -79.5657755,
              43.6282576
            ],
            [
              -79.5651388,
              43.6282227
            ],
            [
              -79.5644179,
              43.6281312
            ],
            [
              -79.564137,
              43.6280194
            ],
            [
              -79.5638992,
              43.6278415
            ],
            [
              -79.5638166,
              43.6274287
            ],
            [
              -79.5636583,
              43.6270405
            ],
            [
              -79.5635563,
              43.6267901
            ],
            [
              -79.5635318,
              43.6267219
            ],
            [
              -79.5634661,
              43.6264213
            ],
            [
              -79.5634671,
              43.6259023
            ],
            [
              -79.5636038,
              43.6255577
            ],
            [
              -79.5635925,
              43.6252263
            ],
            [
              -79.5636374,
              43.6249483
            ],
            [
              -79.5636696,
              43.6248403
            ],
            [
              -79.563738,
              43.6247325
            ],
            [
              -79.5639385,
              43.6245297
            ],
            [
              -79.5639995,
              43.6244656
            ],
            [
              -79.5640884,
              43.6244083
            ],
            [
              -79.5641604,
              43.624386
            ],
            [
              -79.5642488,
              43.6243751
            ],
            [
              -79.5645949,
              43.6244054
            ],
            [
              -79.5649003,
              43.6244723
            ],
            [
              -79.5651113,
              43.624551
            ],
            [
              -79.5651869,
              43.6245661
            ],
            [
              -79.5652789,
              43.6245559
            ],
            [
              -79.5653748,
              43.6245115
            ],
            [
              -79.565527,
              43.6243733
            ],
            [
              -79.565569,
              43.6242272
            ],
            [
              -79.5655893,
              43.6240516
            ],
            [
              -79.5657536,
              43.6235608
            ],
            [
              -79.5658042,
              43.6230807
            ],
            [
              -79.5658623,
              43.6228637
            ],
            [
              -79.5658872,
              43.6226582
            ],
            [
              -79.5658837,
              43.6225395
            ],
            [
              -79.5658569,
              43.6224094
            ],
            [
              -79.5657895,
              43.6222504
            ],
            [
              -79.5655887,
              43.6219181
            ],
            [
              -79.5655377,
              43.6217696
            ],
            [
              -79.5655664,
              43.6216284
            ],
            [
              -79.5656405,
              43.6215231
            ],
            [
              -79.5657483,
              43.6214122
            ],
            [
              -79.5661312,
              43.6212272
            ],
            [
              -79.5665851,
              43.6210784
            ],
            [
              -79.566748,
              43.6209921
            ],
            [
              -79.5668466,
              43.6208823
            ],
            [
              -79.566903,
              43.6207259
            ],
            [
              -79.5669356,
              43.6205169
            ],
            [
              -79.5669311,
              43.6203823
            ],
            [
              -79.5668922,
              43.6202434
            ],
            [
              -79.5667752,
              43.6199874
            ],
            [
              -79.5667205,
              43.6192533
            ],
            [
              -79.5667581,
              43.6189842
            ],
            [
              -79.5668118,
              43.6188502
            ],
            [
              -79.5668261,
              43.6187147
            ],
            [
              -79.5667782,
              43.6184968
            ],
            [
              -79.5666963,
              43.6182771
            ],
            [
              -79.5665881,
              43.6180677
            ],
            [
              -79.5665422,
              43.6179444
            ],
            [
              -79.5665395,
              43.6178085
            ],
            [
              -79.5666993,
              43.6175915
            ],
            [
              -79.5669064,
              43.6174027
            ],
            [
              -79.5671457,
              43.6172977
            ],
            [
              -79.5675921,
              43.6169892
            ],
            [
              -79.5679048,
              43.6167366
            ],
            [
              -79.5679303,
              43.6166599
            ],
            [
              -79.5679289,
              43.6165812
            ],
            [
              -79.5678136,
              43.6164346
            ],
            [
              -79.5679088,
              43.6161346
            ],
            [
              -79.5679262,
              43.6159239
            ],
            [
              -79.5679879,
              43.6156957
            ],
            [
              -79.568101,
              43.6152564
            ],
            [
              -79.5682755,
              43.6145346
            ],
            [
              -79.5682883,
              43.6143791
            ],
            [
              -79.5682468,
              43.6142451
            ],
            [
              -79.5681246,
              43.6141037
            ],
            [
              -79.5679653,
              43.6139838
            ],
            [
              -79.5677583,
              43.6138281
            ],
            [
              -79.5673715,
              43.6136329
            ],
            [
              -79.5670854,
              43.6135189
            ],
            [
              -79.5667345,
              43.6134116
            ],
            [
              -79.5662995,
              43.6133752
            ],
            [
              -79.5658088,
              43.6133796
            ],
            [
              -79.5653231,
              43.6134519
            ],
            [
              -79.5649447,
              43.6134492
            ],
            [
              -79.5647317,
              43.613414
            ],
            [
              -79.5645487,
              43.6133536
            ],
            [
              -79.5643133,
              43.6132314
            ],
            [
              -79.5641406,
              43.6131016
            ],
            [
              -79.5640183,
              43.6129285
            ],
            [
              -79.5639434,
              43.6127695
            ],
            [
              -79.5639123,
              43.6126343
            ],
            [
              -79.563953,
              43.6125226
            ],
            [
              -79.5640799,
              43.6123828
            ],
            [
              -79.5643227,
              43.6122207
            ],
            [
              -79.5647503,
              43.6120374
            ],
            [
              -79.5651367,
              43.6118594
            ],
            [
              -79.5655538,
              43.6117131
            ],
            [
              -79.5658864,
              43.6116225
            ],
            [
              -79.5660272,
              43.6115817
            ],
            [
              -79.5661183,
              43.6115219
            ],
            [
              -79.5663974,
              43.6111681
            ],
            [
              -79.5666991,
              43.610871
            ],
            [
              -79.5668179,
              43.6108015
            ],
            [
              -79.5669807,
              43.6107622
            ],
            [
              -79.5670719,
              43.610734
            ],
            [
              -79.5671524,
              43.6106758
            ],
            [
              -79.5672041,
              43.6106031
            ],
            [
              -79.567253,
              43.6104826
            ],
            [
              -79.5672958,
              43.6103578
            ],
            [
              -79.5672614,
              43.610014
            ],
            [
              -79.5672009,
              43.6095518
            ],
            [
              -79.5671499,
              43.6091626
            ],
            [
              -79.5669696,
              43.6089016
            ],
            [
              -79.566568,
              43.6086517
            ],
            [
              -79.5664203,
              43.6085598
            ],
            [
              -79.5662143,
              43.6084479
            ],
            [
              -79.5659482,
              43.6084355
            ],
            [
              -79.5657422,
              43.6084976
            ],
            [
              -79.5654453,
              43.6085647
            ],
            [
              -79.5652696,
              43.6085712
            ],
            [
              -79.5651253,
              43.6085408
            ],
            [
              -79.5649503,
              43.6084851
            ],
            [
              -79.5648144,
              43.6084276
            ],
            [
              -79.5647143,
              43.6083579
            ],
            [
              -79.5646445,
              43.6082841
            ],
            [
              -79.5646066,
              43.60819
            ],
            [
              -79.5645755,
              43.6080253
            ],
            [
              -79.5645842,
              43.6078811
            ],
            [
              -79.5646177,
              43.6077753
            ],
            [
              -79.5646873,
              43.6076577
            ],
            [
              -79.5648665,
              43.6074495
            ],
            [
              -79.5648656,
              43.6073808
            ],
            [
              -79.5648631,
              43.6073223
            ],
            [
              -79.5648496,
              43.6072609
            ],
            [
              -79.5648122,
              43.6072014
            ],
            [
              -79.5647318,
              43.6071267
            ],
            [
              -79.5637853,
              43.6068507
            ],
            [
              -79.5636615,
              43.6068353
            ],
            [
              -79.5635047,
              43.606829
            ],
            [
              -79.5633477,
              43.6068576
            ],
            [
              -79.5632188,
              43.6068935
            ],
            [
              -79.5629442,
              43.6068942
            ],
            [
              -79.5627281,
              43.6068295
            ],
            [
              -79.5625386,
              43.6067478
            ],
            [
              -79.5622892,
              43.6065369
            ],
            [
              -79.5622663,
              43.6065175
            ],
            [
              -79.5619402,
              43.6061595
            ],
            [
              -79.5617746,
              43.6060108
            ],
            [
              -79.5615628,
              43.6058912
            ],
            [
              -79.5613092,
              43.605802
            ],
            [
              -79.5609272,
              43.6057012
            ],
            [
              -79.5605314,
              43.6055214
            ],
            [
              -79.5602368,
              43.6053055
            ],
            [
              -79.5600794,
              43.6051932
            ],
            [
              -79.5598036,
              43.6050279
            ],
            [
              -79.5590389,
              43.6045698
            ],
            [
              -79.5587379,
              43.6043423
            ],
            [
              -79.5584442,
              43.6040952
            ],
            [
              -79.5582636,
              43.6038433
            ],
            [
              -79.5581685,
              43.6035826
            ],
            [
              -79.5579488,
              43.6034262
            ],
            [
              -79.557554,
              43.6032273
            ],
            [
              -79.5568588,
              43.6029352
            ],
            [
              -79.5564296,
              43.6026679
            ],
            [
              -79.5562064,
              43.6023385
            ],
            [
              -79.5561378,
              43.6019034
            ],
            [
              -79.5560863,
              43.6014497
            ],
            [
              -79.5560005,
              43.6008965
            ],
            [
              -79.5559232,
              43.6005982
            ],
            [
              -79.555949,
              43.6002377
            ],
            [
              -79.5558741,
              43.5998717
            ],
            [
              -79.5558456,
              43.5997819
            ],
            [
              -79.5557846,
              43.5996926
            ],
            [
              -79.5556739,
              43.5996042
            ],
            [
              -79.5554855,
              43.5995167
            ],
            [
              -79.555175,
              43.5994138
            ],
            [
              -79.5547393,
              43.5993003
            ],
            [
              -79.5543341,
              43.5991497
            ],
            [
              -79.5541172,
              43.5990177
            ],
            [
              -79.5539372,
              43.5988865
            ],
            [
              -79.5537517,
              43.5986651
            ],
            [
              -79.5535972,
              43.598317
            ],
            [
              -79.5535457,
              43.5979565
            ],
            [
              -79.5535764,
              43.5976083
            ],
            [
              -79.5536609,
              43.5972606
            ],
            [
              -79.5538755,
              43.5968673
            ],
            [
              -79.5539405,
              43.5964274
            ],
            [
              -79.5539355,
              43.5961496
            ],
            [
              -79.5538835,
              43.5959718
            ],
            [
              -79.5537742,
              43.5958165
            ],
            [
              -79.5536073,
              43.5956989
            ],
            [
              -79.5533485,
              43.5955969
            ],
            [
              -79.5530804,
              43.5955102
            ],
            [
              -79.5512053,
              43.5953609
            ],
            [
              -79.5495974,
              43.5953298
            ],
            [
              -79.5493977,
              43.5953255
            ],
            [
              -79.5492366,
              43.5953026
            ],
            [
              -79.5491293,
              43.5952744
            ],
            [
              -79.5490567,
              43.5952339
            ],
            [
              -79.548847,
              43.5950983
            ],
            [
              -79.5486988,
              43.5949326
            ],
            [
              -79.5486016,
              43.5947749
            ],
            [
              -79.5485781,
              43.5944333
            ],
            [
              -79.5486193,
              43.5941401
            ],
            [
              -79.5487914,
              43.5936563
            ],
            [
              -79.5488084,
              43.5933699
            ],
            [
              -79.5488718,
              43.5931687
            ],
            [
              -79.5490757,
              43.5928793
            ],
            [
              -79.5494159,
              43.5924084
            ],
            [
              -79.5495117,
              43.5919828
            ],
            [
              -79.549495,
              43.5915189
            ],
            [
              -79.5494753,
              43.5912125
            ],
            [
              -79.549442,
              43.5909433
            ],
            [
              -79.5494258,
              43.590696
            ],
            [
              -79.549368,
              43.5905549
            ],
            [
              -79.5493048,
              43.5904547
            ],
            [
              -79.549242,
              43.5903946
            ],
            [
              -79.5491722,
              43.5903567
            ],
            [
              -79.5490825,
              43.590323
            ],
            [
              -79.5486532,
              43.590211
            ],
            [
              -79.5484675,
              43.5901289
            ],
            [
              -79.5483186,
              43.590037
            ],
            [
              -79.5478465,
              43.5898319
            ],
            [
              -79.5474342,
              43.5896059
            ],
            [
              -79.5471767,
              43.589532
            ],
            [
              -79.5469483,
              43.5894122
            ],
            [
              -79.5467971,
              43.5893368
            ],
            [
              -79.5466188,
              43.589228
            ],
            [
              -79.546506,
              43.5890624
            ],
            [
              -79.5463559,
              43.5889609
            ],
            [
              -79.5466512,
              43.5886872
            ],
            [
              -79.5472556,
              43.5879978
            ],
            [
              -79.5473764,
              43.5878753
            ],
            [
              -79.5474901,
              43.5877523
            ],
            [
              -79.5476348,
              43.5875993
            ],
            [
              -79.5478817,
              43.5873289
            ],
            [
              -79.5482222,
              43.5869706
            ],
            [
              -79.5480821,
              43.5869562
            ],
            [
              -79.5479022,
              43.5869005
            ],
            [
              -79.5473997,
              43.5867488
            ],
            [
              -79.5457497,
              43.5858023
            ],
            [
              -79.5445377,
              43.5850852
            ],
            [
              -79.5445627,
              43.5847282
            ],
            [
              -79.544713,
              43.5835621
            ],
            [
              -79.5448528,
              43.581969
            ],
            [
              -79.5448114,
              43.58183
            ],
            [
              -79.5443211,
              43.5813074
            ],
            [
              -79.5437978,
              43.5807511
            ],
            [
              -79.5435825,
              43.5805217
            ],
            [
              -79.5406949,
              43.5796082
            ],
            [
              -79.541716,
              43.5828049
            ],
            [
              -79.5277013,
              43.5869834
            ],
            [
              -79.5160956,
              43.584835
            ],
            [
              -79.5057794,
              43.5859559
            ],
            [
              -79.4990562,
              43.5932855
            ],
            [
              -79.495503,
              43.5966714
            ],
            [
              -79.4870929,
              43.604685
            ],
            [
              -79.4781204,
              43.610042
            ],
            [
              -79.4678886,
              43.6217802
            ],
            [
              -79.4669045,
              43.6303281
            ],
            [
              -79.4707074,
              43.6312657
            ],
            [
              -79.4712258,
              43.6317018
            ],
            [
              -79.4720262,
              43.6323752
            ],
            [
              -79.4724327,
              43.6326342
            ],
            [
              -79.4726081,
              43.6327264
            ],
            [
              -79.4728011,
              43.6328279
            ],
            [
              -79.47326,
              43.6330176
            ],
            [
              -79.4739643,
              43.6333014
            ],
            [
              -79.4742391,
              43.6334403
            ],
            [
              -79.4742481,
              43.6334448
            ],
            [
              -79.4743592,
              43.6334853
            ],
            [
              -79.4751313,
              43.6338635
            ],
            [
              -79.4755026,
              43.6341156
            ],
            [
              -79.4756059,
              43.6342829
            ],
            [
              -79.4757054,
              43.6344442
            ],
            [
              -79.4758412,
              43.6347638
            ],
            [
              -79.4759668,
              43.6349715
            ],
            [
              -79.4760127,
              43.6350474
            ],
            [
              -79.4761783,
              43.6353625
            ],
            [
              -79.4762541,
              43.6354927
            ],
            [
              -79.4763435,
              43.6356461
            ],
            [
              -79.4764239,
              43.6357877
            ],
            [
              -79.47653,
              43.6359747
            ],
            [
              -79.4767158,
              43.6362402
            ],
            [
              -79.4767374,
              43.6362792
            ],
            [
              -79.4768334,
              43.6364518
            ],
            [
              -79.4768754,
              43.6367561
            ],
            [
              -79.4769786,
              43.6369965
            ],
            [
              -79.4770886,
              43.6372211
            ],
            [
              -79.4772179,
              43.6374165
            ],
            [
              -79.4772954,
              43.6375418
            ],
            [
              -79.4775022,
              43.6377419
            ],
            [
              -79.4778418,
              43.6378812
            ],
            [
              -79.478121,
              43.6380012
            ],
            [
              -79.4784581,
              43.6380777
            ],
            [
              -79.4788501,
              43.638128
            ],
            [
              -79.4793646,
              43.6381399
            ],
            [
              -79.4798545,
              43.638144
            ],
            [
              -79.4804005,
              43.6381205
            ],
            [
              -79.4808625,
              43.6381008
            ],
            [
              -79.4814028,
              43.6380391
            ],
            [
              -79.4818859,
              43.6379945
            ],
            [
              -79.4823343,
              43.6379777
            ],
            [
              -79.4824819,
              43.6379769
            ],
            [
              -79.4830138,
              43.6380113
            ],
            [
              -79.483247,
              43.6380147
            ],
            [
              -79.4833796,
              43.6380255
            ],
            [
              -79.4836189,
              43.6380478
            ],
            [
              -79.4838557,
              43.63806
            ],
            [
              -79.4840552,
              43.6381017
            ],
            [
              -79.4842532,
              43.6381557
            ],
            [
              -79.4843995,
              43.638228
            ],
            [
              -79.484536,
              43.6382964
            ],
            [
              -79.4846774,
              43.638377
            ],
            [
              -79.4847375,
              43.6384153
            ],
            [
              -79.4848366,
              43.6384847
            ],
            [
              -79.4849233,
              43.6385842
            ],
            [
              -79.4850478,
              43.6388319
            ],
            [
              -79.4851025,
              43.6391222
            ],
            [
              -79.4851293,
              43.6396454
            ],
            [
              -79.4851155,
              43.6398983
            ],
            [
              -79.4851063,
              43.6400671
            ],
            [
              -79.485116,
              43.6402835
            ],
            [
              -79.4850743,
              43.6406233
            ],
            [
              -79.4850283,
              43.6408804
            ],
            [
              -79.4850087,
              43.641238
            ],
            [
              -79.485008,
              43.641397
            ],
            [
              -79.4849996,
              43.6415732
            ],
            [
              -79.4849928,
              43.6417454
            ],
            [
              -79.4850669,
              43.6419264
            ],
            [
              -79.4852193,
              43.6420416
            ],
            [
              -79.485443,
              43.642102
            ],
            [
              -79.4857114,
              43.6421192
            ],
            [
              -79.4859774,
              43.6421144
            ],
            [
              -79.486347,
              43.6420775
            ],
            [
              -79.4866661,
              43.6420337
            ],
            [
              -79.4870952,
              43.6419375
            ],
            [
              -79.4875079,
              43.6418173
            ],
            [
              -79.4879479,
              43.6416471
            ],
            [
              -79.4882149,
              43.6415286
            ],
            [
              -79.4889987,
              43.6412507
            ],
            [
              -79.489108,
              43.6412164
            ],
            [
              -79.4892915,
              43.641203
            ],
            [
              -79.4894395,
              43.6412391
            ],
            [
              -79.4896606,
              43.6413657
            ],
            [
              -79.4898013,
              43.6414643
            ],
            [
              -79.4899051,
              43.6415613
            ],
            [
              -79.4899716,
              43.6416472
            ],
            [
              -79.4900517,
              43.6417737
            ],
            [
              -79.4901014,
              43.6418521
            ],
            [
              -79.4901977,
              43.6420068
            ],
            [
              -79.4902256,
              43.6420629
            ],
            [
              -79.4903628,
              43.6423939
            ],
            [
              -79.4903966,
              43.6424987
            ],
            [
              -79.4904604,
              43.6426964
            ],
            [
              -79.4905945,
              43.6430842
            ],
            [
              -79.4907893,
              43.6434756
            ],
            [
              -79.4909852,
              43.6438416
            ],
            [
              -79.4912043,
              43.6442039
            ],
            [
              -79.4913616,
              43.6444314
            ],
            [
              -79.4914388,
              43.6445557
            ],
            [
              -79.491553,
              43.6447221
            ],
            [
              -79.49174,
              43.644954
            ],
            [
              -79.4918882,
              43.6450951
            ],
            [
              -79.4920044,
              43.6451942
            ],
            [
              -79.4922101,
              43.6453552
            ],
            [
              -79.4923618,
              43.6454729
            ],
            [
              -79.4924363,
              43.6455344
            ],
            [
              -79.4925206,
              43.6456237
            ],
            [
              -79.4925548,
              43.6456832
            ],
            [
              -79.4926217,
              43.6457702
            ],
            [
              -79.4926745,
              43.6458388
            ],
            [
              -79.4927076,
              43.6459117
            ],
            [
              -79.492789,
              43.6462189
            ],
            [
              -79.4928142,
              43.646469
            ],
            [
              -79.492821,
              43.6467386
            ],
            [
              -79.4927969,
              43.6469205
            ],
            [
              -79.4927731,
              43.6471274
            ],
            [
              -79.4926313,
              43.6474477
            ],
            [
              -79.4924914,
              43.6477253
            ],
            [
              -79.492422,
              43.6478717
            ],
            [
              -79.492274,
              43.6481102
            ],
            [
              -79.4920396,
              43.6483937
            ],
            [
              -79.4919737,
              43.6484747
            ],
            [
              -79.4917827,
              43.6487222
            ],
            [
              -79.491539,
              43.6490688
            ],
            [
              -79.4912895,
              43.6493928
            ],
            [
              -79.4909411,
              43.6497202
            ],
            [
              -79.4907949,
              43.6500687
            ],
            [
              -79.4907916,
              43.6503451
            ],
            [
              -79.4908315,
              43.6506287
            ],
            [
              -79.4910142,
              43.650994
            ],
            [
              -79.491167,
              43.6512608
            ],
            [
              -79.4913164,
              43.6515012
            ],
            [
              -79.4915755,
              43.6517367
            ],
            [
              -79.491921,
              43.6519602
            ],
            [
              -79.4924923,
              43.6521525
            ],
            [
              -79.4931799,
              43.6522702
            ],
            [
              -79.4933619,
              43.6522919
            ],
            [
              -79.4938077,
              43.6522991
            ],
            [
              -79.4944322,
              43.6522751
            ],
            [
              -79.49484,
              43.6522105
            ],
            [
              -79.4957509,
              43.6520924
            ],
            [
              -79.4962791,
              43.6520299
            ],
            [
              -79.4966497,
              43.6519855
            ],
            [
              -79.497257,
              43.6519766
            ],
            [
              -79.4978644,
              43.6519946
            ],
            [
              -79.4984678,
              43.6520967
            ],
            [
              -79.4990808,
              43.652153
            ],
            [
              -79.4996917,
              43.6521701
            ],
            [
              -79.5003432,
              43.6521791
            ],
            [
              -79.5009475,
              43.6522826
            ],
            [
              -79.5015251,
              43.6524086
            ],
            [
              -79.5020713,
              43.6525931
            ],
            [
              -79.5025467,
              43.6528798
            ],
            [
              -79.5028254,
              43.6531902
            ],
            [
              -79.5029241,
              43.6533984
            ],
            [
              -79.5029607,
              43.6536412
            ],
            [
              -79.5029407,
              43.654117
            ],
            [
              -79.5028909,
              43.6544751
            ],
            [
              -79.5027746,
              43.6547996
            ],
            [
              -79.5027082,
              43.654939
            ],
            [
              -79.5025321,
              43.6551721
            ],
            [
              -79.5023129,
              43.6554701
            ],
            [
              -79.5019437,
              43.6557976
            ],
            [
              -79.5016145,
              43.6560901
            ],
            [
              -79.5012368,
              43.6563647
            ],
            [
              -79.5005657,
              43.6567342
            ],
            [
              -79.5000907,
              43.657061
            ],
            [
              -79.4997552,
              43.6573711
            ],
            [
              -79.4996257,
              43.6576546
            ],
            [
              -79.4995323,
              43.657922
            ],
            [
              -79.4994704,
              43.6581941
            ],
            [
              -79.4994432,
              43.6583136
            ],
            [
              -79.499523,
              43.6586961
            ],
            [
              -79.4997798,
              43.6590517
            ],
            [
              -79.4998846,
              43.6591375
            ],
            [
              -79.5001482,
              43.6593532
            ],
            [
              -79.500615,
              43.6595692
            ],
            [
              -79.5010562,
              43.6597808
            ],
            [
              -79.5014175,
              43.6599748
            ],
            [
              -79.5014835,
              43.6600103
            ],
            [
              -79.5019162,
              43.6602893
            ],
            [
              -79.5022943,
              43.6605638
            ],
            [
              -79.5024608,
              43.6606847
            ],
            [
              -79.5026972,
              43.6608564
            ],
            [
              -79.503085,
              43.6611309
            ],
            [
              -79.5034496,
              43.6614189
            ],
            [
              -79.5037576,
              43.6617069
            ],
            [
              -79.5038123,
              43.6617469
            ],
            [
              -79.5040962,
              43.6619544
            ],
            [
              -79.504205,
              43.662012
            ],
            [
              -79.5044701,
              43.662148
            ],
            [
              -79.5048607,
              43.662346
            ],
            [
              -79.5051471,
              43.6625575
            ],
            [
              -79.5054067,
              43.6627555
            ],
            [
              -79.5055253,
              43.662814
            ],
            [
              -79.5057705,
              43.6629175
            ],
            [
              -79.5060073,
              43.6629884
            ],
            [
              -79.5061689,
              43.663021
            ],
            [
              -79.5066044,
              43.6630255
            ],
            [
              -79.507091,
              43.6629219
            ],
            [
              -79.5075025,
              43.6627958
            ],
            [
              -79.5079446,
              43.6626248
            ],
            [
              -79.5083774,
              43.6624897
            ],
            [
              -79.508845,
              43.6623231
            ],
            [
              -79.5092933,
              43.6621295
            ],
            [
              -79.5097865,
              43.6620079
            ],
            [
              -79.5102507,
              43.6619449
            ],
            [
              -79.5105796,
              43.6619764
            ],
            [
              -79.5109845,
              43.6620573
            ],
            [
              -79.5110872,
              43.6620753
            ],
            [
              -79.5113062,
              43.6621293
            ],
            [
              -79.5114968,
              43.6622103
            ],
            [
              -79.5115383,
              43.6622328
            ],
            [
              -79.5116917,
              43.6623138
            ],
            [
              -79.5118433,
              43.6623948
            ],
            [
              -79.5119622,
              43.6624623
            ],
            [
              -79.5119867,
              43.6624758
            ],
            [
              -79.5120165,
              43.6624983
            ],
            [
              -79.5121289,
              43.6625792
            ],
            [
              -79.5121888,
              43.6626216
            ],
            [
              -79.5124076,
              43.6629303
            ],
            [
              -79.5125871,
              43.6633308
            ],
            [
              -79.5126972,
              43.6637179
            ],
            [
              -79.5128066,
              43.6641139
            ],
            [
              -79.5128722,
              43.664528
            ],
            [
              -79.5129316,
              43.6648152
            ],
            [
              -79.5129587,
              43.6649465
            ],
            [
              -79.5130519,
              43.6653515
            ],
            [
              -79.5130842,
              43.6657656
            ],
            [
              -79.5130789,
              43.6661752
            ],
            [
              -79.5129899,
              43.6665532
            ],
            [
              -79.5128009,
              43.6668683
            ],
            [
              -79.5125324,
              43.6671519
            ],
            [
              -79.5121671,
              43.6673635
            ],
            [
              -79.5117901,
              43.6676021
            ],
            [
              -79.5114612,
              43.6679037
            ],
            [
              -79.5112773,
              43.6682863
            ],
            [
              -79.5113471,
              43.6686643
            ],
            [
              -79.5114434,
              43.6689344
            ],
            [
              -79.5114899,
              43.6690649
            ],
            [
              -79.5115071,
              43.6691006
            ],
            [
              -79.5115135,
              43.6691324
            ],
            [
              -79.5116357,
              43.6694834
            ],
            [
              -79.5117416,
              43.669902
            ],
            [
              -79.5117513,
              43.6699687
            ],
            [
              -79.5118073,
              43.670352
            ],
            [
              -79.5118461,
              43.6706176
            ],
            [
              -79.5118725,
              43.6707931
            ],
            [
              -79.5119691,
              43.6712341
            ],
            [
              -79.5120936,
              43.6716842
            ],
            [
              -79.5122526,
              43.6721252
            ],
            [
              -79.5123581,
              43.6725888
            ],
            [
              -79.512435,
              43.6730658
            ],
            [
              -79.5123401,
              43.6732777
            ],
            [
              -79.5123006,
              43.6735336
            ],
            [
              -79.5123189,
              43.6735953
            ],
            [
              -79.5123931,
              43.6736758
            ],
            [
              -79.5123042,
              43.6739435
            ],
            [
              -79.5120509,
              43.6743305
            ],
            [
              -79.5116595,
              43.6746591
            ],
            [
              -79.511224,
              43.6749742
            ],
            [
              -79.5107307,
              43.6752353
            ],
            [
              -79.5102196,
              43.6755189
            ],
            [
              -79.5098634,
              43.6756944
            ],
            [
              -79.5097011,
              43.6757755
            ],
            [
              -79.5092477,
              43.6760455
            ],
            [
              -79.5088376,
              43.6763966
            ],
            [
              -79.5085234,
              43.6767612
            ],
            [
              -79.5082789,
              43.6771708
            ],
            [
              -79.5080794,
              43.6776073
            ],
            [
              -79.5078969,
              43.6780439
            ],
            [
              -79.5076882,
              43.6784625
            ],
            [
              -79.5074631,
              43.6788811
            ],
            [
              -79.5074437,
              43.6789171
            ],
            [
              -79.5072457,
              43.6792772
            ],
            [
              -79.507171,
              43.6793582
            ],
            [
              -79.50694,
              43.6796057
            ],
            [
              -79.5065602,
              43.6798443
            ],
            [
              -79.5061192,
              43.6800199
            ],
            [
              -79.5059001,
              43.6801062
            ],
            [
              -79.505708,
              43.6802111
            ],
            [
              -79.5055608,
              43.6803932
            ],
            [
              -79.5055317,
              43.6805735
            ],
            [
              -79.5054697,
              43.6809291
            ],
            [
              -79.5055457,
              43.6813026
            ],
            [
              -79.5054745,
              43.6815264
            ],
            [
              -79.5054738,
              43.6816604
            ],
            [
              -79.5054978,
              43.6818209
            ],
            [
              -79.5056277,
              43.681987
            ],
            [
              -79.5057741,
              43.6821196
            ],
            [
              -79.5059726,
              43.6822341
            ],
            [
              -79.5064087,
              43.6823511
            ],
            [
              -79.506863,
              43.6824793
            ],
            [
              -79.5074517,
              43.682441
            ],
            [
              -79.5079566,
              43.6823617
            ],
            [
              -79.5082317,
              43.6823674
            ],
            [
              -79.5084234,
              43.6823733
            ],
            [
              -79.5084506,
              43.6823733
            ],
            [
              -79.5088952,
              43.6824497
            ],
            [
              -79.5092526,
              43.6826387
            ],
            [
              -79.5095407,
              43.6829222
            ],
            [
              -79.5097811,
              43.6832282
            ],
            [
              -79.5100145,
              43.6835253
            ],
            [
              -79.5101204,
              43.6838313
            ],
            [
              -79.5102162,
              43.6840806
            ],
            [
              -79.5102363,
              43.6841329
            ],
            [
              -79.5102881,
              43.6842761
            ],
            [
              -79.5103677,
              43.6844538
            ],
            [
              -79.5104775,
              43.6846667
            ],
            [
              -79.5106507,
              43.6849836
            ],
            [
              -79.5107682,
              43.6853378
            ],
            [
              -79.5108685,
              43.6856635
            ],
            [
              -79.5108826,
              43.6857095
            ],
            [
              -79.5109779,
              43.6860844
            ],
            [
              -79.5111152,
              43.6864646
            ],
            [
              -79.511268,
              43.686811
            ],
            [
              -79.5113831,
              43.6871661
            ],
            [
              -79.5115086,
              43.6873247
            ],
            [
              -79.511693,
              43.687425
            ],
            [
              -79.5118614,
              43.6875506
            ],
            [
              -79.512017,
              43.6876999
            ],
            [
              -79.5122275,
              43.6879026
            ],
            [
              -79.512395,
              43.6880988
            ],
            [
              -79.5126309,
              43.6884249
            ],
            [
              -79.5127541,
              43.6888673
            ],
            [
              -79.5126394,
              43.68923
            ],
            [
              -79.5127392,
              43.6896011
            ],
            [
              -79.5127461,
              43.6896223
            ],
            [
              -79.5128764,
              43.6900214
            ],
            [
              -79.5129646,
              43.6903998
            ],
            [
              -79.5129741,
              43.6904243
            ],
            [
              -79.513013,
              43.6905251
            ],
            [
              -79.5131161,
              43.6907925
            ],
            [
              -79.5132052,
              43.6911707
            ],
            [
              -79.5132771,
              43.6915819
            ],
            [
              -79.5133165,
              43.6919914
            ],
            [
              -79.5133026,
              43.6923929
            ],
            [
              -79.5132999,
              43.6926601
            ],
            [
              -79.5132974,
              43.6929062
            ],
            [
              -79.5132924,
              43.6933926
            ],
            [
              -79.5129309,
              43.6939805
            ],
            [
              -79.5128194,
              43.6942478
            ],
            [
              -79.5127692,
              43.6945235
            ],
            [
              -79.5127454,
              43.6948275
            ],
            [
              -79.5126487,
              43.69518
            ],
            [
              -79.5124499,
              43.6954931
            ],
            [
              -79.5122391,
              43.6957905
            ],
            [
              -79.5120318,
              43.6960942
            ],
            [
              -79.5119031,
              43.6963965
            ],
            [
              -79.5119255,
              43.6965064
            ],
            [
              -79.5119679,
              43.6967027
            ],
            [
              -79.5122489,
              43.6969583
            ],
            [
              -79.5126573,
              43.6971171
            ],
            [
              -79.5131072,
              43.6972414
            ],
            [
              -79.5135389,
              43.6972568
            ],
            [
              -79.5139064,
              43.6972062
            ],
            [
              -79.5143021,
              43.6970992
            ],
            [
              -79.5146586,
              43.6970523
            ],
            [
              -79.5150526,
              43.6970277
            ],
            [
              -79.5154807,
              43.6969668
            ],
            [
              -79.5156994,
              43.6969266
            ],
            [
              -79.5158808,
              43.6968933
            ],
            [
              -79.5163424,
              43.6968093
            ],
            [
              -79.5167847,
              43.6968218
            ],
            [
              -79.5171979,
              43.6968514
            ],
            [
              -79.5172122,
              43.6968542
            ],
            [
              -79.5176098,
              43.6969324
            ],
            [
              -79.5180069,
              43.6969583
            ],
            [
              -79.5188191,
              43.6971304
            ],
            [
              -79.5191493,
              43.697287
            ],
            [
              -79.5194895,
              43.6974793
            ],
            [
              -79.519757,
              43.69773
            ],
            [
              -79.520044,
              43.6979795
            ],
            [
              -79.5203184,
              43.6982582
            ],
            [
              -79.5205428,
              43.6985579
            ],
            [
              -79.5206943,
              43.6987604
            ],
            [
              -79.5208,
              43.6989914
            ],
            [
              -79.5209429,
              43.6992888
            ],
            [
              -79.5209441,
              43.6992928
            ],
            [
              -79.5210458,
              43.6995385
            ],
            [
              -79.5211829,
              43.6997255
            ],
            [
              -79.5214369,
              43.6998778
            ],
            [
              -79.5218093,
              43.7000519
            ],
            [
              -79.522102,
              43.7001712
            ],
            [
              -79.5221399,
              43.7001941
            ],
            [
              -79.5223561,
              43.7002873
            ],
            [
              -79.5228238,
              43.7004692
            ],
            [
              -79.5233318,
              43.7006937
            ],
            [
              -79.523859,
              43.7008697
            ],
            [
              -79.5244459,
              43.7010561
            ],
            [
              -79.5249746,
              43.7012465
            ],
            [
              -79.5255805,
              43.7014289
            ],
            [
              -79.5260953,
              43.7016592
            ],
            [
              -79.5266525,
              43.7018971
            ],
            [
              -79.5271802,
              43.7020752
            ],
            [
              -79.527217,
              43.7020871
            ],
            [
              -79.527739,
              43.7022391
            ],
            [
              -79.5282587,
              43.7023293
            ],
            [
              -79.5285732,
              43.7024238
            ],
            [
              -79.5287829,
              43.7025697
            ],
            [
              -79.5290352,
              43.7029046
            ],
            [
              -79.5291741,
              43.7032621
            ],
            [
              -79.5294094,
              43.703558
            ],
            [
              -79.5297184,
              43.7038329
            ],
            [
              -79.5300488,
              43.7040477
            ],
            [
              -79.530386,
              43.7043098
            ],
            [
              -79.5307444,
              43.7045933
            ],
            [
              -79.5311001,
              43.7048033
            ],
            [
              -79.5316288,
              43.7049292
            ],
            [
              -79.5319392,
              43.7049546
            ],
            [
              -79.532194,
              43.7049755
            ],
            [
              -79.5327098,
              43.7050068
            ],
            [
              -79.5331739,
              43.7050157
            ],
            [
              -79.5336212,
              43.7049645
            ],
            [
              -79.5341327,
              43.7048354
            ],
            [
              -79.5345832,
              43.7046912
            ],
            [
              -79.5350422,
              43.7045669
            ],
            [
              -79.5354548,
              43.7045227
            ],
            [
              -79.535797,
              43.7045581
            ],
            [
              -79.5359101,
              43.7046288
            ],
            [
              -79.5359987,
              43.7048011
            ],
            [
              -79.5359534,
              43.7050007
            ],
            [
              -79.535727,
              43.7053316
            ],
            [
              -79.5356036,
              43.705699
            ],
            [
              -79.5355445,
              43.7060951
            ],
            [
              -79.5355089,
              43.7062887
            ],
            [
              -79.5355001,
              43.7063832
            ],
            [
              -79.535446,
              43.7067883
            ],
            [
              -79.5354511,
              43.7068603
            ],
            [
              -79.535471,
              43.7071609
            ],
            [
              -79.5355596,
              43.7075611
            ],
            [
              -79.5356621,
              43.7079026
            ],
            [
              -79.53584,
              43.7081249
            ],
            [
              -79.5359087,
              43.7082104
            ],
            [
              -79.5360935,
              43.7083103
            ],
            [
              -79.5364725,
              43.7083611
            ],
            [
              -79.5369431,
              43.7083412
            ],
            [
              -79.5373556,
              43.7083567
            ],
            [
              -79.5376826,
              43.7084164
            ],
            [
              -79.5379974,
              43.7085423
            ],
            [
              -79.5385047,
              43.7087831
            ],
            [
              -79.5387889,
              43.7089642
            ],
            [
              -79.5391281,
              43.7093198
            ],
            [
              -79.5391539,
              43.7093529
            ],
            [
              -79.5393909,
              43.7096578
            ],
            [
              -79.5395345,
              43.7099693
            ],
            [
              -79.5396384,
              43.7103558
            ],
            [
              -79.5396445,
              43.7107601
            ],
            [
              -79.5395315,
              43.7110605
            ],
            [
              -79.5391308,
              43.711387
            ],
            [
              -79.5387672,
              43.7116166
            ],
            [
              -79.5384059,
              43.7118283
            ],
            [
              -79.5381784,
              43.7120444
            ],
            [
              -79.5381234,
              43.7120984
            ],
            [
              -79.5379271,
              43.7123682
            ],
            [
              -79.5378904,
              43.7125338
            ],
            [
              -79.5378452,
              43.7129987
            ],
            [
              -79.5378446,
              43.7131413
            ],
            [
              -79.5378721,
              43.7134085
            ],
            [
              -79.5379179,
              43.7136935
            ],
            [
              -79.5379332,
              43.7139585
            ],
            [
              -79.5379393,
              43.714323
            ],
            [
              -79.5380585,
              43.7145439
            ],
            [
              -79.5382602,
              43.7146985
            ],
            [
              -79.5387277,
              43.7148332
            ],
            [
              -79.5394426,
              43.7149425
            ],
            [
              -79.5398498,
              43.7149919
            ],
            [
              -79.5403689,
              43.7150166
            ],
            [
              -79.5405767,
              43.7151182
            ],
            [
              -79.5407845,
              43.7152882
            ],
            [
              -79.5408212,
              43.7154959
            ],
            [
              -79.5405553,
              43.7157653
            ],
            [
              -79.5404239,
              43.7160304
            ],
            [
              -79.5403903,
              43.7163264
            ],
            [
              -79.540482,
              43.7165715
            ],
            [
              -79.540647,
              43.716746
            ],
            [
              -79.540974,
              43.7168454
            ],
            [
              -79.5411848,
              43.7168697
            ],
            [
              -79.5414507,
              43.7168145
            ],
            [
              -79.5417196,
              43.7167173
            ],
            [
              -79.5420558,
              43.7166444
            ],
            [
              -79.5423614,
              43.716651
            ],
            [
              -79.5426578,
              43.7167129
            ],
            [
              -79.5429481,
              43.7168079
            ],
            [
              -79.5431773,
              43.7168785
            ],
            [
              -79.5434401,
              43.7170022
            ],
            [
              -79.5436542,
              43.7171599
            ],
            [
              -79.543856,
              43.7173489
            ],
            [
              -79.5438591,
              43.7173534
            ],
            [
              -79.543932,
              43.7174254
            ],
            [
              -79.5440812,
              43.7177134
            ],
            [
              -79.5440388,
              43.718042
            ],
            [
              -79.5439795,
              43.718141
            ],
            [
              -79.5438528,
              43.7183481
            ],
            [
              -79.5437802,
              43.7184869
            ],
            [
              -79.5437068,
              43.7186272
            ],
            [
              -79.5434826,
              43.7190099
            ],
            [
              -79.5434578,
              43.7190684
            ],
            [
              -79.5434132,
              43.7191404
            ],
            [
              -79.5433118,
              43.719325
            ],
            [
              -79.5432343,
              43.7194826
            ],
            [
              -79.5431762,
              43.7195996
            ],
            [
              -79.5430774,
              43.7197257
            ],
            [
              -79.543039,
              43.7197662
            ],
            [
              -79.5429508,
              43.7200363
            ],
            [
              -79.5428068,
              43.7203694
            ],
            [
              -79.5425569,
              43.7206845
            ],
            [
              -79.5424328,
              43.7208196
            ],
            [
              -79.5423626,
              43.720887
            ],
            [
              -79.5422689,
              43.7209771
            ],
            [
              -79.5419189,
              43.7212023
            ],
            [
              -79.5417026,
              43.7213509
            ],
            [
              -79.5415576,
              43.7214545
            ],
            [
              -79.5412304,
              43.7216886
            ],
            [
              -79.5409669,
              43.7219543
            ],
            [
              -79.540791,
              43.7222739
            ],
            [
              -79.540723,
              43.7226204
            ],
            [
              -79.5407337,
              43.7229715
            ],
            [
              -79.540742,
              43.7231875
            ],
            [
              -79.540756,
              43.7232505
            ],
            [
              -79.5407483,
              43.723309
            ],
            [
              -79.5407134,
              43.7234269
            ],
            [
              -79.5407136,
              43.7235701
            ],
            [
              -79.5407678,
              43.7239211
            ],
            [
              -79.5409697,
              43.7242361
            ],
            [
              -79.5411305,
              43.7245826
            ],
            [
              -79.5412758,
              43.7249336
            ],
            [
              -79.5413424,
              43.7252892
            ],
            [
              -79.541307,
              43.7256357
            ],
            [
              -79.5412552,
              43.7257326
            ],
            [
              -79.5411482,
              43.7259329
            ],
            [
              -79.540869,
              43.7261355
            ],
            [
              -79.5404735,
              43.7262392
            ],
            [
              -79.5400433,
              43.7262618
            ],
            [
              -79.5396112,
              43.7262395
            ],
            [
              -79.5392002,
              43.7263296
            ],
            [
              -79.5388167,
              43.7264558
            ],
            [
              -79.5384833,
              43.7266449
            ],
            [
              -79.5382822,
              43.726915
            ],
            [
              -79.5382328,
              43.7272661
            ],
            [
              -79.5383179,
              43.7276217
            ],
            [
              -79.53844,
              43.7279682
            ],
            [
              -79.538538,
              43.7282967
            ],
            [
              -79.5386682,
              43.7286252
            ],
            [
              -79.5388018,
              43.7289582
            ],
            [
              -79.5388672,
              43.7292688
            ],
            [
              -79.5387444,
              43.7295434
            ],
            [
              -79.5386221,
              43.7298495
            ],
            [
              -79.538566,
              43.73016
            ],
            [
              -79.5385372,
              43.7305156
            ],
            [
              -79.5385355,
              43.7308307
            ],
            [
              -79.5385073,
              43.7311277
            ],
            [
              -79.5384645,
              43.7314113
            ],
            [
              -79.5384258,
              43.7316273
            ],
            [
              -79.5384659,
              43.7317804
            ],
            [
              -79.5386351,
              43.7319423
            ],
            [
              -79.5389254,
              43.7320773
            ],
            [
              -79.5392623,
              43.7321094
            ],
            [
              -79.5394944,
              43.7319555
            ],
            [
              -79.5394174,
              43.7316675
            ],
            [
              -79.5393132,
              43.731393
            ],
            [
              -79.5392677,
              43.7311301
            ],
            [
              -79.5392861,
              43.7308934
            ],
            [
              -79.5394395,
              43.7306728
            ],
            [
              -79.5395992,
              43.7304387
            ],
            [
              -79.5397875,
              43.7302001
            ],
            [
              -79.5399576,
              43.729966
            ],
            [
              -79.5401062,
              43.7297526
            ],
            [
              -79.5404334,
              43.7295593
            ],
            [
              -79.5408161,
              43.7295314
            ],
            [
              -79.5411635,
              43.7295525
            ],
            [
              -79.5415578,
              43.7296548
            ],
            [
              -79.5419969,
              43.7296825
            ],
            [
              -79.5423837,
              43.7297527
            ],
            [
              -79.5427876,
              43.7298208
            ],
            [
              -79.5432412,
              43.7298802
            ],
            [
              -79.5436181,
              43.7300097
            ],
            [
              -79.5439096,
              43.7302075
            ],
            [
              -79.5442449,
              43.7303784
            ],
            [
              -79.5445608,
              43.7305808
            ],
            [
              -79.544876,
              43.7307832
            ],
            [
              -79.5448221,
              43.730972
            ],
            [
              -79.544529,
              43.731159
            ],
            [
              -79.5442732,
              43.7313641
            ],
            [
              -79.5440096,
              43.7315532
            ],
            [
              -79.5438457,
              43.7317918
            ],
            [
              -79.543887,
              43.7320528
            ],
            [
              -79.54408,
              43.7322823
            ],
            [
              -79.5444137,
              43.7323904
            ],
            [
              -79.5445965,
              43.7324125
            ],
            [
              -79.5448022,
              43.7323725
            ],
            [
              -79.5448962,
              43.7323242
            ],
            [
              -79.5449114,
              43.7322561
            ],
            [
              -79.5449484,
              43.73213
            ],
            [
              -79.544959,
              43.7318994
            ],
            [
              -79.5450793,
              43.7315809
            ],
            [
              -79.5453964,
              43.7314251
            ],
            [
              -79.5458132,
              43.7313075
            ],
            [
              -79.5463611,
              43.7314082
            ],
            [
              -79.5468783,
              43.7315084
            ],
            [
              -79.5472716,
              43.7317273
            ],
            [
              -79.5474397,
              43.7319732
            ],
            [
              -79.547603,
              43.7321949
            ],
            [
              -79.5478095,
              43.7323991
            ],
            [
              -79.5481698,
              43.7325575
            ],
            [
              -79.5482115,
              43.732592
            ],
            [
              -79.5485468,
              43.7328174
            ],
            [
              -79.5487378,
              43.7328864
            ],
            [
              -79.5488766,
              43.7329172
            ],
            [
              -79.5489688,
              43.7329869
            ],
            [
              -79.5492512,
              43.7331669
            ],
            [
              -79.5495909,
              43.7331993
            ],
            [
              -79.5500475,
              43.7332502
            ],
            [
              -79.550292,
              43.7333289
            ],
            [
              -79.5504077,
              43.7335087
            ],
            [
              -79.5504607,
              43.7337394
            ],
            [
              -79.5504618,
              43.7338766
            ],
            [
              -79.5504675,
              43.7339558
            ],
            [
              -79.5504875,
              43.7341065
            ],
            [
              -79.5505289,
              43.7342312
            ],
            [
              -79.550545,
              43.7344065
            ],
            [
              -79.5505248,
              43.7346077
            ],
            [
              -79.5504967,
              43.7346994
            ],
            [
              -79.5504221,
              43.7347799
            ],
            [
              -79.5502965,
              43.7348603
            ],
            [
              -79.5500068,
              43.7350198
            ],
            [
              -79.5496133,
              43.7352527
            ],
            [
              -79.5492678,
              43.7354435
            ],
            [
              -79.5490958,
              43.7357086
            ],
            [
              -79.5490575,
              43.7358037
            ],
            [
              -79.5491107,
              43.7359049
            ],
            [
              -79.5491646,
              43.7359419
            ],
            [
              -79.54943,
              43.7359469
            ],
            [
              -79.5495793,
              43.7359468
            ],
            [
              -79.5498406,
              43.7359016
            ],
            [
              -79.5500147,
              43.7358654
            ],
            [
              -79.5501825,
              43.7359056
            ],
            [
              -79.5503715,
              43.7360552
            ],
            [
              -79.5505039,
              43.736215
            ],
            [
              -79.5505143,
              43.7364009
            ],
            [
              -79.5504997,
              43.7365601
            ],
            [
              -79.5503903,
              43.7366685
            ],
            [
              -79.550212,
              43.7368952
            ],
            [
              -79.5500565,
              43.7372013
            ],
            [
              -79.5501627,
              43.7376025
            ],
            [
              -79.5500319,
              43.7378064
            ],
            [
              -79.5499498,
              43.737863
            ],
            [
              -79.5498736,
              43.7378861
            ],
            [
              -79.5498334,
              43.7378802
            ],
            [
              -79.5497271,
              43.7378413
            ],
            [
              -79.5495196,
              43.7377782
            ],
            [
              -79.5492508,
              43.7378431
            ],
            [
              -79.548878,
              43.7380328
            ],
            [
              -79.5485832,
              43.7382452
            ],
            [
              -79.5484885,
              43.738534
            ],
            [
              -79.5483611,
              43.73878
            ],
            [
              -79.5482205,
              43.7389933
            ],
            [
              -79.5478395,
              43.7390681
            ],
            [
              -79.5475778,
              43.7392012
            ],
            [
              -79.5474836,
              43.7392491
            ],
            [
              -79.5471282,
              43.73945
            ],
            [
              -79.5469488,
              43.7395321
            ],
            [
              -79.5467794,
              43.7396132
            ],
            [
              -79.5464299,
              43.7397983
            ],
            [
              -79.546186,
              43.7400633
            ],
            [
              -79.5461046,
              43.7403703
            ],
            [
              -79.5461415,
              43.7405284
            ],
            [
              -79.546151,
              43.7405692
            ],
            [
              -79.5461724,
              43.7406609
            ],
            [
              -79.5461802,
              43.7406943
            ],
            [
              -79.5463963,
              43.7409431
            ],
            [
              -79.546407,
              43.7409555
            ],
            [
              -79.546734,
              43.7411316
            ],
            [
              -79.5470559,
              43.7413633
            ],
            [
              -79.547363,
              43.7416588
            ],
            [
              -79.5476132,
              43.74178
            ],
            [
              -79.54801,
              43.7417944
            ],
            [
              -79.5482665,
              43.741759
            ],
            [
              -79.5484787,
              43.7416527
            ],
            [
              -79.548762,
              43.7416471
            ],
            [
              -79.5491318,
              43.7417687
            ],
            [
              -79.5492606,
              43.7420109
            ],
            [
              -79.5494058,
              43.7421375
            ],
            [
              -79.54974,
              43.7421868
            ],
            [
              -79.5498003,
              43.7421966
            ],
            [
              -79.549982,
              43.7422259
            ],
            [
              -79.5502217,
              43.7422928
            ],
            [
              -79.550335,
              43.7423726
            ],
            [
              -79.5503576,
              43.7424407
            ],
            [
              -79.5503041,
              43.7425377
            ],
            [
              -79.5501148,
              43.7426982
            ],
            [
              -79.5498512,
              43.7429456
            ],
            [
              -79.5497201,
              43.7432881
            ],
            [
              -79.5497294,
              43.7436235
            ],
            [
              -79.5500116,
              43.743869
            ],
            [
              -79.5503739,
              43.7440842
            ],
            [
              -79.550799,
              43.744211
            ],
            [
              -79.5512129,
              43.7442468
            ],
            [
              -79.5515633,
              43.7441987
            ],
            [
              -79.5519418,
              43.7440684
            ],
            [
              -79.5520312,
              43.7440139
            ],
            [
              -79.5522561,
              43.7438767
            ],
            [
              -79.5525266,
              43.7437523
            ],
            [
              -79.5525622,
              43.743736
            ],
            [
              -79.5528848,
              43.7435373
            ],
            [
              -79.5532228,
              43.7434374
            ],
            [
              -79.553545,
              43.7433715
            ],
            [
              -79.5538965,
              43.743276
            ],
            [
              -79.554354,
              43.7431863
            ],
            [
              -79.5547559,
              43.7432188
            ],
            [
              -79.5552036,
              43.7432385
            ],
            [
              -79.5556333,
              43.7432357
            ],
            [
              -79.5560368,
              43.7432185
            ],
            [
              -79.5564629,
              43.7431101
            ],
            [
              -79.5567399,
              43.7428715
            ],
            [
              -79.5568994,
              43.7425845
            ],
            [
              -79.5569838,
              43.7422697
            ],
            [
              -79.5568729,
              43.7419554
            ],
            [
              -79.5567736,
              43.7416591
            ],
            [
              -79.556797,
              43.7414922
            ],
            [
              -79.5567969,
              43.7414215
            ],
            [
              -79.5568247,
              43.7413887
            ],
            [
              -79.556895,
              43.7412959
            ],
            [
              -79.5570616,
              43.7411603
            ],
            [
              -79.5571625,
              43.7410002
            ],
            [
              -79.5573675,
              43.7409028
            ],
            [
              -79.557633,
              43.7409023
            ],
            [
              -79.5578347,
              43.7409324
            ],
            [
              -79.5582215,
              43.7411235
            ],
            [
              -79.5584601,
              43.7414446
            ],
            [
              -79.5583479,
              43.7416598
            ],
            [
              -79.5582428,
              43.741698
            ],
            [
              -79.5580175,
              43.7417061
            ],
            [
              -79.5578154,
              43.7417315
            ],
            [
              -79.5577312,
              43.7418344
            ],
            [
              -79.5576897,
              43.7419535
            ],
            [
              -79.5577976,
              43.7421504
            ],
            [
              -79.5579976,
              43.7423099
            ],
            [
              -79.5582048,
              43.7424723
            ],
            [
              -79.5582998,
              43.742722
            ],
            [
              -79.5584913,
              43.74293
            ],
            [
              -79.5586018,
              43.7429283
            ],
            [
              -79.5587201,
              43.7428757
            ],
            [
              -79.5588561,
              43.7427696
            ],
            [
              -79.5589751,
              43.7426491
            ],
            [
              -79.5591428,
              43.742551
            ],
            [
              -79.5593221,
              43.7424905
            ],
            [
              -79.5594284,
              43.742495
            ],
            [
              -79.5596408,
              43.7425335
            ],
            [
              -79.5599996,
              43.7426392
            ],
            [
              -79.5603056,
              43.742658
            ],
            [
              -79.5604107,
              43.7426307
            ],
            [
              -79.5605675,
              43.742592
            ],
            [
              -79.561086,
              43.7425215
            ],
            [
              -79.5612982,
              43.7424926
            ],
            [
              -79.5615414,
              43.7425596
            ],
            [
              -79.5619402,
              43.7426736
            ],
            [
              -79.5622962,
              43.7428623
            ],
            [
              -79.5624398,
              43.7429739
            ],
            [
              -79.5624626,
              43.7431528
            ],
            [
              -79.562452,
              43.7434576
            ],
            [
              -79.5622427,
              43.7437704
            ],
            [
              -79.5621693,
              43.7440827
            ],
            [
              -79.5623559,
              43.7443216
            ],
            [
              -79.5627255,
              43.7444973
            ],
            [
              -79.5632405,
              43.7446981
            ],
            [
              -79.5634076,
              43.7448049
            ],
            [
              -79.5636821,
              43.7450496
            ],
            [
              -79.5639849,
              43.745265
            ],
            [
              -79.5643941,
              43.7454165
            ],
            [
              -79.5647999,
              43.7455584
            ],
            [
              -79.5652242,
              43.7456878
            ],
            [
              -79.5656828,
              43.7457791
            ],
            [
              -79.5661217,
              43.7458544
            ],
            [
              -79.5665173,
              43.7458938
            ],
            [
              -79.5668759,
              43.7459536
            ],
            [
              -79.5672717,
              43.746017
            ],
            [
              -79.5676411,
              43.7460739
            ],
            [
              -79.5686103,
              43.7462488
            ],
            [
              -79.5691307,
              43.7463744
            ],
            [
              -79.5693989,
              43.7463952
            ],
            [
              -79.5697469,
              43.7464662
            ],
            [
              -79.5701617,
              43.7465742
            ],
            [
              -79.5705789,
              43.7466475
            ],
            [
              -79.570932,
              43.7467384
            ],
            [
              -79.5712754,
              43.7468077
            ],
            [
              -79.5716628,
              43.7468181
            ],
            [
              -79.5720652,
              43.7468079
            ],
            [
              -79.5724697,
              43.746849
            ],
            [
              -79.5728515,
              43.7469705
            ],
            [
              -79.5731026,
              43.7471626
            ],
            [
              -79.573118,
              43.7471744
            ],
            [
              -79.573308,
              43.7474264
            ],
            [
              -79.5733823,
              43.7476944
            ],
            [
              -79.5733458,
              43.7480118
            ],
            [
              -79.5732233,
              43.7483486
            ],
            [
              -79.5731303,
              43.7486541
            ],
            [
              -79.5730398,
              43.7487856
            ],
            [
              -79.5729549,
              43.7488915
            ],
            [
              -79.5727901,
              43.7491536
            ],
            [
              -79.5726807,
              43.7494342
            ],
            [
              -79.5726193,
              43.7495773
            ],
            [
              -79.5726208,
              43.7496935
            ],
            [
              -79.5726596,
              43.7498409
            ],
            [
              -79.5727227,
              43.7499861
            ],
            [
              -79.5728187,
              43.7500836
            ],
            [
              -79.5729442,
              43.7502102
            ],
            [
              -79.5730453,
              43.7502647
            ],
            [
              -79.5732723,
              43.7503174
            ],
            [
              -79.5735695,
              43.7502922
            ],
            [
              -79.573916,
              43.7501673
            ],
            [
              -79.574149,
              43.7500888
            ],
            [
              -79.5744732,
              43.7500459
            ],
            [
              -79.5748724,
              43.7500075
            ],
            [
              -79.5752511,
              43.7499918
            ],
            [
              -79.5759325,
              43.7500798
            ],
            [
              -79.57631,
              43.7501302
            ],
            [
              -79.5767132,
              43.7501708
            ],
            [
              -79.5771099,
              43.750201
            ],
            [
              -79.5774989,
              43.7502846
            ],
            [
              -79.5778989,
              43.7503691
            ],
            [
              -79.5779308,
              43.7503795
            ],
            [
              -79.5782736,
              43.7504917
            ],
            [
              -79.5785734,
              43.7506641
            ],
            [
              -79.5789126,
              43.7508008
            ],
            [
              -79.5792038,
              43.7509711
            ],
            [
              -79.5794666,
              43.7511879
            ],
            [
              -79.5797226,
              43.7514049
            ],
            [
              -79.5800063,
              43.7515784
            ],
            [
              -79.5803754,
              43.751708
            ],
            [
              -79.5807545,
              43.7518146
            ],
            [
              -79.5807946,
              43.7518276
            ],
            [
              -79.5811138,
              43.7519316
            ],
            [
              -79.5814887,
              43.7520546
            ],
            [
              -79.5818584,
              43.7521727
            ],
            [
              -79.582235,
              43.752287
            ],
            [
              -79.5825576,
              43.7524064
            ],
            [
              -79.5826559,
              43.7524558
            ],
            [
              -79.5828583,
              43.7525575
            ],
            [
              -79.5831059,
              43.7527581
            ],
            [
              -79.5831544,
              43.7529977
            ],
            [
              -79.5831302,
              43.7532484
            ],
            [
              -79.5831141,
              43.7535043
            ],
            [
              -79.5831284,
              43.7537307
            ],
            [
              -79.5833394,
              43.7539155
            ],
            [
              -79.5836689,
              43.7540067
            ],
            [
              -79.5840393,
              43.7541407
            ],
            [
              -79.5842117,
              43.7542827
            ],
            [
              -79.5843465,
              43.7545628
            ],
            [
              -79.5843035,
              43.75469
            ],
            [
              -79.5841264,
              43.7547862
            ],
            [
              -79.5840285,
              43.7549966
            ],
            [
              -79.5841231,
              43.7553465
            ],
            [
              -79.5842478,
              43.7555537
            ],
            [
              -79.5844282,
              43.7556504
            ],
            [
              -79.584597,
              43.7558261
            ],
            [
              -79.5847961,
              43.7559515
            ],
            [
              -79.5849883,
              43.7561123
            ],
            [
              -79.5851246,
              43.7563024
            ],
            [
              -79.585215,
              43.7565056
            ],
            [
              -79.5852022,
              43.7567367
            ],
            [
              -79.5851213,
              43.7569601
            ],
            [
              -79.5849963,
              43.7571127
            ],
            [
              -79.5847878,
              43.7571624
            ],
            [
              -79.5845112,
              43.7572001
            ],
            [
              -79.5842617,
              43.7572371
            ],
            [
              -79.5840277,
              43.7573014
            ],
            [
              -79.5838648,
              43.7574441
            ],
            [
              -79.5838222,
              43.7576214
            ],
            [
              -79.5839023,
              43.7578293
            ],
            [
              -79.5839892,
              43.7580185
            ],
            [
              -79.5840704,
              43.7582098
            ],
            [
              -79.5840901,
              43.758399
            ],
            [
              -79.5840054,
              43.7585716
            ],
            [
              -79.5838223,
              43.7587043
            ],
            [
              -79.5835499,
              43.7587531
            ],
            [
              -79.5832631,
              43.7587113
            ],
            [
              -79.582985,
              43.7586376
            ],
            [
              -79.582715,
              43.7585323
            ],
            [
              -79.5824145,
              43.75852
            ],
            [
              -79.5820823,
              43.7585493
            ],
            [
              -79.5818034,
              43.7585927
            ],
            [
              -79.581509,
              43.7586596
            ],
            [
              -79.5812172,
              43.7587343
            ],
            [
              -79.5809896,
              43.7588232
            ],
            [
              -79.5807699,
              43.7589357
            ],
            [
              -79.5806219,
              43.7590854
            ],
            [
              -79.5805779,
              43.7592446
            ],
            [
              -79.5806448,
              43.759426
            ],
            [
              -79.5807039,
              43.7595886
            ],
            [
              -79.5807821,
              43.7597969
            ],
            [
              -79.580785,
              43.7600029
            ],
            [
              -79.580742,
              43.7602065
            ],
            [
              -79.5806261,
              43.7603725
            ],
            [
              -79.5804052,
              43.7604953
            ],
            [
              -79.5801956,
              43.7605707
            ],
            [
              -79.5799481,
              43.760612
            ],
            [
              -79.5797462,
              43.7606572
            ],
            [
              -79.5795323,
              43.7607357
            ],
            [
              -79.579332,
              43.76085
            ],
            [
              -79.5791881,
              43.7609916
            ],
            [
              -79.5790624,
              43.7611749
            ],
            [
              -79.5789306,
              43.7613256
            ],
            [
              -79.5787636,
              43.7614657
            ],
            [
              -79.5785802,
              43.7615936
            ],
            [
              -79.5783884,
              43.7617008
            ],
            [
              -79.5782101,
              43.7618019
            ],
            [
              -79.5780379,
              43.7618774
            ],
            [
              -79.5778566,
              43.7619397
            ],
            [
              -79.5776795,
              43.762015
            ],
            [
              -79.577558,
              43.7620723
            ],
            [
              -79.577493,
              43.7621301
            ],
            [
              -79.5774856,
              43.7621769
            ],
            [
              -79.5774923,
              43.7622263
            ],
            [
              -79.577541,
              43.7623129
            ],
            [
              -79.5776337,
              43.7623959
            ],
            [
              -79.577721,
              43.7624403
            ],
            [
              -79.5778052,
              43.7624508
            ],
            [
              -79.5778715,
              43.7624416
            ],
            [
              -79.5779707,
              43.7624009
            ],
            [
              -79.5780374,
              43.7623483
            ],
            [
              -79.5780824,
              43.7622919
            ],
            [
              -79.5781226,
              43.7622137
            ],
            [
              -79.578234,
              43.7621333
            ],
            [
              -79.5783799,
              43.7620753
            ],
            [
              -79.5785223,
              43.7620413
            ],
            [
              -79.5786542,
              43.762045
            ],
            [
              -79.5788039,
              43.7620606
            ],
            [
              -79.5789452,
              43.7621105
            ],
            [
              -79.5790671,
              43.7621559
            ],
            [
              -79.5791488,
              43.7621977
            ],
            [
              -79.5792525,
              43.7622173
            ],
            [
              -79.5793857,
              43.7622269
            ],
            [
              -79.5794832,
              43.7622614
            ],
            [
              -79.5795307,
              43.7622796
            ],
            [
              -79.5795859,
              43.762308
            ],
            [
              -79.5796286,
              43.762338
            ],
            [
              -79.5797834,
              43.7624241
            ],
            [
              -79.5798237,
              43.7624803
            ],
            [
              -79.5799172,
              43.7625553
            ],
            [
              -79.5800059,
              43.7626194
            ],
            [
              -79.5801034,
              43.7626924
            ],
            [
              -79.5801826,
              43.7627418
            ],
            [
              -79.5802711,
              43.7627784
            ],
            [
              -79.580355,
              43.7628159
            ],
            [
              -79.580428,
              43.7628548
            ],
            [
              -79.5804815,
              43.7628908
            ],
            [
              -79.5806472,
              43.7630265
            ],
            [
              -79.5904545,
              43.7607432
            ],
            [
              -79.5905832,
              43.7607319
            ],
            [
              -79.5907298,
              43.7607191
            ],
            [
              -79.5914662,
              43.7605466
            ],
            [
              -79.5929039,
              43.7602097
            ],
            [
              -79.594627,
              43.759806
            ],
            [
              -79.5961958,
              43.7594715
            ],
            [
              -79.5969414,
              43.7593058
            ],
            [
              -79.5976199,
              43.7591323
            ],
            [
              -79.5984274,
              43.7589755
            ],
            [
              -79.5996544,
              43.7586857
            ],
            [
              -79.6020396,
              43.7581476
            ],
            [
              -79.6023642,
              43.7580796
            ],
            [
              -79.6033852,
              43.7578662
            ],
            [
              -79.6043721,
              43.7576487
            ],
            [
              -79.6049125,
              43.7575187
            ],
            [
              -79.6066732,
              43.7571304
            ],
            [
              -79.6071233,
              43.7570311
            ],
            [
              -79.6077672,
              43.7568891
            ],
            [
              -79.6084336,
              43.756725
            ],
            [
              -79.6087359,
              43.7566997
            ],
            [
              -79.6112172,
              43.7561076
            ],
            [
              -79.6117854,
              43.7559761
            ],
            [
              -79.6130281,
              43.7556884
            ],
            [
              -79.6149259,
              43.7552703
            ],
            [
              -79.6170035,
              43.7548036
            ],
            [
              -79.6187747,
              43.7544058
            ],
            [
              -79.6195391,
              43.7542341
            ],
            [
              -79.619833,
              43.7541681
            ],
            [
              -79.622453,
              43.7536157
            ],
            [
              -79.6232006,
              43.7534345
            ],
            [
              -79.6239446,
              43.7532653
            ],
            [
              -79.6241365,
              43.75322
            ],
            [
              -79.6241539,
              43.7532151
            ],
            [
              -79.6250214,
              43.7529721
            ],
            [
              -79.6256258,
              43.752893
            ],
            [
              -79.625879,
              43.7528339
            ],
            [
              -79.6278315,
              43.7523782
            ],
            [
              -79.6293415,
              43.7520258
            ],
            [
              -79.629973,
              43.7518784
            ],
            [
              -79.6308995,
              43.751672
            ],
            [
              -79.6318097,
              43.7514692
            ],
            [
              -79.6320302,
              43.7514274
            ],
            [
              -79.6323742,
              43.7513653
            ],
            [
              -79.6326346,
              43.7513283
            ],
            [
              -79.6329415,
              43.7512964
            ],
            [
              -79.6332296,
              43.7512699
            ],
            [
              -79.6335497,
              43.7512552
            ],
            [
              -79.6341054,
              43.7512412
            ],
            [
              -79.6347191,
              43.7512268
            ],
            [
              -79.6351904,
              43.7512181
            ],
            [
              -79.6356056,
              43.7511777
            ],
            [
              -79.6360286,
              43.7511111
            ],
            [
              -79.6365241,
              43.7510032
            ],
            [
              -79.6374799,
              43.7506976
            ],
            [
              -79.637993,
              43.7504952
            ],
            [
              -79.6383075,
              43.7503353
            ],
            [
              -79.6392832,
              43.7498436
            ]
          ]
        ]
      }
    },
    {
      "type": "Feature",
      "properties": {
        "name": "Scarborough",
        "osm_display": "Scarborough, Toronto, Golden Horseshoe, Ontario, Canada"
      },
      "geometry": {
        "type": "Polygon",
        "coordinates": [
          [
            [
              -79.3413434,
              43.8156447
            ],
            [
              -79.3413165,
              43.8155866
            ],
            [
              -79.3400291,
              43.8126769
            ],
            [
              -79.3399498,
              43.8125051
            ],
            [
              -79.3398094,
              43.8121691
            ],
            [
              -79.3393399,
              43.8110236
            ],
            [
              -79.3393339,
              43.8110088
            ],
            [
              -79.3392388,
              43.810758
            ],
            [
              -79.3391851,
              43.8106372
            ],
            [
              -79.3391279,
              43.810504
            ],
            [
              -79.3390611,
              43.8103403
            ],
            [
              -79.3390474,
              43.8103075
            ],
            [
              -79.3389641,
              43.8101082
            ],
            [
              -79.3388794,
              43.8099053
            ],
            [
              -79.3387815,
              43.8096712
            ],
            [
              -79.3386998,
              43.8094754
            ],
            [
              -79.3386611,
              43.8093829
            ],
            [
              -79.3384639,
              43.8089108
            ],
            [
              -79.3384499,
              43.8088774
            ],
            [
              -79.338334,
              43.8085998
            ],
            [
              -79.338297,
              43.8085112
            ],
            [
              -79.3382705,
              43.8084421
            ],
            [
              -79.3381647,
              43.8082088
            ],
            [
              -79.3380721,
              43.8080045
            ],
            [
              -79.3380562,
              43.8079695
            ],
            [
              -79.3378566,
              43.8075294
            ],
            [
              -79.3377459,
              43.8072852
            ],
            [
              -79.3375522,
              43.8068583
            ],
            [
              -79.3375237,
              43.8067907
            ],
            [
              -79.3374767,
              43.8066791
            ],
            [
              -79.3373903,
              43.806474
            ],
            [
              -79.3373349,
              43.8063534
            ],
            [
              -79.3373113,
              43.8063036
            ],
            [
              -79.3372766,
              43.8062303
            ],
            [
              -79.3372066,
              43.8060727
            ],
            [
              -79.3369954,
              43.8055805
            ],
            [
              -79.3368864,
              43.8053287
            ],
            [
              -79.3368167,
              43.8051676
            ],
            [
              -79.3355345,
              43.8023294
            ],
            [
              -79.3346746,
              43.800426
            ],
            [
              -79.3345875,
              43.8002291
            ],
            [
              -79.3338113,
              43.7984669
            ],
            [
              -79.3337966,
              43.7984357
            ],
            [
              -79.3336528,
              43.7981277
            ],
            [
              -79.3336161,
              43.7980454
            ],
            [
              -79.3335841,
              43.7979766
            ],
            [
              -79.3334628,
              43.7976768
            ],
            [
              -79.332908,
              43.7964693
            ],
            [
              -79.3326936,
              43.7959933
            ],
            [
              -79.3325965,
              43.7957754
            ],
            [
              -79.3324367,
              43.7954187
            ],
            [
              -79.3318582,
              43.7941276
            ],
            [
              -79.3317915,
              43.7939787
            ],
            [
              -79.3317205,
              43.7938201
            ],
            [
              -79.3316885,
              43.7937487
            ],
            [
              -79.3310436,
              43.7922779
            ],
            [
              -79.3307856,
              43.7917493
            ],
            [
              -79.3298269,
              43.7897422
            ],
            [
              -79.3296364,
              43.7893434
            ],
            [
              -79.329584,
              43.7892337
            ],
            [
              -79.3295536,
              43.7891687
            ],
            [
              -79.3294172,
              43.7888774
            ],
            [
              -79.3293386,
              43.7887096
            ],
            [
              -79.3291779,
              43.7883671
            ],
            [
              -79.328804,
              43.7875685
            ],
            [
              -79.3287242,
              43.7873982
            ],
            [
              -79.328482,
              43.7868811
            ],
            [
              -79.3283998,
              43.7867057
            ],
            [
              -79.3281334,
              43.7861371
            ],
            [
              -79.3279426,
              43.7857298
            ],
            [
              -79.3273033,
              43.7843763
            ],
            [
              -79.3272363,
              43.7842218
            ],
            [
              -79.3271032,
              43.7839647
            ],
            [
              -79.3270652,
              43.7838866
            ],
            [
              -79.3270309,
              43.7838171
            ],
            [
              -79.3267781,
              43.7832822
            ],
            [
              -79.326436,
              43.7825112
            ],
            [
              -79.3257821,
              43.7811758
            ],
            [
              -79.3257551,
              43.7811214
            ],
            [
              -79.3256298,
              43.7808684
            ],
            [
              -79.3254338,
              43.7804548
            ],
            [
              -79.3254008,
              43.7803866
            ],
            [
              -79.3253527,
              43.7802687
            ],
            [
              -79.3250134,
              43.7794665
            ],
            [
              -79.3249361,
              43.7793063
            ],
            [
              -79.324578,
              43.778564
            ],
            [
              -79.3244474,
              43.7783045
            ],
            [
              -79.3242061,
              43.7778211
            ],
            [
              -79.3241713,
              43.7777515
            ],
            [
              -79.3241348,
              43.7776723
            ],
            [
              -79.3239417,
              43.7772746
            ],
            [
              -79.323756,
              43.7768921
            ],
            [
              -79.3236658,
              43.7767042
            ],
            [
              -79.3235102,
              43.7763801
            ],
            [
              -79.3234013,
              43.7761532
            ],
            [
              -79.323298,
              43.7759349
            ],
            [
              -79.3232517,
              43.7758415
            ],
            [
              -79.3230179,
              43.7752475
            ],
            [
              -79.3211108,
              43.7710635
            ],
            [
              -79.3197723,
              43.768329
            ],
            [
              -79.3194717,
              43.7677148
            ],
            [
              -79.3187973,
              43.7659618
            ],
            [
              -79.3179546,
              43.7640146
            ],
            [
              -79.3178332,
              43.7637308
            ],
            [
              -79.3178306,
              43.7637245
            ],
            [
              -79.3176792,
              43.7633706
            ],
            [
              -79.3175355,
              43.7630346
            ],
            [
              -79.3175102,
              43.7629823
            ],
            [
              -79.3174755,
              43.7629088
            ],
            [
              -79.3173582,
              43.7626607
            ],
            [
              -79.3173567,
              43.7626575
            ],
            [
              -79.3172137,
              43.7623549
            ],
            [
              -79.3170623,
              43.7620347
            ],
            [
              -79.316846,
              43.7615356
            ],
            [
              -79.3163493,
              43.7603897
            ],
            [
              -79.3162311,
              43.7601171
            ],
            [
              -79.3161626,
              43.759959
            ],
            [
              -79.3160396,
              43.7596832
            ],
            [
              -79.3160084,
              43.7596134
            ],
            [
              -79.3159401,
              43.7594601
            ],
            [
              -79.3156986,
              43.7589186
            ],
            [
              -79.3154853,
              43.7584405
            ],
            [
              -79.3154374,
              43.7583332
            ],
            [
              -79.3150631,
              43.7574049
            ],
            [
              -79.3149464,
              43.7570586
            ],
            [
              -79.314881,
              43.7568647
            ],
            [
              -79.3147988,
              43.7566517
            ],
            [
              -79.3147708,
              43.756579
            ],
            [
              -79.3146375,
              43.7561368
            ],
            [
              -79.3146128,
              43.7560683
            ],
            [
              -79.3145784,
              43.7559712
            ],
            [
              -79.314494,
              43.7557186
            ],
            [
              -79.3143683,
              43.75543
            ],
            [
              -79.3143342,
              43.7553335
            ],
            [
              -79.3139993,
              43.7543656
            ],
            [
              -79.3139876,
              43.7543484
            ],
            [
              -79.3139741,
              43.754295
            ],
            [
              -79.3136393,
              43.7532685
            ],
            [
              -79.3135802,
              43.7530953
            ],
            [
              -79.3135494,
              43.7530051
            ],
            [
              -79.31348,
              43.7528004
            ],
            [
              -79.3134442,
              43.7526947
            ],
            [
              -79.3134298,
              43.7526523
            ],
            [
              -79.3133765,
              43.7524951
            ],
            [
              -79.3133364,
              43.7523767
            ],
            [
              -79.3132763,
              43.7522341
            ],
            [
              -79.3130548,
              43.7515884
            ],
            [
              -79.3130241,
              43.7514908
            ],
            [
              -79.3130055,
              43.7514246
            ],
            [
              -79.3128936,
              43.7510905
            ],
            [
              -79.3126494,
              43.7503624
            ],
            [
              -79.3126178,
              43.7502672
            ],
            [
              -79.3121386,
              43.7488218
            ],
            [
              -79.3120463,
              43.7485718
            ],
            [
              -79.3119368,
              43.7482744
            ],
            [
              -79.3119259,
              43.748245
            ],
            [
              -79.3118552,
              43.7480518
            ],
            [
              -79.311817,
              43.7479513
            ],
            [
              -79.3117812,
              43.7478507
            ],
            [
              -79.3117325,
              43.7477067
            ],
            [
              -79.3116292,
              43.7474071
            ],
            [
              -79.3116213,
              43.7473829
            ],
            [
              -79.3116061,
              43.7473386
            ],
            [
              -79.3113759,
              43.7466682
            ],
            [
              -79.3113147,
              43.7466403
            ],
            [
              -79.311169,
              43.74622
            ],
            [
              -79.3110466,
              43.7458551
            ],
            [
              -79.3108853,
              43.7454
            ],
            [
              -79.3108806,
              43.7452552
            ],
            [
              -79.3107063,
              43.7447647
            ],
            [
              -79.3106194,
              43.7445154
            ],
            [
              -79.3105647,
              43.7443661
            ],
            [
              -79.3104094,
              43.7439015
            ],
            [
              -79.3101659,
              43.7431731
            ],
            [
              -79.3101062,
              43.7429944
            ],
            [
              -79.310043,
              43.7428055
            ],
            [
              -79.3099929,
              43.7426556
            ],
            [
              -79.309797,
              43.742143
            ],
            [
              -79.309565,
              43.7415361
            ],
            [
              -79.3095145,
              43.7414127
            ],
            [
              -79.309381,
              43.74108
            ],
            [
              -79.309316,
              43.7409217
            ],
            [
              -79.3090578,
              43.7402697
            ],
            [
              -79.3089394,
              43.7399877
            ],
            [
              -79.3089246,
              43.739952
            ],
            [
              -79.3088564,
              43.7397826
            ],
            [
              -79.3087404,
              43.7395012
            ],
            [
              -79.3086817,
              43.7393434
            ],
            [
              -79.3086296,
              43.7392272
            ],
            [
              -79.3085984,
              43.739154
            ],
            [
              -79.3085545,
              43.7390456
            ],
            [
              -79.3084519,
              43.7387832
            ],
            [
              -79.308379,
              43.7386091
            ],
            [
              -79.3083402,
              43.7385129
            ],
            [
              -79.3082781,
              43.7383749
            ],
            [
              -79.3082428,
              43.7382925
            ],
            [
              -79.3082288,
              43.7382599
            ],
            [
              -79.3082093,
              43.7382148
            ],
            [
              -79.308171,
              43.7381243
            ],
            [
              -79.308087,
              43.7379085
            ],
            [
              -79.3076308,
              43.7368079
            ],
            [
              -79.3076137,
              43.7367753
            ],
            [
              -79.3075986,
              43.7367503
            ],
            [
              -79.3075519,
              43.7366541
            ],
            [
              -79.3074836,
              43.7364861
            ],
            [
              -79.3074726,
              43.7364567
            ],
            [
              -79.3074279,
              43.7363409
            ],
            [
              -79.3074095,
              43.7362848
            ],
            [
              -79.3073127,
              43.7360174
            ],
            [
              -79.307284,
              43.735951
            ],
            [
              -79.3072358,
              43.7358365
            ],
            [
              -79.3070889,
              43.7354773
            ],
            [
              -79.3070589,
              43.7354003
            ],
            [
              -79.3069684,
              43.7351806
            ],
            [
              -79.306937,
              43.7351017
            ],
            [
              -79.3067597,
              43.7346594
            ],
            [
              -79.3065218,
              43.7340895
            ],
            [
              -79.3064294,
              43.7338706
            ],
            [
              -79.3062248,
              43.733371
            ],
            [
              -79.3061522,
              43.7331957
            ],
            [
              -79.3059755,
              43.7327669
            ],
            [
              -79.3058856,
              43.7325401
            ],
            [
              -79.3058723,
              43.7325082
            ],
            [
              -79.3057792,
              43.732285
            ],
            [
              -79.3057404,
              43.7321877
            ],
            [
              -79.3056574,
              43.7319792
            ],
            [
              -79.3056134,
              43.7318734
            ],
            [
              -79.305584,
              43.7318009
            ],
            [
              -79.3055065,
              43.731606
            ],
            [
              -79.3054519,
              43.7314721
            ],
            [
              -79.305436,
              43.731433
            ],
            [
              -79.3053786,
              43.7312967
            ],
            [
              -79.3052085,
              43.7308944
            ],
            [
              -79.3050783,
              43.7305862
            ],
            [
              -79.3050348,
              43.7304703
            ],
            [
              -79.3050012,
              43.7303849
            ],
            [
              -79.3049639,
              43.730294
            ],
            [
              -79.3048027,
              43.7299117
            ],
            [
              -79.3046202,
              43.7294634
            ],
            [
              -79.3045666,
              43.7293309
            ],
            [
              -79.304514,
              43.7292046
            ],
            [
              -79.3043873,
              43.7288937
            ],
            [
              -79.3042379,
              43.7285355
            ],
            [
              -79.303709,
              43.7272594
            ],
            [
              -79.3026222,
              43.7246051
            ],
            [
              -79.3018077,
              43.7226072
            ],
            [
              -79.30176,
              43.7224998
            ],
            [
              -79.3017304,
              43.7224333
            ],
            [
              -79.3016891,
              43.7223409
            ],
            [
              -79.3015958,
              43.722125
            ],
            [
              -79.3015235,
              43.7219384
            ],
            [
              -79.3014997,
              43.721877
            ],
            [
              -79.3013854,
              43.7215962
            ],
            [
              -79.3013458,
              43.7215051
            ],
            [
              -79.3010442,
              43.720807
            ],
            [
              -79.3005833,
              43.7197359
            ],
            [
              -79.3001732,
              43.7187827
            ],
            [
              -79.3000429,
              43.7184755
            ],
            [
              -79.3000018,
              43.7183786
            ],
            [
              -79.2997808,
              43.7178577
            ],
            [
              -79.2996649,
              43.7175861
            ],
            [
              -79.299616,
              43.7174715
            ],
            [
              -79.2995054,
              43.7172124
            ],
            [
              -79.2991645,
              43.7163816
            ],
            [
              -79.2933746,
              43.7030403
            ],
            [
              -79.2910344,
              43.6976471
            ],
            [
              -79.2896899,
              43.6945485
            ],
            [
              -79.2877748,
              43.689786
            ],
            [
              -79.2875616,
              43.6892841
            ],
            [
              -79.2870316,
              43.6880406
            ],
            [
              -79.2869942,
              43.6879485
            ],
            [
              -79.2869563,
              43.6878664
            ],
            [
              -79.2868561,
              43.6876146
            ],
            [
              -79.2868168,
              43.687518
            ],
            [
              -79.2867725,
              43.6874074
            ],
            [
              -79.2866111,
              43.6870144
            ],
            [
              -79.2865808,
              43.6869306
            ],
            [
              -79.2865454,
              43.6868481
            ],
            [
              -79.2862347,
              43.6861223
            ],
            [
              -79.2858396,
              43.6851686
            ],
            [
              -79.2852721,
              43.6837838
            ],
            [
              -79.285102,
              43.6833523
            ],
            [
              -79.2849695,
              43.6830406
            ],
            [
              -79.2846672,
              43.6823265
            ],
            [
              -79.2844422,
              43.6817521
            ],
            [
              -79.2844072,
              43.6816627
            ],
            [
              -79.2843868,
              43.6815978
            ],
            [
              -79.2843581,
              43.6815245
            ],
            [
              -79.2842612,
              43.6812777
            ],
            [
              -79.2842475,
              43.6812428
            ],
            [
              -79.2842241,
              43.6811831
            ],
            [
              -79.2842056,
              43.6811384
            ],
            [
              -79.2841539,
              43.6810135
            ],
            [
              -79.2841201,
              43.6809425
            ],
            [
              -79.2841069,
              43.6809131
            ],
            [
              -79.2840678,
              43.6808326
            ],
            [
              -79.2840189,
              43.6807485
            ],
            [
              -79.2839826,
              43.6806585
            ],
            [
              -79.2839154,
              43.6804858
            ],
            [
              -79.2839093,
              43.6804756
            ],
            [
              -79.2835411,
              43.6795987
            ],
            [
              -79.2832385,
              43.6788778
            ],
            [
              -79.2831376,
              43.6786357
            ],
            [
              -79.2830639,
              43.6784176
            ],
            [
              -79.2812196,
              43.6739632
            ],
            [
              -79.2811979,
              43.6738733
            ],
            [
              -79.2810635,
              43.673904
            ],
            [
              -79.2800212,
              43.6713859
            ],
            [
              -79.2801308,
              43.6713625
            ],
            [
              -79.2800484,
              43.6711649
            ],
            [
              -79.2785104,
              43.6697234
            ],
            [
              -79.2758458,
              43.6712151
            ],
            [
              -79.2591602,
              43.6887468
            ],
            [
              -79.2440486,
              43.6984211
            ],
            [
              -79.2331872,
              43.7005834
            ],
            [
              -79.2234276,
              43.7078664
            ],
            [
              -79.2218535,
              43.715376
            ],
            [
              -79.2127236,
              43.7242497
            ],
            [
              -79.2115094,
              43.7253709
            ],
            [
              -79.2042233,
              43.7320985
            ],
            [
              -79.2036788,
              43.7325773
            ],
            [
              -79.1881673,
              43.7452912
            ],
            [
              -79.1767871,
              43.7504033
            ],
            [
              -79.1694352,
              43.7537057
            ],
            [
              -79.1499161,
              43.7579125
            ],
            [
              -79.1430878,
              43.7637574
            ],
            [
              -79.1331482,
              43.7722645
            ],
            [
              -79.1244154,
              43.7797378
            ],
            [
              -79.1132193,
              43.7930746
            ],
            [
              -79.1152941,
              43.7948018
            ],
            [
              -79.1153291,
              43.7948709
            ],
            [
              -79.1155081,
              43.794902
            ],
            [
              -79.1157269,
              43.7949284
            ],
            [
              -79.1160752,
              43.7949319
            ],
            [
              -79.1164872,
              43.7948018
            ],
            [
              -79.1166931,
              43.7946655
            ],
            [
              -79.1170536,
              43.7944734
            ],
            [
              -79.1175,
              43.7943743
            ],
            [
              -79.1176888,
              43.7943743
            ],
            [
              -79.1179634,
              43.7944115
            ],
            [
              -79.1187155,
              43.7946635
            ],
            [
              -79.1189762,
              43.7946841
            ],
            [
              -79.1195256,
              43.794777
            ],
            [
              -79.1204263,
              43.7947212
            ],
            [
              -79.1207615,
              43.7946903
            ],
            [
              -79.1209933,
              43.794746
            ],
            [
              -79.1211649,
              43.7949009
            ],
            [
              -79.121225,
              43.7950868
            ],
            [
              -79.1211563,
              43.7952603
            ],
            [
              -79.1209503,
              43.7953842
            ],
            [
              -79.1205984,
              43.7954523
            ],
            [
              -79.120341,
              43.7955515
            ],
            [
              -79.120135,
              43.7957559
            ],
            [
              -79.1201092,
              43.795886
            ],
            [
              -79.1201756,
              43.796078
            ],
            [
              -79.1214224,
              43.7972675
            ],
            [
              -79.1216284,
              43.7973667
            ],
            [
              -79.1218945,
              43.7974596
            ],
            [
              -79.1221005,
              43.7974782
            ],
            [
              -79.1224953,
              43.7974162
            ],
            [
              -79.1231809,
              43.7972374
            ],
            [
              -79.1235339,
              43.7972118
            ],
            [
              -79.1241175,
              43.7974286
            ],
            [
              -79.1243063,
              43.7975649
            ],
            [
              -79.1243664,
              43.797726
            ],
            [
              -79.124169,
              43.7982464
            ],
            [
              -79.1240851,
              43.7986789
            ],
            [
              -79.1241776,
              43.7990517
            ],
            [
              -79.1246582,
              43.7998261
            ],
            [
              -79.125259,
              43.8002412
            ],
            [
              -79.1255852,
              43.8003031
            ],
            [
              -79.1263577,
              43.800204
            ],
            [
              -79.1267096,
              43.8001359
            ],
            [
              -79.1270443,
              43.8001421
            ],
            [
              -79.1277322,
              43.8003337
            ],
            [
              -79.12825,
              43.8005791
            ],
            [
              -79.1296448,
              43.8013857
            ],
            [
              -79.130243,
              43.8016579
            ],
            [
              -79.1307694,
              43.8018147
            ],
            [
              -79.1312243,
              43.801858
            ],
            [
              -79.1316426,
              43.8018146
            ],
            [
              -79.1331297,
              43.8012509
            ],
            [
              -79.1347176,
              43.8007739
            ],
            [
              -79.1349922,
              43.8007244
            ],
            [
              -79.1352412,
              43.800712
            ],
            [
              -79.1354128,
              43.8008978
            ],
            [
              -79.1354042,
              43.8010589
            ],
            [
              -79.1352326,
              43.8013191
            ],
            [
              -79.1348172,
              43.8016114
            ],
            [
              -79.1345459,
              43.8018023
            ],
            [
              -79.1340171,
              43.8024285
            ],
            [
              -79.1336099,
              43.8028365
            ],
            [
              -79.133516,
              43.8030102
            ],
            [
              -79.1336234,
              43.8032559
            ],
            [
              -79.1341571,
              43.8040062
            ],
            [
              -79.134297,
              43.8045589
            ],
            [
              -79.1341769,
              43.8051783
            ],
            [
              -79.1340309,
              43.8054942
            ],
            [
              -79.1337735,
              43.8059774
            ],
            [
              -79.1337086,
              43.8062639
            ],
            [
              -79.1337193,
              43.8063179
            ],
            [
              -79.1337515,
              43.8064807
            ],
            [
              -79.1339231,
              43.806778
            ],
            [
              -79.1343265,
              43.8070134
            ],
            [
              -79.134584,
              43.8073045
            ],
            [
              -79.1348244,
              43.8073851
            ],
            [
              -79.1350297,
              43.8075748
            ],
            [
              -79.1354334,
              43.8078983
            ],
            [
              -79.1357148,
              43.8080227
            ],
            [
              -79.136078,
              43.808163
            ],
            [
              -79.1362497,
              43.8081444
            ],
            [
              -79.1364213,
              43.8081134
            ],
            [
              -79.13649,
              43.8080205
            ],
            [
              -79.1366016,
              43.8078904
            ],
            [
              -79.136799,
              43.8077913
            ],
            [
              -79.1370565,
              43.8077418
            ],
            [
              -79.1372737,
              43.8078771
            ],
            [
              -79.1375109,
              43.8079103
            ],
            [
              -79.1375943,
              43.8078012
            ],
            [
              -79.1377306,
              43.8075656
            ],
            [
              -79.1378713,
              43.8074222
            ],
            [
              -79.1379915,
              43.8074098
            ],
            [
              -79.1380945,
              43.8074656
            ],
            [
              -79.1382061,
              43.8075585
            ],
            [
              -79.1382746,
              43.807662
            ],
            [
              -79.1381803,
              43.8078001
            ],
            [
              -79.1382147,
              43.8079239
            ],
            [
              -79.1382205,
              43.8079311
            ],
            [
              -79.1382747,
              43.8079983
            ],
            [
              -79.1383434,
              43.8080045
            ],
            [
              -79.1384121,
              43.8079673
            ],
            [
              -79.1384807,
              43.8079549
            ],
            [
              -79.1385837,
              43.8079921
            ],
            [
              -79.1386696,
              43.8079797
            ],
            [
              -79.1387897,
              43.8080045
            ],
            [
              -79.1389013,
              43.808054
            ],
            [
              -79.1389283,
              43.8080735
            ],
            [
              -79.1391588,
              43.8082398
            ],
            [
              -79.1393648,
              43.8083451
            ],
            [
              -79.1396223,
              43.8083513
            ],
            [
              -79.139957,
              43.8083761
            ],
            [
              -79.1402468,
              43.8083695
            ],
            [
              -79.1404034,
              43.8083637
            ],
            [
              -79.1404548,
              43.8084195
            ],
            [
              -79.1405321,
              43.8087292
            ],
            [
              -79.1406866,
              43.8087849
            ],
            [
              -79.1410112,
              43.8088617
            ],
            [
              -79.1411415,
              43.8089088
            ],
            [
              -79.1416221,
              43.8091627
            ],
            [
              -79.1421886,
              43.8093548
            ],
            [
              -79.1426178,
              43.8094229
            ],
            [
              -79.1431413,
              43.8095823
            ],
            [
              -79.1437679,
              43.8097326
            ],
            [
              -79.1440682,
              43.8098248
            ],
            [
              -79.144163,
              43.8098539
            ],
            [
              -79.1445146,
              43.8099246
            ],
            [
              -79.1449438,
              43.8099803
            ],
            [
              -79.1457002,
              43.8099853
            ],
            [
              -79.1459223,
              43.8099803
            ],
            [
              -79.1459995,
              43.8100237
            ],
            [
              -79.1460253,
              43.8101414
            ],
            [
              -79.1459757,
              43.8106464
            ],
            [
              -79.145948,
              43.810928
            ],
            [
              -79.1459652,
              43.811089
            ],
            [
              -79.1460596,
              43.8111634
            ],
            [
              -79.1461883,
              43.8112129
            ],
            [
              -79.1463085,
              43.8112005
            ],
            [
              -79.146463,
              43.8112377
            ],
            [
              -79.1468664,
              43.8114669
            ],
            [
              -79.1472526,
              43.8117208
            ],
            [
              -79.1476303,
              43.8119066
            ],
            [
              -79.1478105,
              43.8120553
            ],
            [
              -79.1478326,
              43.8120944
            ],
            [
              -79.147905,
              43.8122225
            ],
            [
              -79.1480766,
              43.812334
            ],
            [
              -79.1484629,
              43.8123773
            ],
            [
              -79.1487976,
              43.8123773
            ],
            [
              -79.1490122,
              43.8123587
            ],
            [
              -79.1491838,
              43.8123835
            ],
            [
              -79.149407,
              43.8124455
            ],
            [
              -79.1495443,
              43.8125569
            ],
            [
              -79.1500164,
              43.8130153
            ],
            [
              -79.1504777,
              43.8133177
            ],
            [
              -79.1507106,
              43.8134176
            ],
            [
              -79.1508425,
              43.8135111
            ],
            [
              -79.1509401,
              43.8136124
            ],
            [
              -79.1510074,
              43.8137006
            ],
            [
              -79.1511279,
              43.8138586
            ],
            [
              -79.1512609,
              43.8139505
            ],
            [
              -79.1514815,
              43.8140782
            ],
            [
              -79.1518357,
              43.8142043
            ],
            [
              -79.152051,
              43.8145644
            ],
            [
              -79.1555612,
              43.8226163
            ],
            [
              -79.156302,
              43.8241927
            ],
            [
              -79.1595299,
              43.8317189
            ],
            [
              -79.1595692,
              43.8318076
            ],
            [
              -79.1606014,
              43.8341351
            ],
            [
              -79.1609224,
              43.834843
            ],
            [
              -79.1633994,
              43.8403262
            ],
            [
              -79.166146,
              43.8465785
            ],
            [
              -79.1668501,
              43.8479554
            ],
            [
              -79.1688143,
              43.8522899
            ],
            [
              -79.1696452,
              43.8540572
            ],
            [
              -79.1696952,
              43.8542206
            ],
            [
              -79.1699025,
              43.8546932
            ],
            [
              -79.1701685,
              43.8553214
            ],
            [
              -79.1701962,
              43.8553968
            ],
            [
              -79.1702147,
              43.8554425
            ],
            [
              -79.1710263,
              43.8552741
            ],
            [
              -79.1743008,
              43.8545507
            ],
            [
              -79.177584,
              43.8537859
            ],
            [
              -79.1799911,
              43.8531472
            ],
            [
              -79.1828452,
              43.8524608
            ],
            [
              -79.1852763,
              43.8518817
            ],
            [
              -79.1897403,
              43.8507863
            ],
            [
              -79.1916572,
              43.8503191
            ],
            [
              -79.1935555,
              43.8498542
            ],
            [
              -79.1940651,
              43.8497318
            ],
            [
              -79.1957,
              43.8493368
            ],
            [
              -79.197555,
              43.8489058
            ],
            [
              -79.1993253,
              43.8485097
            ],
            [
              -79.1995703,
              43.8484598
            ],
            [
              -79.2003786,
              43.8482526
            ],
            [
              -79.2005832,
              43.8482009
            ],
            [
              -79.2034183,
              43.8474885
            ],
            [
              -79.2059374,
              43.8469424
            ],
            [
              -79.2078041,
              43.846531
            ],
            [
              -79.2080855,
              43.846469
            ],
            [
              -79.2092645,
              43.8462033
            ],
            [
              -79.2155117,
              43.844822
            ],
            [
              -79.2190752,
              43.8440022
            ],
            [
              -79.2220672,
              43.843345
            ],
            [
              -79.2256683,
              43.8425539
            ],
            [
              -79.2258363,
              43.842516
            ],
            [
              -79.2260777,
              43.8424779
            ],
            [
              -79.2268104,
              43.8423141
            ],
            [
              -79.2276003,
              43.8421375
            ],
            [
              -79.2277561,
              43.8421057
            ],
            [
              -79.2279832,
              43.8420526
            ],
            [
              -79.2288824,
              43.8418496
            ],
            [
              -79.2297608,
              43.8416532
            ],
            [
              -79.2303215,
              43.8415228
            ],
            [
              -79.2308744,
              43.8413902
            ],
            [
              -79.2311754,
              43.8413173
            ],
            [
              -79.231477,
              43.8412372
            ],
            [
              -79.2320555,
              43.8410654
            ],
            [
              -79.232212,
              43.8410116
            ],
            [
              -79.2325983,
              43.8409271
            ],
            [
              -79.2345152,
              43.8404908
            ],
            [
              -79.2368071,
              43.8399375
            ],
            [
              -79.2372406,
              43.8398296
            ],
            [
              -79.2378597,
              43.8396874
            ],
            [
              -79.2404249,
              43.8391231
            ],
            [
              -79.2452397,
              43.8379905
            ],
            [
              -79.2457549,
              43.837875
            ],
            [
              -79.2458864,
              43.8378279
            ],
            [
              -79.2475863,
              43.8374383
            ],
            [
              -79.2484648,
              43.8372292
            ],
            [
              -79.24908,
              43.8370822
            ],
            [
              -79.2511968,
              43.836602
            ],
            [
              -79.2522188,
              43.8363701
            ],
            [
              -79.2530181,
              43.83618
            ],
            [
              -79.2564737,
              43.8353687
            ],
            [
              -79.2574775,
              43.8351294
            ],
            [
              -79.2649512,
              43.833407
            ],
            [
              -79.2651158,
              43.8333657
            ],
            [
              -79.2661227,
              43.8331266
            ],
            [
              -79.2669349,
              43.8329341
            ],
            [
              -79.2671718,
              43.832878
            ],
            [
              -79.2688426,
              43.8325282
            ],
            [
              -79.269204,
              43.8324311
            ],
            [
              -79.2711071,
              43.8319752
            ],
            [
              -79.2726262,
              43.8316389
            ],
            [
              -79.2732826,
              43.8314801
            ],
            [
              -79.2742093,
              43.8312431
            ],
            [
              -79.2762438,
              43.8307825
            ],
            [
              -79.2764978,
              43.8307293
            ],
            [
              -79.2774713,
              43.8305042
            ],
            [
              -79.2778826,
              43.8304091
            ],
            [
              -79.2795313,
              43.830028
            ],
            [
              -79.2811873,
              43.82966
            ],
            [
              -79.2814509,
              43.8295987
            ],
            [
              -79.2836032,
              43.8290983
            ],
            [
              -79.2859388,
              43.8285553
            ],
            [
              -79.2864396,
              43.8284388
            ],
            [
              -79.2877576,
              43.8281418
            ],
            [
              -79.2882911,
              43.8280228
            ],
            [
              -79.288981,
              43.8278663
            ],
            [
              -79.290818,
              43.8274497
            ],
            [
              -79.2910869,
              43.8273919
            ],
            [
              -79.292314,
              43.8271116
            ],
            [
              -79.2927631,
              43.8270055
            ],
            [
              -79.2930988,
              43.8269262
            ],
            [
              -79.2956209,
              43.8263441
            ],
            [
              -79.2971219,
              43.8259977
            ],
            [
              -79.2972772,
              43.8259606
            ],
            [
              -79.2980458,
              43.8257952
            ],
            [
              -79.2982949,
              43.8257363
            ],
            [
              -79.2984647,
              43.8256962
            ],
            [
              -79.2987063,
              43.8256391
            ],
            [
              -79.2987527,
              43.8256281
            ],
            [
              -79.299089,
              43.8255486
            ],
            [
              -79.2992602,
              43.8255082
            ],
            [
              -79.2993339,
              43.8254907
            ],
            [
              -79.2994068,
              43.8254735
            ],
            [
              -79.300514,
              43.825208
            ],
            [
              -79.3014982,
              43.8250022
            ],
            [
              -79.3022346,
              43.8248225
            ],
            [
              -79.3032208,
              43.8245558
            ],
            [
              -79.3044224,
              43.8243052
            ],
            [
              -79.3070501,
              43.8236906
            ],
            [
              -79.3081251,
              43.8234392
            ],
            [
              -79.3083882,
              43.8233777
            ],
            [
              -79.3097901,
              43.8230497
            ],
            [
              -79.3104986,
              43.8228807
            ],
            [
              -79.3117807,
              43.8225749
            ],
            [
              -79.3127696,
              43.8223465
            ],
            [
              -79.3135694,
              43.8221723
            ],
            [
              -79.3136875,
              43.8221441
            ],
            [
              -79.3156716,
              43.8216704
            ],
            [
              -79.3161744,
              43.8215503
            ],
            [
              -79.3176406,
              43.8212155
            ],
            [
              -79.3180739,
              43.8211113
            ],
            [
              -79.3185529,
              43.8209911
            ],
            [
              -79.3198005,
              43.8207103
            ],
            [
              -79.3199044,
              43.8206869
            ],
            [
              -79.3209241,
              43.8204475
            ],
            [
              -79.3218592,
              43.8202247
            ],
            [
              -79.3228145,
              43.8199973
            ],
            [
              -79.3229209,
              43.8199813
            ],
            [
              -79.3233852,
              43.8198745
            ],
            [
              -79.3265641,
              43.819152
            ],
            [
              -79.3266815,
              43.8191257
            ],
            [
              -79.3284532,
              43.8186964
            ],
            [
              -79.329129,
              43.8185442
            ],
            [
              -79.3306057,
              43.8182057
            ],
            [
              -79.3309049,
              43.8181392
            ],
            [
              -79.3311911,
              43.8180757
            ],
            [
              -79.3313504,
              43.8180378
            ],
            [
              -79.3315092,
              43.8180011
            ],
            [
              -79.336408,
              43.8168765
            ],
            [
              -79.3373623,
              43.8166658
            ],
            [
              -79.3377151,
              43.816572
            ],
            [
              -79.3401642,
              43.8159481
            ],
            [
              -79.3412575,
              43.8156648
            ],
            [
              -79.3413434,
              43.8156447
            ]
          ]
        ]
      }
    },
    {
      "type": "Feature",
      "properties": {
        "name": "Mississauga South",
        "osm_display": "Mississauga, Peel Region, Golden Horseshoe, Ontario, Canada"
      },
      "geometry": {
        "type": "Polygon",
        "coordinates": [
          [
            [
              -79.8103184,
              43.5882434
            ],
            [
              -79.8102203,
              43.5877127
            ],
            [
              -79.8100148,
              43.5870686
            ],
            [
              -79.8097389,
              43.5865512
            ],
            [
              -79.8093311,
              43.5858827
            ],
            [
              -79.8084892,
              43.5849381
            ],
            [
              -79.8067045,
              43.5835259
            ],
            [
              -79.7962266,
              43.5758558
            ],
            [
              -79.7882996,
              43.5703545
            ],
            [
              -79.7844011,
              43.5672136
            ],
            [
              -79.7780997,
              43.5625433
            ],
            [
              -79.7700379,
              43.5567246
            ],
            [
              -79.7626075,
              43.5521065
            ],
            [
              -79.7587465,
              43.5487597
            ],
            [
              -79.7557233,
              43.5461721
            ],
            [
              -79.7452697,
              43.5386384
            ],
            [
              -79.7421737,
              43.5367747
            ],
            [
              -79.7353538,
              43.5331806
            ],
            [
              -79.7351796,
              43.5333209
            ],
            [
              -79.7344444,
              43.5329597
            ],
            [
              -79.7322966,
              43.5319287
            ],
            [
              -79.7307391,
              43.5312764
            ],
            [
              -79.7291456,
              43.5307161
            ],
            [
              -79.728835,
              43.5306222
            ],
            [
              -79.7285593,
              43.5305495
            ],
            [
              -79.728263,
              43.5304881
            ],
            [
              -79.7279313,
              43.530443
            ],
            [
              -79.7275598,
              43.530393
            ],
            [
              -79.7248295,
              43.5284371
            ],
            [
              -79.7150803,
              43.52194
            ],
            [
              -79.697352,
              43.5082396
            ],
            [
              -79.6946419,
              43.5107395
            ],
            [
              -79.6934521,
              43.5118439
            ],
            [
              -79.6930318,
              43.5122879
            ],
            [
              -79.6917893,
              43.5133964
            ],
            [
              -79.6902798,
              43.514766
            ],
            [
              -79.6894619,
              43.5155403
            ],
            [
              -79.6880448,
              43.5168499
            ],
            [
              -79.6871266,
              43.5177026
            ],
            [
              -79.6870872,
              43.5177388
            ],
            [
              -79.6870373,
              43.5177859
            ],
            [
              -79.6864378,
              43.5183641
            ],
            [
              -79.6857613,
              43.5189411
            ],
            [
              -79.6854565,
              43.5192269
            ],
            [
              -79.6852794,
              43.5193931
            ],
            [
              -79.685038,
              43.5196333
            ],
            [
              -79.6847941,
              43.5198699
            ],
            [
              -79.6842444,
              43.5203721
            ],
            [
              -79.6823713,
              43.5221006
            ],
            [
              -79.6816593,
              43.522765
            ],
            [
              -79.6805194,
              43.5219553
            ],
            [
              -79.6802538,
              43.5217599
            ],
            [
              -79.6802008,
              43.5217238
            ],
            [
              -79.6791304,
              43.5209459
            ],
            [
              -79.6788171,
              43.5207294
            ],
            [
              -79.6781788,
              43.5202609
            ],
            [
              -79.6777862,
              43.5199796
            ],
            [
              -79.6773769,
              43.5196858
            ],
            [
              -79.6771766,
              43.5195415
            ],
            [
              -79.6768874,
              43.5193331
            ],
            [
              -79.6764494,
              43.5190153
            ],
            [
              -79.6757795,
              43.5184844
            ],
            [
              -79.6749578,
              43.5178908
            ],
            [
              -79.6737401,
              43.5170141
            ],
            [
              -79.6732729,
              43.5166805
            ],
            [
              -79.6728484,
              43.5163768
            ],
            [
              -79.6727637,
              43.5163161
            ],
            [
              -79.6721234,
              43.515836
            ],
            [
              -79.6715503,
              43.5153845
            ],
            [
              -79.6711268,
              43.5150672
            ],
            [
              -79.6705588,
              43.5146387
            ],
            [
              -79.6702534,
              43.5144204
            ],
            [
              -79.6699343,
              43.514204
            ],
            [
              -79.6694576,
              43.5138795
            ],
            [
              -79.6687779,
              43.513357
            ],
            [
              -79.6679714,
              43.5127149
            ],
            [
              -79.6676796,
              43.5125066
            ],
            [
              -79.6670118,
              43.5120298
            ],
            [
              -79.6664848,
              43.5116536
            ],
            [
              -79.666229,
              43.5114685
            ],
            [
              -79.6658573,
              43.5111977
            ],
            [
              -79.6653612,
              43.5108366
            ],
            [
              -79.6643898,
              43.5101155
            ],
            [
              -79.6643492,
              43.5100854
            ],
            [
              -79.6638151,
              43.5097154
            ],
            [
              -79.6633781,
              43.5094128
            ],
            [
              -79.6633399,
              43.5093864
            ],
            [
              -79.6621927,
              43.5085537
            ],
            [
              -79.6607352,
              43.5074798
            ],
            [
              -79.6604284,
              43.5072214
            ],
            [
              -79.6598131,
              43.5067706
            ],
            [
              -79.6592501,
              43.5063777
            ],
            [
              -79.6584847,
              43.5058436
            ],
            [
              -79.6580009,
              43.5054884
            ],
            [
              -79.6577356,
              43.5052567
            ],
            [
              -79.657156,
              43.5048371
            ],
            [
              -79.6566016,
              43.5044448
            ],
            [
              -79.6562102,
              43.5041679
            ],
            [
              -79.6560268,
              43.5040361
            ],
            [
              -79.6555006,
              43.5036631
            ],
            [
              -79.6547335,
              43.5031088
            ],
            [
              -79.6544682,
              43.5029166
            ],
            [
              -79.6539597,
              43.5025173
            ],
            [
              -79.6534376,
              43.5021457
            ],
            [
              -79.6519889,
              43.5011072
            ],
            [
              -79.6513756,
              43.5006658
            ],
            [
              -79.6511088,
              43.5004324
            ],
            [
              -79.6505471,
              43.5000178
            ],
            [
              -79.6488957,
              43.4988397
            ],
            [
              -79.647034,
              43.4974642
            ],
            [
              -79.6467688,
              43.4973193
            ],
            [
              -79.6465952,
              43.497201
            ],
            [
              -79.6458619,
              43.4966685
            ],
            [
              -79.6454798,
              43.4963083
            ],
            [
              -79.6447786,
              43.495817
            ],
            [
              -79.6444191,
              43.4955626
            ],
            [
              -79.6441796,
              43.4953904
            ],
            [
              -79.6439681,
              43.4952355
            ],
            [
              -79.6436442,
              43.495002
            ],
            [
              -79.6435189,
              43.4949098
            ],
            [
              -79.643085,
              43.4945934
            ],
            [
              -79.6428033,
              43.494367
            ],
            [
              -79.6427717,
              43.4943437
            ],
            [
              -79.6426799,
              43.4942762
            ],
            [
              -79.642579,
              43.4942019
            ],
            [
              -79.6425529,
              43.4941827
            ],
            [
              -79.6417989,
              43.4936344
            ],
            [
              -79.6413145,
              43.4932945
            ],
            [
              -79.6411148,
              43.4931456
            ],
            [
              -79.6410668,
              43.4931094
            ],
            [
              -79.6410189,
              43.4930734
            ],
            [
              -79.64036,
              43.4925918
            ],
            [
              -79.6400382,
              43.4923552
            ],
            [
              -79.639306,
              43.4918182
            ],
            [
              -79.6385052,
              43.4912287
            ],
            [
              -79.6377268,
              43.4906556
            ],
            [
              -79.6366985,
              43.4898921
            ],
            [
              -79.6364204,
              43.4896835
            ],
            [
              -79.6362715,
              43.4895719
            ],
            [
              -79.6362237,
              43.489536
            ],
            [
              -79.6358152,
              43.4892277
            ],
            [
              -79.6353579,
              43.4888816
            ],
            [
              -79.6347013,
              43.4883924
            ],
            [
              -79.6342662,
              43.4880801
            ],
            [
              -79.6339653,
              43.4878698
            ],
            [
              -79.6335924,
              43.4876097
            ],
            [
              -79.6333898,
              43.4874714
            ],
            [
              -79.6326557,
              43.4869634
            ],
            [
              -79.632007,
              43.4865004
            ],
            [
              -79.6310151,
              43.4857734
            ],
            [
              -79.6309851,
              43.4857514
            ],
            [
              -79.6300801,
              43.4850879
            ],
            [
              -79.6295121,
              43.4846695
            ],
            [
              -79.6289742,
              43.4842891
            ],
            [
              -79.6284249,
              43.4839031
            ],
            [
              -79.6280637,
              43.4836376
            ],
            [
              -79.6278078,
              43.4834536
            ],
            [
              -79.627735,
              43.483405
            ],
            [
              -79.6276569,
              43.4833527
            ],
            [
              -79.6275789,
              43.4832165
            ],
            [
              -79.6250769,
              43.4813705
            ],
            [
              -79.6198948,
              43.4789901
            ],
            [
              -79.6078528,
              43.4818923
            ],
            [
              -79.6000679,
              43.4922233
            ],
            [
              -79.5983256,
              43.5076699
            ],
            [
              -79.5991493,
              43.5204719
            ],
            [
              -79.5994199,
              43.5246777
            ],
            [
              -79.5968922,
              43.5333517
            ],
            [
              -79.5920766,
              43.5367687
            ],
            [
              -79.5900644,
              43.5381965
            ],
            [
              -79.5852836,
              43.5406161
            ],
            [
              -79.5814641,
              43.5426225
            ],
            [
              -79.576589,
              43.5456625
            ],
            [
              -79.5716752,
              43.5494106
            ],
            [
              -79.5758208,
              43.5520474
            ],
            [
              -79.5702418,
              43.5565261
            ],
            [
              -79.5668086,
              43.5594184
            ],
            [
              -79.5606502,
              43.5611599
            ],
            [
              -79.5572384,
              43.5616574
            ],
            [
              -79.5550599,
              43.5626292
            ],
            [
              -79.5536759,
              43.5642307
            ],
            [
              -79.5519985,
              43.5679614
            ],
            [
              -79.5477214,
              43.5707063
            ],
            [
              -79.5470562,
              43.570613
            ],
            [
              -79.5421853,
              43.5672626
            ],
            [
              -79.5402182,
              43.5688165
            ],
            [
              -79.542947,
              43.5706518
            ],
            [
              -79.5391383,
              43.5727739
            ],
            [
              -79.5385553,
              43.573978
            ],
            [
              -79.5399108,
              43.5760929
            ],
            [
              -79.5399215,
              43.576637
            ],
            [
              -79.5400573,
              43.5771492
            ],
            [
              -79.5400503,
              43.5776241
            ],
            [
              -79.5399392,
              43.5783773
            ],
            [
              -79.5406949,
              43.5796082
            ],
            [
              -79.5435825,
              43.5805217
            ],
            [
              -79.5437978,
              43.5807511
            ],
            [
              -79.5443211,
              43.5813074
            ],
            [
              -79.5448114,
              43.58183
            ],
            [
              -79.5448528,
              43.581969
            ],
            [
              -79.544713,
              43.5835621
            ],
            [
              -79.5445627,
              43.5847282
            ],
            [
              -79.5445377,
              43.5850852
            ],
            [
              -79.5457497,
              43.5858023
            ],
            [
              -79.5473997,
              43.5867488
            ],
            [
              -79.5479022,
              43.5869005
            ],
            [
              -79.5480821,
              43.5869562
            ],
            [
              -79.5482222,
              43.5869706
            ],
            [
              -79.5478817,
              43.5873289
            ],
            [
              -79.5476348,
              43.5875993
            ],
            [
              -79.5474901,
              43.5877523
            ],
            [
              -79.5473764,
              43.5878753
            ],
            [
              -79.5472556,
              43.5879978
            ],
            [
              -79.5466512,
              43.5886872
            ],
            [
              -79.5463559,
              43.5889609
            ],
            [
              -79.546506,
              43.5890624
            ],
            [
              -79.5466188,
              43.589228
            ],
            [
              -79.5467971,
              43.5893368
            ],
            [
              -79.5469483,
              43.5894122
            ],
            [
              -79.5471767,
              43.589532
            ],
            [
              -79.5474342,
              43.5896059
            ],
            [
              -79.5478465,
              43.5898319
            ],
            [
              -79.5483186,
              43.590037
            ],
            [
              -79.5484675,
              43.5901289
            ],
            [
              -79.5486532,
              43.590211
            ],
            [
              -79.5490825,
              43.590323
            ],
            [
              -79.5491722,
              43.5903567
            ],
            [
              -79.549242,
              43.5903946
            ],
            [
              -79.5493048,
              43.5904547
            ],
            [
              -79.549368,
              43.5905549
            ],
            [
              -79.5494258,
              43.590696
            ],
            [
              -79.549442,
              43.5909433
            ],
            [
              -79.5494753,
              43.5912125
            ],
            [
              -79.549495,
              43.5915189
            ],
            [
              -79.5495117,
              43.5919828
            ],
            [
              -79.5494159,
              43.5924084
            ],
            [
              -79.5490757,
              43.5928793
            ],
            [
              -79.5488718,
              43.5931687
            ],
            [
              -79.5488084,
              43.5933699
            ],
            [
              -79.5487914,
              43.5936563
            ],
            [
              -79.5486193,
              43.5941401
            ],
            [
              -79.5485781,
              43.5944333
            ],
            [
              -79.5486016,
              43.5947749
            ],
            [
              -79.5486988,
              43.5949326
            ],
            [
              -79.548847,
              43.5950983
            ],
            [
              -79.5490567,
              43.5952339
            ],
            [
              -79.5491293,
              43.5952744
            ],
            [
              -79.5492366,
              43.5953026
            ],
            [
              -79.5493977,
              43.5953255
            ],
            [
              -79.5495974,
              43.5953298
            ],
            [
              -79.5512053,
              43.5953609
            ],
            [
              -79.5530804,
              43.5955102
            ],
            [
              -79.5533485,
              43.5955969
            ],
            [
              -79.5536073,
              43.5956989
            ],
            [
              -79.5537742,
              43.5958165
            ],
            [
              -79.5538835,
              43.5959718
            ],
            [
              -79.5539355,
              43.5961496
            ],
            [
              -79.5539405,
              43.5964274
            ],
            [
              -79.5538755,
              43.5968673
            ],
            [
              -79.5536609,
              43.5972606
            ],
            [
              -79.5535764,
              43.5976083
            ],
            [
              -79.5535457,
              43.5979565
            ],
            [
              -79.5535972,
              43.598317
            ],
            [
              -79.5537517,
              43.5986651
            ],
            [
              -79.5539372,
              43.5988865
            ],
            [
              -79.5541172,
              43.5990177
            ],
            [
              -79.5543341,
              43.5991497
            ],
            [
              -79.5547393,
              43.5993003
            ],
            [
              -79.555175,
              43.5994138
            ],
            [
              -79.5554855,
              43.5995167
            ],
            [
              -79.5556739,
              43.5996042
            ],
            [
              -79.5557846,
              43.5996926
            ],
            [
              -79.5558456,
              43.5997819
            ],
            [
              -79.5558741,
              43.5998717
            ],
            [
              -79.555949,
              43.6002377
            ],
            [
              -79.5559232,
              43.6005982
            ],
            [
              -79.5560005,
              43.6008965
            ],
            [
              -79.5560863,
              43.6014497
            ],
            [
              -79.5561378,
              43.6019034
            ],
            [
              -79.5562064,
              43.6023385
            ],
            [
              -79.5564296,
              43.6026679
            ],
            [
              -79.5568588,
              43.6029352
            ],
            [
              -79.557554,
              43.6032273
            ],
            [
              -79.5579488,
              43.6034262
            ],
            [
              -79.5581685,
              43.6035826
            ],
            [
              -79.5582636,
              43.6038433
            ],
            [
              -79.5584442,
              43.6040952
            ],
            [
              -79.5587379,
              43.6043423
            ],
            [
              -79.5590389,
              43.6045698
            ],
            [
              -79.5598036,
              43.6050279
            ],
            [
              -79.5600794,
              43.6051932
            ],
            [
              -79.5602368,
              43.6053055
            ],
            [
              -79.5605314,
              43.6055214
            ],
            [
              -79.5609272,
              43.6057012
            ],
            [
              -79.5613092,
              43.605802
            ],
            [
              -79.5615628,
              43.6058912
            ],
            [
              -79.5617746,
              43.6060108
            ],
            [
              -79.5619402,
              43.6061595
            ],
            [
              -79.5622663,
              43.6065175
            ],
            [
              -79.5622892,
              43.6065369
            ],
            [
              -79.5625386,
              43.6067478
            ],
            [
              -79.5627281,
              43.6068295
            ],
            [
              -79.5629442,
              43.6068942
            ],
            [
              -79.5632188,
              43.6068935
            ],
            [
              -79.5633477,
              43.6068576
            ],
            [
              -79.5635047,
              43.606829
            ],
            [
              -79.5636615,
              43.6068353
            ],
            [
              -79.5637853,
              43.6068507
            ],
            [
              -79.5647318,
              43.6071267
            ],
            [
              -79.5648122,
              43.6072014
            ],
            [
              -79.5648496,
              43.6072609
            ],
            [
              -79.5648631,
              43.6073223
            ],
            [
              -79.5648656,
              43.6073808
            ],
            [
              -79.5648665,
              43.6074495
            ],
            [
              -79.5646873,
              43.6076577
            ],
            [
              -79.5646177,
              43.6077753
            ],
            [
              -79.5645842,
              43.6078811
            ],
            [
              -79.5645755,
              43.6080253
            ],
            [
              -79.5646066,
              43.60819
            ],
            [
              -79.5646445,
              43.6082841
            ],
            [
              -79.5647143,
              43.6083579
            ],
            [
              -79.5648144,
              43.6084276
            ],
            [
              -79.5649503,
              43.6084851
            ],
            [
              -79.5651253,
              43.6085408
            ],
            [
              -79.5652696,
              43.6085712
            ],
            [
              -79.5654453,
              43.6085647
            ],
            [
              -79.5657422,
              43.6084976
            ],
            [
              -79.5659482,
              43.6084355
            ],
            [
              -79.5662143,
              43.6084479
            ],
            [
              -79.5664203,
              43.6085598
            ],
            [
              -79.566568,
              43.6086517
            ],
            [
              -79.5669696,
              43.6089016
            ],
            [
              -79.5671499,
              43.6091626
            ],
            [
              -79.5672009,
              43.6095518
            ],
            [
              -79.5672614,
              43.610014
            ],
            [
              -79.5672958,
              43.6103578
            ],
            [
              -79.567253,
              43.6104826
            ],
            [
              -79.5672041,
              43.6106031
            ],
            [
              -79.5671524,
              43.6106758
            ],
            [
              -79.5670719,
              43.610734
            ],
            [
              -79.5669807,
              43.6107622
            ],
            [
              -79.5668179,
              43.6108015
            ],
            [
              -79.5666991,
              43.610871
            ],
            [
              -79.5663974,
              43.6111681
            ],
            [
              -79.5661183,
              43.6115219
            ],
            [
              -79.5660272,
              43.6115817
            ],
            [
              -79.5658864,
              43.6116225
            ],
            [
              -79.5655538,
              43.6117131
            ],
            [
              -79.5651367,
              43.6118594
            ],
            [
              -79.5647503,
              43.6120374
            ],
            [
              -79.5643227,
              43.6122207
            ],
            [
              -79.5640799,
              43.6123828
            ],
            [
              -79.563953,
              43.6125226
            ],
            [
              -79.5639123,
              43.6126343
            ],
            [
              -79.5639434,
              43.6127695
            ],
            [
              -79.5640183,
              43.6129285
            ],
            [
              -79.5641406,
              43.6131016
            ],
            [
              -79.5643133,
              43.6132314
            ],
            [
              -79.5645487,
              43.6133536
            ],
            [
              -79.5647317,
              43.613414
            ],
            [
              -79.5649447,
              43.6134492
            ],
            [
              -79.5653231,
              43.6134519
            ],
            [
              -79.5658088,
              43.6133796
            ],
            [
              -79.5662995,
              43.6133752
            ],
            [
              -79.5667345,
              43.6134116
            ],
            [
              -79.5670854,
              43.6135189
            ],
            [
              -79.5673715,
              43.6136329
            ],
            [
              -79.5677583,
              43.6138281
            ],
            [
              -79.5679653,
              43.6139838
            ],
            [
              -79.5681246,
              43.6141037
            ],
            [
              -79.5682468,
              43.6142451
            ],
            [
              -79.5682883,
              43.6143791
            ],
            [
              -79.5682755,
              43.6145346
            ],
            [
              -79.568101,
              43.6152564
            ],
            [
              -79.5679879,
              43.6156957
            ],
            [
              -79.5679262,
              43.6159239
            ],
            [
              -79.5679088,
              43.6161346
            ],
            [
              -79.5678136,
              43.6164346
            ],
            [
              -79.5679289,
              43.6165812
            ],
            [
              -79.5679303,
              43.6166599
            ],
            [
              -79.5679048,
              43.6167366
            ],
            [
              -79.5675921,
              43.6169892
            ],
            [
              -79.5671457,
              43.6172977
            ],
            [
              -79.5669064,
              43.6174027
            ],
            [
              -79.5666993,
              43.6175915
            ],
            [
              -79.5665395,
              43.6178085
            ],
            [
              -79.5665422,
              43.6179444
            ],
            [
              -79.5665881,
              43.6180677
            ],
            [
              -79.5666963,
              43.6182771
            ],
            [
              -79.5667782,
              43.6184968
            ],
            [
              -79.5668261,
              43.6187147
            ],
            [
              -79.5668118,
              43.6188502
            ],
            [
              -79.5667581,
              43.6189842
            ],
            [
              -79.5667205,
              43.6192533
            ],
            [
              -79.5667752,
              43.6199874
            ],
            [
              -79.5668922,
              43.6202434
            ],
            [
              -79.5669311,
              43.6203823
            ],
            [
              -79.5669356,
              43.6205169
            ],
            [
              -79.566903,
              43.6207259
            ],
            [
              -79.5668466,
              43.6208823
            ],
            [
              -79.566748,
              43.6209921
            ],
            [
              -79.5665851,
              43.6210784
            ],
            [
              -79.5661312,
              43.6212272
            ],
            [
              -79.5657483,
              43.6214122
            ],
            [
              -79.5656405,
              43.6215231
            ],
            [
              -79.5655664,
              43.6216284
            ],
            [
              -79.5655377,
              43.6217696
            ],
            [
              -79.5655887,
              43.6219181
            ],
            [
              -79.5657895,
              43.6222504
            ],
            [
              -79.5658569,
              43.6224094
            ],
            [
              -79.5658837,
              43.6225395
            ],
            [
              -79.5658872,
              43.6226582
            ],
            [
              -79.5658623,
              43.6228637
            ],
            [
              -79.5658042,
              43.6230807
            ],
            [
              -79.5657536,
              43.6235608
            ],
            [
              -79.5655893,
              43.6240516
            ],
            [
              -79.565569,
              43.6242272
            ],
            [
              -79.565527,
              43.6243733
            ],
            [
              -79.5653748,
              43.6245115
            ],
            [
              -79.5652789,
              43.6245559
            ],
            [
              -79.5651869,
              43.6245661
            ],
            [
              -79.5651113,
              43.624551
            ],
            [
              -79.5649003,
              43.6244723
            ],
            [
              -79.5645949,
              43.6244054
            ],
            [
              -79.5642488,
              43.6243751
            ],
            [
              -79.5641604,
              43.624386
            ],
            [
              -79.5640884,
              43.6244083
            ],
            [
              -79.5639995,
              43.6244656
            ],
            [
              -79.5639385,
              43.6245297
            ],
            [
              -79.563738,
              43.6247325
            ],
            [
              -79.5636696,
              43.6248403
            ],
            [
              -79.5636374,
              43.6249483
            ],
            [
              -79.5635925,
              43.6252263
            ],
            [
              -79.5636038,
              43.6255577
            ],
            [
              -79.5634671,
              43.6259023
            ],
            [
              -79.5634661,
              43.6264213
            ],
            [
              -79.5635318,
              43.6267219
            ],
            [
              -79.5635563,
              43.6267901
            ],
            [
              -79.5636583,
              43.6270405
            ],
            [
              -79.5638166,
              43.6274287
            ],
            [
              -79.5638992,
              43.6278415
            ],
            [
              -79.564137,
              43.6280194
            ],
            [
              -79.5644179,
              43.6281312
            ],
            [
              -79.5651388,
              43.6282227
            ],
            [
              -79.5657755,
              43.6282576
            ],
            [
              -79.5664066,
              43.6282704
            ],
            [
              -79.5669164,
              43.6282337
            ],
            [
              -79.5672165,
              43.6281586
            ],
            [
              -79.5674129,
              43.6280452
            ],
            [
              -79.5675608,
              43.6278225
            ],
            [
              -79.567882,
              43.6272253
            ],
            [
              -79.5681489,
              43.6269881
            ],
            [
              -79.5683814,
              43.6268198
            ],
            [
              -79.5685156,
              43.6267927
            ],
            [
              -79.5686544,
              43.6267927
            ],
            [
              -79.5691522,
              43.6268695
            ],
            [
              -79.5696375,
              43.6269768
            ],
            [
              -79.5699714,
              43.6269825
            ],
            [
              -79.5702258,
              43.6269565
            ],
            [
              -79.5705017,
              43.6268715
            ],
            [
              -79.5713383,
              43.626614
            ],
            [
              -79.5723777,
              43.626202
            ],
            [
              -79.5728367,
              43.6261075
            ],
            [
              -79.5733586,
              43.6260863
            ],
            [
              -79.5738153,
              43.6259723
            ],
            [
              -79.5740651,
              43.6258616
            ],
            [
              -79.5743553,
              43.6256369
            ],
            [
              -79.574668,
              43.6255147
            ],
            [
              -79.5751135,
              43.6254756
            ],
            [
              -79.5755049,
              43.6255359
            ],
            [
              -79.5769378,
              43.6263376
            ],
            [
              -79.5795986,
              43.6268734
            ],
            [
              -79.5805123,
              43.6276009
            ],
            [
              -79.580892,
              43.6277757
            ],
            [
              -79.5813171,
              43.6279019
            ],
            [
              -79.5818703,
              43.6279712
            ],
            [
              -79.5824976,
              43.6279602
            ],
            [
              -79.5835843,
              43.6283001
            ],
            [
              -79.5846002,
              43.6285826
            ],
            [
              -79.5850977,
              43.6287243
            ],
            [
              -79.5854569,
              43.6288729
            ],
            [
              -79.5856556,
              43.6290417
            ],
            [
              -79.5857977,
              43.629203
            ],
            [
              -79.5859386,
              43.6294303
            ],
            [
              -79.5860459,
              43.6295348
            ],
            [
              -79.5860767,
              43.6296193
            ],
            [
              -79.5860673,
              43.6296846
            ],
            [
              -79.5860419,
              43.6297591
            ],
            [
              -79.585948,
              43.6298591
            ],
            [
              -79.5858855,
              43.6299417
            ],
            [
              -79.5857886,
              43.63007
            ],
            [
              -79.5852359,
              43.6311058
            ],
            [
              -79.5851567,
              43.6313032
            ],
            [
              -79.5851219,
              43.6314869
            ],
            [
              -79.5851044,
              43.6319072
            ],
            [
              -79.585217,
              43.6325209
            ],
            [
              -79.5853168,
              43.6328388
            ],
            [
              -79.5854206,
              43.6330421
            ],
            [
              -79.585606,
              43.6332662
            ],
            [
              -79.5858117,
              43.6334707
            ],
            [
              -79.5858675,
              43.633568
            ],
            [
              -79.5858876,
              43.6336651
            ],
            [
              -79.58583,
              43.6338185
            ],
            [
              -79.5856503,
              43.6340805
            ],
            [
              -79.5855953,
              43.6341951
            ],
            [
              -79.5855926,
              43.6342717
            ],
            [
              -79.5857417,
              43.6345154
            ],
            [
              -79.5859386,
              43.6347153
            ],
            [
              -79.5860083,
              43.6348357
            ],
            [
              -79.5860593,
              43.635088
            ],
            [
              -79.5860686,
              43.6353576
            ],
            [
              -79.5860539,
              43.6355297
            ],
            [
              -79.5859708,
              43.6357228
            ],
            [
              -79.585774,
              43.6361025
            ],
            [
              -79.5856141,
              43.636344
            ],
            [
              -79.5854176,
              43.636636
            ],
            [
              -79.5853432,
              43.636806
            ],
            [
              -79.5853012,
              43.6369818
            ],
            [
              -79.5852731,
              43.6371077
            ],
            [
              -79.5852868,
              43.6372273
            ],
            [
              -79.5853202,
              43.6373054
            ],
            [
              -79.5853753,
              43.637433
            ],
            [
              -79.5854719,
              43.6375699
            ],
            [
              -79.5856382,
              43.6377388
            ],
            [
              -79.585737,
              43.6378557
            ],
            [
              -79.5859323,
              43.6380867
            ],
            [
              -79.5862323,
              43.6383696
            ],
            [
              -79.5864764,
              43.638687
            ],
            [
              -79.5866789,
              43.6389898
            ],
            [
              -79.5868556,
              43.6392925
            ],
            [
              -79.5869812,
              43.6395776
            ],
            [
              -79.5870759,
              43.6398614
            ],
            [
              -79.5871268,
              43.6401254
            ],
            [
              -79.5871889,
              43.6402283
            ],
            [
              -79.5873132,
              43.640369
            ],
            [
              -79.5873763,
              43.6405495
            ],
            [
              -79.5873788,
              43.640667
            ],
            [
              -79.5873372,
              43.6407934
            ],
            [
              -79.5873588,
              43.6409057
            ],
            [
              -79.5874245,
              43.6409921
            ],
            [
              -79.5874916,
              43.6410386
            ],
            [
              -79.5876201,
              43.641048
            ],
            [
              -79.5876955,
              43.6410789
            ],
            [
              -79.5877782,
              43.6412252
            ],
            [
              -79.5877563,
              43.641352
            ],
            [
              -79.5878322,
              43.6416821
            ],
            [
              -79.5879798,
              43.6418686
            ],
            [
              -79.5879718,
              43.6420097
            ],
            [
              -79.5880736,
              43.6422353
            ],
            [
              -79.5883035,
              43.6424915
            ],
            [
              -79.5884089,
              43.6425429
            ],
            [
              -79.5885338,
              43.6425847
            ],
            [
              -79.5887033,
              43.6426258
            ],
            [
              -79.5889072,
              43.6427143
            ],
            [
              -79.5890818,
              43.6428111
            ],
            [
              -79.5892731,
              43.6429408
            ],
            [
              -79.5895599,
              43.6433283
            ],
            [
              -79.5898473,
              43.6436218
            ],
            [
              -79.5904612,
              43.6440008
            ],
            [
              -79.5911099,
              43.6442743
            ],
            [
              -79.5917064,
              43.6445956
            ],
            [
              -79.5919843,
              43.6446935
            ],
            [
              -79.5921611,
              43.6447462
            ],
            [
              -79.5923097,
              43.6447772
            ],
            [
              -79.5924769,
              43.6447829
            ],
            [
              -79.5926575,
              43.6447751
            ],
            [
              -79.5929103,
              43.6447171
            ],
            [
              -79.5938502,
              43.6442248
            ],
            [
              -79.5941743,
              43.6440501
            ],
            [
              -79.5947135,
              43.6436571
            ],
            [
              -79.5950581,
              43.6434426
            ],
            [
              -79.5954528,
              43.6432826
            ],
            [
              -79.5958333,
              43.6431398
            ],
            [
              -79.596135,
              43.643076
            ],
            [
              -79.5965964,
              43.6430573
            ],
            [
              -79.5970865,
              43.6430705
            ],
            [
              -79.5979593,
              43.6431155
            ],
            [
              -79.5981038,
              43.6431262
            ],
            [
              -79.5982566,
              43.6431602
            ],
            [
              -79.5984214,
              43.6432383
            ],
            [
              -79.5985986,
              43.6433591
            ],
            [
              -79.5987596,
              43.643495
            ],
            [
              -79.5990131,
              43.6436218
            ],
            [
              -79.5992303,
              43.6436978
            ],
            [
              -79.5994623,
              43.6437551
            ],
            [
              -79.5998779,
              43.6438233
            ],
            [
              -79.6001677,
              43.6438434
            ],
            [
              -79.6004695,
              43.64389
            ],
            [
              -79.6010253,
              43.6440072
            ],
            [
              -79.601144,
              43.6440181
            ],
            [
              -79.6012862,
              43.6440161
            ],
            [
              -79.6015369,
              43.6439909
            ],
            [
              -79.6016456,
              43.6439996
            ],
            [
              -79.6017328,
              43.6440258
            ],
            [
              -79.6018066,
              43.6440705
            ],
            [
              -79.6018444,
              43.6441129
            ],
            [
              -79.6018964,
              43.6442151
            ],
            [
              -79.6019733,
              43.6443642
            ],
            [
              -79.60206,
              43.6444383
            ],
            [
              -79.6021847,
              43.6445111
            ],
            [
              -79.602515,
              43.6446274
            ],
            [
              -79.6029535,
              43.6447168
            ],
            [
              -79.6030739,
              43.6447197
            ],
            [
              -79.6031503,
              43.6447003
            ],
            [
              -79.6034521,
              43.6445383
            ],
            [
              -79.6036023,
              43.6444926
            ],
            [
              -79.603873,
              43.6444673
            ],
            [
              -79.6046762,
              43.6444454
            ],
            [
              -79.6048374,
              43.6444597
            ],
            [
              -79.6049365,
              43.6444878
            ],
            [
              -79.605162,
              43.6446305
            ],
            [
              -79.60528,
              43.6447304
            ],
            [
              -79.6054024,
              43.6448077
            ],
            [
              -79.6055737,
              43.6448449
            ],
            [
              -79.6057481,
              43.6448508
            ],
            [
              -79.6059025,
              43.6448314
            ],
            [
              -79.6062295,
              43.644712
            ],
            [
              -79.6063757,
              43.6446625
            ],
            [
              -79.6065294,
              43.6446366
            ],
            [
              -79.606837,
              43.6446227
            ],
            [
              -79.6070695,
              43.6445879
            ],
            [
              -79.6072166,
              43.6446062
            ],
            [
              -79.6073775,
              43.6446625
            ],
            [
              -79.6075111,
              43.6447369
            ],
            [
              -79.6076605,
              43.6448731
            ],
            [
              -79.6077714,
              43.6450288
            ],
            [
              -79.6077946,
              43.6451817
            ],
            [
              -79.6078536,
              43.6453331
            ],
            [
              -79.6079824,
              43.6456099
            ],
            [
              -79.6081647,
              43.645926
            ],
            [
              -79.6082599,
              43.6460696
            ],
            [
              -79.6083953,
              43.6462112
            ],
            [
              -79.6087242,
              43.6464064
            ],
            [
              -79.5888158,
              43.6646011
            ],
            [
              -79.5912463,
              43.6685053
            ],
            [
              -79.5921675,
              43.6701045
            ],
            [
              -79.5944319,
              43.6740107
            ],
            [
              -79.5945991,
              43.674298
            ],
            [
              -79.5952971,
              43.6754976
            ],
            [
              -79.6012949,
              43.6856867
            ],
            [
              -79.6024815,
              43.6876628
            ],
            [
              -79.603361,
              43.6891816
            ],
            [
              -79.6055934,
              43.6930765
            ],
            [
              -79.6057359,
              43.6933251
            ],
            [
              -79.6059959,
              43.6937787
            ],
            [
              -79.6062249,
              43.6941199
            ],
            [
              -79.6075858,
              43.6965129
            ],
            [
              -79.6083698,
              43.6978618
            ],
            [
              -79.6105434,
              43.7017256
            ],
            [
              -79.6140194,
              43.707634
            ],
            [
              -79.616061,
              43.7113019
            ],
            [
              -79.616852,
              43.7127231
            ],
            [
              -79.6180198,
              43.7146886
            ],
            [
              -79.6203851,
              43.7186692
            ],
            [
              -79.6238061,
              43.724292
            ],
            [
              -79.6256354,
              43.7274918
            ],
            [
              -79.6268612,
              43.7295611
            ],
            [
              -79.6277962,
              43.7312285
            ],
            [
              -79.6289691,
              43.7331533
            ],
            [
              -79.6294107,
              43.7338427
            ],
            [
              -79.6302939,
              43.7353235
            ],
            [
              -79.6322034,
              43.7348648
            ],
            [
              -79.634147,
              43.7331871
            ],
            [
              -79.6385301,
              43.7364595
            ],
            [
              -79.6393529,
              43.7370604
            ],
            [
              -79.639648,
              43.7367977
            ],
            [
              -79.640659,
              43.7358831
            ],
            [
              -79.6428256,
              43.7339717
            ],
            [
              -79.6447274,
              43.732285
            ],
            [
              -79.6463734,
              43.7307954
            ],
            [
              -79.6482208,
              43.7291322
            ],
            [
              -79.6488953,
              43.7285264
            ],
            [
              -79.6499935,
              43.7275336
            ],
            [
              -79.6513313,
              43.7262959
            ],
            [
              -79.6526253,
              43.7251073
            ],
            [
              -79.6533088,
              43.7244801
            ],
            [
              -79.653963,
              43.7238891
            ],
            [
              -79.6548752,
              43.723085
            ],
            [
              -79.6560363,
              43.7220697
            ],
            [
              -79.655952,
              43.7219855
            ],
            [
              -79.65795,
              43.7202392
            ],
            [
              -79.6585302,
              43.719709
            ],
            [
              -79.6593268,
              43.7190452
            ],
            [
              -79.6595018,
              43.7189826
            ],
            [
              -79.6608863,
              43.7177404
            ],
            [
              -79.6611273,
              43.7175239
            ],
            [
              -79.6612678,
              43.7176192
            ],
            [
              -79.6628361,
              43.7162714
            ],
            [
              -79.6653656,
              43.7139022
            ],
            [
              -79.6680382,
              43.7114709
            ],
            [
              -79.6713514,
              43.708482
            ],
            [
              -79.671566,
              43.7082875
            ],
            [
              -79.6731408,
              43.70686
            ],
            [
              -79.6729026,
              43.7043729
            ],
            [
              -79.6728635,
              43.7037941
            ],
            [
              -79.6725704,
              43.7009315
            ],
            [
              -79.6739437,
              43.6991802
            ],
            [
              -79.6748731,
              43.6979961
            ],
            [
              -79.6770908,
              43.6951951
            ],
            [
              -79.6770403,
              43.69478
            ],
            [
              -79.6776022,
              43.6939933
            ],
            [
              -79.6786754,
              43.6918925
            ],
            [
              -79.6793746,
              43.6906068
            ],
            [
              -79.6824498,
              43.6846312
            ],
            [
              -79.6860859,
              43.6775875
            ],
            [
              -79.6861762,
              43.6774126
            ],
            [
              -79.6889951,
              43.671961
            ],
            [
              -79.6906899,
              43.6686942
            ],
            [
              -79.6924567,
              43.6671415
            ],
            [
              -79.6936716,
              43.6660514
            ],
            [
              -79.6948778,
              43.664974
            ],
            [
              -79.6976763,
              43.662468
            ],
            [
              -79.7037443,
              43.6570956
            ],
            [
              -79.7075794,
              43.6537098
            ],
            [
              -79.708923,
              43.6529174
            ],
            [
              -79.7102657,
              43.6522445
            ],
            [
              -79.7128152,
              43.6510518
            ],
            [
              -79.7134275,
              43.650757
            ],
            [
              -79.7168174,
              43.6489243
            ],
            [
              -79.719082,
              43.6476342
            ],
            [
              -79.7209583,
              43.6465796
            ],
            [
              -79.7219877,
              43.646001
            ],
            [
              -79.7300253,
              43.6415018
            ],
            [
              -79.7325805,
              43.6400395
            ],
            [
              -79.7328743,
              43.6398716
            ],
            [
              -79.733067,
              43.6397614
            ],
            [
              -79.7330484,
              43.6397493
            ],
            [
              -79.7369476,
              43.6363002
            ],
            [
              -79.7369733,
              43.6362519
            ],
            [
              -79.737107,
              43.6361179
            ],
            [
              -79.7371687,
              43.6361012
            ],
            [
              -79.7396425,
              43.6339097
            ],
            [
              -79.7419149,
              43.631937
            ],
            [
              -79.7444745,
              43.6295877
            ],
            [
              -79.7454852,
              43.6286669
            ],
            [
              -79.7476232,
              43.6267191
            ],
            [
              -79.7536458,
              43.6212472
            ],
            [
              -79.754585,
              43.6204023
            ],
            [
              -79.7545425,
              43.6203716
            ],
            [
              -79.754616,
              43.6203052
            ],
            [
              -79.7547034,
              43.6202263
            ],
            [
              -79.7548327,
              43.6201096
            ],
            [
              -79.7610333,
              43.61455
            ],
            [
              -79.7758145,
              43.6101063
            ],
            [
              -79.7760895,
              43.6098553
            ],
            [
              -79.7762536,
              43.6099741
            ],
            [
              -79.7780699,
              43.6094535
            ],
            [
              -79.783975,
              43.6056466
            ],
            [
              -79.7873538,
              43.6034708
            ],
            [
              -79.7899154,
              43.6018018
            ],
            [
              -79.7879225,
              43.6003371
            ],
            [
              -79.7892168,
              43.6002413
            ],
            [
              -79.7904655,
              43.6000812
            ],
            [
              -79.7919051,
              43.5998426
            ],
            [
              -79.7928894,
              43.5996542
            ],
            [
              -79.7941425,
              43.5993433
            ],
            [
              -79.7951599,
              43.599061
            ],
            [
              -79.7962644,
              43.5986915
            ],
            [
              -79.7977652,
              43.5980438
            ],
            [
              -79.798455,
              43.5977268
            ],
            [
              -79.7994395,
              43.5972182
            ],
            [
              -79.7999137,
              43.5969443
            ],
            [
              -79.8013184,
              43.5960617
            ],
            [
              -79.8018557,
              43.5956857
            ],
            [
              -79.8027381,
              43.594964
            ],
            [
              -79.806867,
              43.5913165
            ],
            [
              -79.8082034,
              43.5901286
            ],
            [
              -79.8092953,
              43.589158
            ],
            [
              -79.8099137,
              43.5885988
            ],
            [
              -79.8103184,
              43.5882434
            ]
          ]
        ]
      }
    },
    {
      "type": "Feature",
      "properties": {
        "name": "Mississauga North",
        "osm_display": "Mississauga, Peel Region, Golden Horseshoe, Ontario, Canada"
      },
      "geometry": {
        "type": "Polygon",
        "coordinates": [
          [
            [
              -79.8103184,
              43.5882434
            ],
            [
              -79.8102203,
              43.5877127
            ],
            [
              -79.8100148,
              43.5870686
            ],
            [
              -79.8097389,
              43.5865512
            ],
            [
              -79.8093311,
              43.5858827
            ],
            [
              -79.8084892,
              43.5849381
            ],
            [
              -79.8067045,
              43.5835259
            ],
            [
              -79.7962266,
              43.5758558
            ],
            [
              -79.7882996,
              43.5703545
            ],
            [
              -79.7844011,
              43.5672136
            ],
            [
              -79.7780997,
              43.5625433
            ],
            [
              -79.7700379,
              43.5567246
            ],
            [
              -79.7626075,
              43.5521065
            ],
            [
              -79.7587465,
              43.5487597
            ],
            [
              -79.7557233,
              43.5461721
            ],
            [
              -79.7452697,
              43.5386384
            ],
            [
              -79.7421737,
              43.5367747
            ],
            [
              -79.7353538,
              43.5331806
            ],
            [
              -79.7351796,
              43.5333209
            ],
            [
              -79.7344444,
              43.5329597
            ],
            [
              -79.7322966,
              43.5319287
            ],
            [
              -79.7307391,
              43.5312764
            ],
            [
              -79.7291456,
              43.5307161
            ],
            [
              -79.728835,
              43.5306222
            ],
            [
              -79.7285593,
              43.5305495
            ],
            [
              -79.728263,
              43.5304881
            ],
            [
              -79.7279313,
              43.530443
            ],
            [
              -79.7275598,
              43.530393
            ],
            [
              -79.7248295,
              43.5284371
            ],
            [
              -79.7150803,
              43.52194
            ],
            [
              -79.697352,
              43.5082396
            ],
            [
              -79.6946419,
              43.5107395
            ],
            [
              -79.6934521,
              43.5118439
            ],
            [
              -79.6930318,
              43.5122879
            ],
            [
              -79.6917893,
              43.5133964
            ],
            [
              -79.6902798,
              43.514766
            ],
            [
              -79.6894619,
              43.5155403
            ],
            [
              -79.6880448,
              43.5168499
            ],
            [
              -79.6871266,
              43.5177026
            ],
            [
              -79.6870872,
              43.5177388
            ],
            [
              -79.6870373,
              43.5177859
            ],
            [
              -79.6864378,
              43.5183641
            ],
            [
              -79.6857613,
              43.5189411
            ],
            [
              -79.6854565,
              43.5192269
            ],
            [
              -79.6852794,
              43.5193931
            ],
            [
              -79.685038,
              43.5196333
            ],
            [
              -79.6847941,
              43.5198699
            ],
            [
              -79.6842444,
              43.5203721
            ],
            [
              -79.6823713,
              43.5221006
            ],
            [
              -79.6816593,
              43.522765
            ],
            [
              -79.6805194,
              43.5219553
            ],
            [
              -79.6802538,
              43.5217599
            ],
            [
              -79.6802008,
              43.5217238
            ],
            [
              -79.6791304,
              43.5209459
            ],
            [
              -79.6788171,
              43.5207294
            ],
            [
              -79.6781788,
              43.5202609
            ],
            [
              -79.6777862,
              43.5199796
            ],
            [
              -79.6773769,
              43.5196858
            ],
            [
              -79.6771766,
              43.5195415
            ],
            [
              -79.6768874,
              43.5193331
            ],
            [
              -79.6764494,
              43.5190153
            ],
            [
              -79.6757795,
              43.5184844
            ],
            [
              -79.6749578,
              43.5178908
            ],
            [
              -79.6737401,
              43.5170141
            ],
            [
              -79.6732729,
              43.5166805
            ],
            [
              -79.6728484,
              43.5163768
            ],
            [
              -79.6727637,
              43.5163161
            ],
            [
              -79.6721234,
              43.515836
            ],
            [
              -79.6715503,
              43.5153845
            ],
            [
              -79.6711268,
              43.5150672
            ],
            [
              -79.6705588,
              43.5146387
            ],
            [
              -79.6702534,
              43.5144204
            ],
            [
              -79.6699343,
              43.514204
            ],
            [
              -79.6694576,
              43.5138795
            ],
            [
              -79.6687779,
              43.513357
            ],
            [
              -79.6679714,
              43.5127149
            ],
            [
              -79.6676796,
              43.5125066
            ],
            [
              -79.6670118,
              43.5120298
            ],
            [
              -79.6664848,
              43.5116536
            ],
            [
              -79.666229,
              43.5114685
            ],
            [
              -79.6658573,
              43.5111977
            ],
            [
              -79.6653612,
              43.5108366
            ],
            [
              -79.6643898,
              43.5101155
            ],
            [
              -79.6643492,
              43.5100854
            ],
            [
              -79.6638151,
              43.5097154
            ],
            [
              -79.6633781,
              43.5094128
            ],
            [
              -79.6633399,
              43.5093864
            ],
            [
              -79.6621927,
              43.5085537
            ],
            [
              -79.6607352,
              43.5074798
            ],
            [
              -79.6604284,
              43.5072214
            ],
            [
              -79.6598131,
              43.5067706
            ],
            [
              -79.6592501,
              43.5063777
            ],
            [
              -79.6584847,
              43.5058436
            ],
            [
              -79.6580009,
              43.5054884
            ],
            [
              -79.6577356,
              43.5052567
            ],
            [
              -79.657156,
              43.5048371
            ],
            [
              -79.6566016,
              43.5044448
            ],
            [
              -79.6562102,
              43.5041679
            ],
            [
              -79.6560268,
              43.5040361
            ],
            [
              -79.6555006,
              43.5036631
            ],
            [
              -79.6547335,
              43.5031088
            ],
            [
              -79.6544682,
              43.5029166
            ],
            [
              -79.6539597,
              43.5025173
            ],
            [
              -79.6534376,
              43.5021457
            ],
            [
              -79.6519889,
              43.5011072
            ],
            [
              -79.6513756,
              43.5006658
            ],
            [
              -79.6511088,
              43.5004324
            ],
            [
              -79.6505471,
              43.5000178
            ],
            [
              -79.6488957,
              43.4988397
            ],
            [
              -79.647034,
              43.4974642
            ],
            [
              -79.6467688,
              43.4973193
            ],
            [
              -79.6465952,
              43.497201
            ],
            [
              -79.6458619,
              43.4966685
            ],
            [
              -79.6454798,
              43.4963083
            ],
            [
              -79.6447786,
              43.495817
            ],
            [
              -79.6444191,
              43.4955626
            ],
            [
              -79.6441796,
              43.4953904
            ],
            [
              -79.6439681,
              43.4952355
            ],
            [
              -79.6436442,
              43.495002
            ],
            [
              -79.6435189,
              43.4949098
            ],
            [
              -79.643085,
              43.4945934
            ],
            [
              -79.6428033,
              43.494367
            ],
            [
              -79.6427717,
              43.4943437
            ],
            [
              -79.6426799,
              43.4942762
            ],
            [
              -79.642579,
              43.4942019
            ],
            [
              -79.6425529,
              43.4941827
            ],
            [
              -79.6417989,
              43.4936344
            ],
            [
              -79.6413145,
              43.4932945
            ],
            [
              -79.6411148,
              43.4931456
            ],
            [
              -79.6410668,
              43.4931094
            ],
            [
              -79.6410189,
              43.4930734
            ],
            [
              -79.64036,
              43.4925918
            ],
            [
              -79.6400382,
              43.4923552
            ],
            [
              -79.639306,
              43.4918182
            ],
            [
              -79.6385052,
              43.4912287
            ],
            [
              -79.6377268,
              43.4906556
            ],
            [
              -79.6366985,
              43.4898921
            ],
            [
              -79.6364204,
              43.4896835
            ],
            [
              -79.6362715,
              43.4895719
            ],
            [
              -79.6362237,
              43.489536
            ],
            [
              -79.6358152,
              43.4892277
            ],
            [
              -79.6353579,
              43.4888816
            ],
            [
              -79.6347013,
              43.4883924
            ],
            [
              -79.6342662,
              43.4880801
            ],
            [
              -79.6339653,
              43.4878698
            ],
            [
              -79.6335924,
              43.4876097
            ],
            [
              -79.6333898,
              43.4874714
            ],
            [
              -79.6326557,
              43.4869634
            ],
            [
              -79.632007,
              43.4865004
            ],
            [
              -79.6310151,
              43.4857734
            ],
            [
              -79.6309851,
              43.4857514
            ],
            [
              -79.6300801,
              43.4850879
            ],
            [
              -79.6295121,
              43.4846695
            ],
            [
              -79.6289742,
              43.4842891
            ],
            [
              -79.6284249,
              43.4839031
            ],
            [
              -79.6280637,
              43.4836376
            ],
            [
              -79.6278078,
              43.4834536
            ],
            [
              -79.627735,
              43.483405
            ],
            [
              -79.6276569,
              43.4833527
            ],
            [
              -79.6275789,
              43.4832165
            ],
            [
              -79.6250769,
              43.4813705
            ],
            [
              -79.6198948,
              43.4789901
            ],
            [
              -79.6078528,
              43.4818923
            ],
            [
              -79.6000679,
              43.4922233
            ],
            [
              -79.5983256,
              43.5076699
            ],
            [
              -79.5991493,
              43.5204719
            ],
            [
              -79.5994199,
              43.5246777
            ],
            [
              -79.5968922,
              43.5333517
            ],
            [
              -79.5920766,
              43.5367687
            ],
            [
              -79.5900644,
              43.5381965
            ],
            [
              -79.5852836,
              43.5406161
            ],
            [
              -79.5814641,
              43.5426225
            ],
            [
              -79.576589,
              43.5456625
            ],
            [
              -79.5716752,
              43.5494106
            ],
            [
              -79.5758208,
              43.5520474
            ],
            [
              -79.5702418,
              43.5565261
            ],
            [
              -79.5668086,
              43.5594184
            ],
            [
              -79.5606502,
              43.5611599
            ],
            [
              -79.5572384,
              43.5616574
            ],
            [
              -79.5550599,
              43.5626292
            ],
            [
              -79.5536759,
              43.5642307
            ],
            [
              -79.5519985,
              43.5679614
            ],
            [
              -79.5477214,
              43.5707063
            ],
            [
              -79.5470562,
              43.570613
            ],
            [
              -79.5421853,
              43.5672626
            ],
            [
              -79.5402182,
              43.5688165
            ],
            [
              -79.542947,
              43.5706518
            ],
            [
              -79.5391383,
              43.5727739
            ],
            [
              -79.5385553,
              43.573978
            ],
            [
              -79.5399108,
              43.5760929
            ],
            [
              -79.5399215,
              43.576637
            ],
            [
              -79.5400573,
              43.5771492
            ],
            [
              -79.5400503,
              43.5776241
            ],
            [
              -79.5399392,
              43.5783773
            ],
            [
              -79.5406949,
              43.5796082
            ],
            [
              -79.5435825,
              43.5805217
            ],
            [
              -79.5437978,
              43.5807511
            ],
            [
              -79.5443211,
              43.5813074
            ],
            [
              -79.5448114,
              43.58183
            ],
            [
              -79.5448528,
              43.581969
            ],
            [
              -79.544713,
              43.5835621
            ],
            [
              -79.5445627,
              43.5847282
            ],
            [
              -79.5445377,
              43.5850852
            ],
            [
              -79.5457497,
              43.5858023
            ],
            [
              -79.5473997,
              43.5867488
            ],
            [
              -79.5479022,
              43.5869005
            ],
            [
              -79.5480821,
              43.5869562
            ],
            [
              -79.5482222,
              43.5869706
            ],
            [
              -79.5478817,
              43.5873289
            ],
            [
              -79.5476348,
              43.5875993
            ],
            [
              -79.5474901,
              43.5877523
            ],
            [
              -79.5473764,
              43.5878753
            ],
            [
              -79.5472556,
              43.5879978
            ],
            [
              -79.5466512,
              43.5886872
            ],
            [
              -79.5463559,
              43.5889609
            ],
            [
              -79.546506,
              43.5890624
            ],
            [
              -79.5466188,
              43.589228
            ],
            [
              -79.5467971,
              43.5893368
            ],
            [
              -79.5469483,
              43.5894122
            ],
            [
              -79.5471767,
              43.589532
            ],
            [
              -79.5474342,
              43.5896059
            ],
            [
              -79.5478465,
              43.5898319
            ],
            [
              -79.5483186,
              43.590037
            ],
            [
              -79.5484675,
              43.5901289
            ],
            [
              -79.5486532,
              43.590211
            ],
            [
              -79.5490825,
              43.590323
            ],
            [
              -79.5491722,
              43.5903567
            ],
            [
              -79.549242,
              43.5903946
            ],
            [
              -79.5493048,
              43.5904547
            ],
            [
              -79.549368,
              43.5905549
            ],
            [
              -79.5494258,
              43.590696
            ],
            [
              -79.549442,
              43.5909433
            ],
            [
              -79.5494753,
              43.5912125
            ],
            [
              -79.549495,
              43.5915189
            ],
            [
              -79.5495117,
              43.5919828
            ],
            [
              -79.5494159,
              43.5924084
            ],
            [
              -79.5490757,
              43.5928793
            ],
            [
              -79.5488718,
              43.5931687
            ],
            [
              -79.5488084,
              43.5933699
            ],
            [
              -79.5487914,
              43.5936563
            ],
            [
              -79.5486193,
              43.5941401
            ],
            [
              -79.5485781,
              43.5944333
            ],
            [
              -79.5486016,
              43.5947749
            ],
            [
              -79.5486988,
              43.5949326
            ],
            [
              -79.548847,
              43.5950983
            ],
            [
              -79.5490567,
              43.5952339
            ],
            [
              -79.5491293,
              43.5952744
            ],
            [
              -79.5492366,
              43.5953026
            ],
            [
              -79.5493977,
              43.5953255
            ],
            [
              -79.5495974,
              43.5953298
            ],
            [
              -79.5512053,
              43.5953609
            ],
            [
              -79.5530804,
              43.5955102
            ],
            [
              -79.5533485,
              43.5955969
            ],
            [
              -79.5536073,
              43.5956989
            ],
            [
              -79.5537742,
              43.5958165
            ],
            [
              -79.5538835,
              43.5959718
            ],
            [
              -79.5539355,
              43.5961496
            ],
            [
              -79.5539405,
              43.5964274
            ],
            [
              -79.5538755,
              43.5968673
            ],
            [
              -79.5536609,
              43.5972606
            ],
            [
              -79.5535764,
              43.5976083
            ],
            [
              -79.5535457,
              43.5979565
            ],
            [
              -79.5535972,
              43.598317
            ],
            [
              -79.5537517,
              43.5986651
            ],
            [
              -79.5539372,
              43.5988865
            ],
            [
              -79.5541172,
              43.5990177
            ],
            [
              -79.5543341,
              43.5991497
            ],
            [
              -79.5547393,
              43.5993003
            ],
            [
              -79.555175,
              43.5994138
            ],
            [
              -79.5554855,
              43.5995167
            ],
            [
              -79.5556739,
              43.5996042
            ],
            [
              -79.5557846,
              43.5996926
            ],
            [
              -79.5558456,
              43.5997819
            ],
            [
              -79.5558741,
              43.5998717
            ],
            [
              -79.555949,
              43.6002377
            ],
            [
              -79.5559232,
              43.6005982
            ],
            [
              -79.5560005,
              43.6008965
            ],
            [
              -79.5560863,
              43.6014497
            ],
            [
              -79.5561378,
              43.6019034
            ],
            [
              -79.5562064,
              43.6023385
            ],
            [
              -79.5564296,
              43.6026679
            ],
            [
              -79.5568588,
              43.6029352
            ],
            [
              -79.557554,
              43.6032273
            ],
            [
              -79.5579488,
              43.6034262
            ],
            [
              -79.5581685,
              43.6035826
            ],
            [
              -79.5582636,
              43.6038433
            ],
            [
              -79.5584442,
              43.6040952
            ],
            [
              -79.5587379,
              43.6043423
            ],
            [
              -79.5590389,
              43.6045698
            ],
            [
              -79.5598036,
              43.6050279
            ],
            [
              -79.5600794,
              43.6051932
            ],
            [
              -79.5602368,
              43.6053055
            ],
            [
              -79.5605314,
              43.6055214
            ],
            [
              -79.5609272,
              43.6057012
            ],
            [
              -79.5613092,
              43.605802
            ],
            [
              -79.5615628,
              43.6058912
            ],
            [
              -79.5617746,
              43.6060108
            ],
            [
              -79.5619402,
              43.6061595
            ],
            [
              -79.5622663,
              43.6065175
            ],
            [
              -79.5622892,
              43.6065369
            ],
            [
              -79.5625386,
              43.6067478
            ],
            [
              -79.5627281,
              43.6068295
            ],
            [
              -79.5629442,
              43.6068942
            ],
            [
              -79.5632188,
              43.6068935
            ],
            [
              -79.5633477,
              43.6068576
            ],
            [
              -79.5635047,
              43.606829
            ],
            [
              -79.5636615,
              43.6068353
            ],
            [
              -79.5637853,
              43.6068507
            ],
            [
              -79.5647318,
              43.6071267
            ],
            [
              -79.5648122,
              43.6072014
            ],
            [
              -79.5648496,
              43.6072609
            ],
            [
              -79.5648631,
              43.6073223
            ],
            [
              -79.5648656,
              43.6073808
            ],
            [
              -79.5648665,
              43.6074495
            ],
            [
              -79.5646873,
              43.6076577
            ],
            [
              -79.5646177,
              43.6077753
            ],
            [
              -79.5645842,
              43.6078811
            ],
            [
              -79.5645755,
              43.6080253
            ],
            [
              -79.5646066,
              43.60819
            ],
            [
              -79.5646445,
              43.6082841
            ],
            [
              -79.5647143,
              43.6083579
            ],
            [
              -79.5648144,
              43.6084276
            ],
            [
              -79.5649503,
              43.6084851
            ],
            [
              -79.5651253,
              43.6085408
            ],
            [
              -79.5652696,
              43.6085712
            ],
            [
              -79.5654453,
              43.6085647
            ],
            [
              -79.5657422,
              43.6084976
            ],
            [
              -79.5659482,
              43.6084355
            ],
            [
              -79.5662143,
              43.6084479
            ],
            [
              -79.5664203,
              43.6085598
            ],
            [
              -79.566568,
              43.6086517
            ],
            [
              -79.5669696,
              43.6089016
            ],
            [
              -79.5671499,
              43.6091626
            ],
            [
              -79.5672009,
              43.6095518
            ],
            [
              -79.5672614,
              43.610014
            ],
            [
              -79.5672958,
              43.6103578
            ],
            [
              -79.567253,
              43.6104826
            ],
            [
              -79.5672041,
              43.6106031
            ],
            [
              -79.5671524,
              43.6106758
            ],
            [
              -79.5670719,
              43.610734
            ],
            [
              -79.5669807,
              43.6107622
            ],
            [
              -79.5668179,
              43.6108015
            ],
            [
              -79.5666991,
              43.610871
            ],
            [
              -79.5663974,
              43.6111681
            ],
            [
              -79.5661183,
              43.6115219
            ],
            [
              -79.5660272,
              43.6115817
            ],
            [
              -79.5658864,
              43.6116225
            ],
            [
              -79.5655538,
              43.6117131
            ],
            [
              -79.5651367,
              43.6118594
            ],
            [
              -79.5647503,
              43.6120374
            ],
            [
              -79.5643227,
              43.6122207
            ],
            [
              -79.5640799,
              43.6123828
            ],
            [
              -79.563953,
              43.6125226
            ],
            [
              -79.5639123,
              43.6126343
            ],
            [
              -79.5639434,
              43.6127695
            ],
            [
              -79.5640183,
              43.6129285
            ],
            [
              -79.5641406,
              43.6131016
            ],
            [
              -79.5643133,
              43.6132314
            ],
            [
              -79.5645487,
              43.6133536
            ],
            [
              -79.5647317,
              43.613414
            ],
            [
              -79.5649447,
              43.6134492
            ],
            [
              -79.5653231,
              43.6134519
            ],
            [
              -79.5658088,
              43.6133796
            ],
            [
              -79.5662995,
              43.6133752
            ],
            [
              -79.5667345,
              43.6134116
            ],
            [
              -79.5670854,
              43.6135189
            ],
            [
              -79.5673715,
              43.6136329
            ],
            [
              -79.5677583,
              43.6138281
            ],
            [
              -79.5679653,
              43.6139838
            ],
            [
              -79.5681246,
              43.6141037
            ],
            [
              -79.5682468,
              43.6142451
            ],
            [
              -79.5682883,
              43.6143791
            ],
            [
              -79.5682755,
              43.6145346
            ],
            [
              -79.568101,
              43.6152564
            ],
            [
              -79.5679879,
              43.6156957
            ],
            [
              -79.5679262,
              43.6159239
            ],
            [
              -79.5679088,
              43.6161346
            ],
            [
              -79.5678136,
              43.6164346
            ],
            [
              -79.5679289,
              43.6165812
            ],
            [
              -79.5679303,
              43.6166599
            ],
            [
              -79.5679048,
              43.6167366
            ],
            [
              -79.5675921,
              43.6169892
            ],
            [
              -79.5671457,
              43.6172977
            ],
            [
              -79.5669064,
              43.6174027
            ],
            [
              -79.5666993,
              43.6175915
            ],
            [
              -79.5665395,
              43.6178085
            ],
            [
              -79.5665422,
              43.6179444
            ],
            [
              -79.5665881,
              43.6180677
            ],
            [
              -79.5666963,
              43.6182771
            ],
            [
              -79.5667782,
              43.6184968
            ],
            [
              -79.5668261,
              43.6187147
            ],
            [
              -79.5668118,
              43.6188502
            ],
            [
              -79.5667581,
              43.6189842
            ],
            [
              -79.5667205,
              43.6192533
            ],
            [
              -79.5667752,
              43.6199874
            ],
            [
              -79.5668922,
              43.6202434
            ],
            [
              -79.5669311,
              43.6203823
            ],
            [
              -79.5669356,
              43.6205169
            ],
            [
              -79.566903,
              43.6207259
            ],
            [
              -79.5668466,
              43.6208823
            ],
            [
              -79.566748,
              43.6209921
            ],
            [
              -79.5665851,
              43.6210784
            ],
            [
              -79.5661312,
              43.6212272
            ],
            [
              -79.5657483,
              43.6214122
            ],
            [
              -79.5656405,
              43.6215231
            ],
            [
              -79.5655664,
              43.6216284
            ],
            [
              -79.5655377,
              43.6217696
            ],
            [
              -79.5655887,
              43.6219181
            ],
            [
              -79.5657895,
              43.6222504
            ],
            [
              -79.5658569,
              43.6224094
            ],
            [
              -79.5658837,
              43.6225395
            ],
            [
              -79.5658872,
              43.6226582
            ],
            [
              -79.5658623,
              43.6228637
            ],
            [
              -79.5658042,
              43.6230807
            ],
            [
              -79.5657536,
              43.6235608
            ],
            [
              -79.5655893,
              43.6240516
            ],
            [
              -79.565569,
              43.6242272
            ],
            [
              -79.565527,
              43.6243733
            ],
            [
              -79.5653748,
              43.6245115
            ],
            [
              -79.5652789,
              43.6245559
            ],
            [
              -79.5651869,
              43.6245661
            ],
            [
              -79.5651113,
              43.624551
            ],
            [
              -79.5649003,
              43.6244723
            ],
            [
              -79.5645949,
              43.6244054
            ],
            [
              -79.5642488,
              43.6243751
            ],
            [
              -79.5641604,
              43.624386
            ],
            [
              -79.5640884,
              43.6244083
            ],
            [
              -79.5639995,
              43.6244656
            ],
            [
              -79.5639385,
              43.6245297
            ],
            [
              -79.563738,
              43.6247325
            ],
            [
              -79.5636696,
              43.6248403
            ],
            [
              -79.5636374,
              43.6249483
            ],
            [
              -79.5635925,
              43.6252263
            ],
            [
              -79.5636038,
              43.6255577
            ],
            [
              -79.5634671,
              43.6259023
            ],
            [
              -79.5634661,
              43.6264213
            ],
            [
              -79.5635318,
              43.6267219
            ],
            [
              -79.5635563,
              43.6267901
            ],
            [
              -79.5636583,
              43.6270405
            ],
            [
              -79.5638166,
              43.6274287
            ],
            [
              -79.5638992,
              43.6278415
            ],
            [
              -79.564137,
              43.6280194
            ],
            [
              -79.5644179,
              43.6281312
            ],
            [
              -79.5651388,
              43.6282227
            ],
            [
              -79.5657755,
              43.6282576
            ],
            [
              -79.5664066,
              43.6282704
            ],
            [
              -79.5669164,
              43.6282337
            ],
            [
              -79.5672165,
              43.6281586
            ],
            [
              -79.5674129,
              43.6280452
            ],
            [
              -79.5675608,
              43.6278225
            ],
            [
              -79.567882,
              43.6272253
            ],
            [
              -79.5681489,
              43.6269881
            ],
            [
              -79.5683814,
              43.6268198
            ],
            [
              -79.5685156,
              43.6267927
            ],
            [
              -79.5686544,
              43.6267927
            ],
            [
              -79.5691522,
              43.6268695
            ],
            [
              -79.5696375,
              43.6269768
            ],
            [
              -79.5699714,
              43.6269825
            ],
            [
              -79.5702258,
              43.6269565
            ],
            [
              -79.5705017,
              43.6268715
            ],
            [
              -79.5713383,
              43.626614
            ],
            [
              -79.5723777,
              43.626202
            ],
            [
              -79.5728367,
              43.6261075
            ],
            [
              -79.5733586,
              43.6260863
            ],
            [
              -79.5738153,
              43.6259723
            ],
            [
              -79.5740651,
              43.6258616
            ],
            [
              -79.5743553,
              43.6256369
            ],
            [
              -79.574668,
              43.6255147
            ],
            [
              -79.5751135,
              43.6254756
            ],
            [
              -79.5755049,
              43.6255359
            ],
            [
              -79.5769378,
              43.6263376
            ],
            [
              -79.5795986,
              43.6268734
            ],
            [
              -79.5805123,
              43.6276009
            ],
            [
              -79.580892,
              43.6277757
            ],
            [
              -79.5813171,
              43.6279019
            ],
            [
              -79.5818703,
              43.6279712
            ],
            [
              -79.5824976,
              43.6279602
            ],
            [
              -79.5835843,
              43.6283001
            ],
            [
              -79.5846002,
              43.6285826
            ],
            [
              -79.5850977,
              43.6287243
            ],
            [
              -79.5854569,
              43.6288729
            ],
            [
              -79.5856556,
              43.6290417
            ],
            [
              -79.5857977,
              43.629203
            ],
            [
              -79.5859386,
              43.6294303
            ],
            [
              -79.5860459,
              43.6295348
            ],
            [
              -79.5860767,
              43.6296193
            ],
            [
              -79.5860673,
              43.6296846
            ],
            [
              -79.5860419,
              43.6297591
            ],
            [
              -79.585948,
              43.6298591
            ],
            [
              -79.5858855,
              43.6299417
            ],
            [
              -79.5857886,
              43.63007
            ],
            [
              -79.5852359,
              43.6311058
            ],
            [
              -79.5851567,
              43.6313032
            ],
            [
              -79.5851219,
              43.6314869
            ],
            [
              -79.5851044,
              43.6319072
            ],
            [
              -79.585217,
              43.6325209
            ],
            [
              -79.5853168,
              43.6328388
            ],
            [
              -79.5854206,
              43.6330421
            ],
            [
              -79.585606,
              43.6332662
            ],
            [
              -79.5858117,
              43.6334707
            ],
            [
              -79.5858675,
              43.633568
            ],
            [
              -79.5858876,
              43.6336651
            ],
            [
              -79.58583,
              43.6338185
            ],
            [
              -79.5856503,
              43.6340805
            ],
            [
              -79.5855953,
              43.6341951
            ],
            [
              -79.5855926,
              43.6342717
            ],
            [
              -79.5857417,
              43.6345154
            ],
            [
              -79.5859386,
              43.6347153
            ],
            [
              -79.5860083,
              43.6348357
            ],
            [
              -79.5860593,
              43.635088
            ],
            [
              -79.5860686,
              43.6353576
            ],
            [
              -79.5860539,
              43.6355297
            ],
            [
              -79.5859708,
              43.6357228
            ],
            [
              -79.585774,
              43.6361025
            ],
            [
              -79.5856141,
              43.636344
            ],
            [
              -79.5854176,
              43.636636
            ],
            [
              -79.5853432,
              43.636806
            ],
            [
              -79.5853012,
              43.6369818
            ],
            [
              -79.5852731,
              43.6371077
            ],
            [
              -79.5852868,
              43.6372273
            ],
            [
              -79.5853202,
              43.6373054
            ],
            [
              -79.5853753,
              43.637433
            ],
            [
              -79.5854719,
              43.6375699
            ],
            [
              -79.5856382,
              43.6377388
            ],
            [
              -79.585737,
              43.6378557
            ],
            [
              -79.5859323,
              43.6380867
            ],
            [
              -79.5862323,
              43.6383696
            ],
            [
              -79.5864764,
              43.638687
            ],
            [
              -79.5866789,
              43.6389898
            ],
            [
              -79.5868556,
              43.6392925
            ],
            [
              -79.5869812,
              43.6395776
            ],
            [
              -79.5870759,
              43.6398614
            ],
            [
              -79.5871268,
              43.6401254
            ],
            [
              -79.5871889,
              43.6402283
            ],
            [
              -79.5873132,
              43.640369
            ],
            [
              -79.5873763,
              43.6405495
            ],
            [
              -79.5873788,
              43.640667
            ],
            [
              -79.5873372,
              43.6407934
            ],
            [
              -79.5873588,
              43.6409057
            ],
            [
              -79.5874245,
              43.6409921
            ],
            [
              -79.5874916,
              43.6410386
            ],
            [
              -79.5876201,
              43.641048
            ],
            [
              -79.5876955,
              43.6410789
            ],
            [
              -79.5877782,
              43.6412252
            ],
            [
              -79.5877563,
              43.641352
            ],
            [
              -79.5878322,
              43.6416821
            ],
            [
              -79.5879798,
              43.6418686
            ],
            [
              -79.5879718,
              43.6420097
            ],
            [
              -79.5880736,
              43.6422353
            ],
            [
              -79.5883035,
              43.6424915
            ],
            [
              -79.5884089,
              43.6425429
            ],
            [
              -79.5885338,
              43.6425847
            ],
            [
              -79.5887033,
              43.6426258
            ],
            [
              -79.5889072,
              43.6427143
            ],
            [
              -79.5890818,
              43.6428111
            ],
            [
              -79.5892731,
              43.6429408
            ],
            [
              -79.5895599,
              43.6433283
            ],
            [
              -79.5898473,
              43.6436218
            ],
            [
              -79.5904612,
              43.6440008
            ],
            [
              -79.5911099,
              43.6442743
            ],
            [
              -79.5917064,
              43.6445956
            ],
            [
              -79.5919843,
              43.6446935
            ],
            [
              -79.5921611,
              43.6447462
            ],
            [
              -79.5923097,
              43.6447772
            ],
            [
              -79.5924769,
              43.6447829
            ],
            [
              -79.5926575,
              43.6447751
            ],
            [
              -79.5929103,
              43.6447171
            ],
            [
              -79.5938502,
              43.6442248
            ],
            [
              -79.5941743,
              43.6440501
            ],
            [
              -79.5947135,
              43.6436571
            ],
            [
              -79.5950581,
              43.6434426
            ],
            [
              -79.5954528,
              43.6432826
            ],
            [
              -79.5958333,
              43.6431398
            ],
            [
              -79.596135,
              43.643076
            ],
            [
              -79.5965964,
              43.6430573
            ],
            [
              -79.5970865,
              43.6430705
            ],
            [
              -79.5979593,
              43.6431155
            ],
            [
              -79.5981038,
              43.6431262
            ],
            [
              -79.5982566,
              43.6431602
            ],
            [
              -79.5984214,
              43.6432383
            ],
            [
              -79.5985986,
              43.6433591
            ],
            [
              -79.5987596,
              43.643495
            ],
            [
              -79.5990131,
              43.6436218
            ],
            [
              -79.5992303,
              43.6436978
            ],
            [
              -79.5994623,
              43.6437551
            ],
            [
              -79.5998779,
              43.6438233
            ],
            [
              -79.6001677,
              43.6438434
            ],
            [
              -79.6004695,
              43.64389
            ],
            [
              -79.6010253,
              43.6440072
            ],
            [
              -79.601144,
              43.6440181
            ],
            [
              -79.6012862,
              43.6440161
            ],
            [
              -79.6015369,
              43.6439909
            ],
            [
              -79.6016456,
              43.6439996
            ],
            [
              -79.6017328,
              43.6440258
            ],
            [
              -79.6018066,
              43.6440705
            ],
            [
              -79.6018444,
              43.6441129
            ],
            [
              -79.6018964,
              43.6442151
            ],
            [
              -79.6019733,
              43.6443642
            ],
            [
              -79.60206,
              43.6444383
            ],
            [
              -79.6021847,
              43.6445111
            ],
            [
              -79.602515,
              43.6446274
            ],
            [
              -79.6029535,
              43.6447168
            ],
            [
              -79.6030739,
              43.6447197
            ],
            [
              -79.6031503,
              43.6447003
            ],
            [
              -79.6034521,
              43.6445383
            ],
            [
              -79.6036023,
              43.6444926
            ],
            [
              -79.603873,
              43.6444673
            ],
            [
              -79.6046762,
              43.6444454
            ],
            [
              -79.6048374,
              43.6444597
            ],
            [
              -79.6049365,
              43.6444878
            ],
            [
              -79.605162,
              43.6446305
            ],
            [
              -79.60528,
              43.6447304
            ],
            [
              -79.6054024,
              43.6448077
            ],
            [
              -79.6055737,
              43.6448449
            ],
            [
              -79.6057481,
              43.6448508
            ],
            [
              -79.6059025,
              43.6448314
            ],
            [
              -79.6062295,
              43.644712
            ],
            [
              -79.6063757,
              43.6446625
            ],
            [
              -79.6065294,
              43.6446366
            ],
            [
              -79.606837,
              43.6446227
            ],
            [
              -79.6070695,
              43.6445879
            ],
            [
              -79.6072166,
              43.6446062
            ],
            [
              -79.6073775,
              43.6446625
            ],
            [
              -79.6075111,
              43.6447369
            ],
            [
              -79.6076605,
              43.6448731
            ],
            [
              -79.6077714,
              43.6450288
            ],
            [
              -79.6077946,
              43.6451817
            ],
            [
              -79.6078536,
              43.6453331
            ],
            [
              -79.6079824,
              43.6456099
            ],
            [
              -79.6081647,
              43.645926
            ],
            [
              -79.6082599,
              43.6460696
            ],
            [
              -79.6083953,
              43.6462112
            ],
            [
              -79.6087242,
              43.6464064
            ],
            [
              -79.5888158,
              43.6646011
            ],
            [
              -79.5912463,
              43.6685053
            ],
            [
              -79.5921675,
              43.6701045
            ],
            [
              -79.5944319,
              43.6740107
            ],
            [
              -79.5945991,
              43.674298
            ],
            [
              -79.5952971,
              43.6754976
            ],
            [
              -79.6012949,
              43.6856867
            ],
            [
              -79.6024815,
              43.6876628
            ],
            [
              -79.603361,
              43.6891816
            ],
            [
              -79.6055934,
              43.6930765
            ],
            [
              -79.6057359,
              43.6933251
            ],
            [
              -79.6059959,
              43.6937787
            ],
            [
              -79.6062249,
              43.6941199
            ],
            [
              -79.6075858,
              43.6965129
            ],
            [
              -79.6083698,
              43.6978618
            ],
            [
              -79.6105434,
              43.7017256
            ],
            [
              -79.6140194,
              43.707634
            ],
            [
              -79.616061,
              43.7113019
            ],
            [
              -79.616852,
              43.7127231
            ],
            [
              -79.6180198,
              43.7146886
            ],
            [
              -79.6203851,
              43.7186692
            ],
            [
              -79.6238061,
              43.724292
            ],
            [
              -79.6256354,
              43.7274918
            ],
            [
              -79.6268612,
              43.7295611
            ],
            [
              -79.6277962,
              43.7312285
            ],
            [
              -79.6289691,
              43.7331533
            ],
            [
              -79.6294107,
              43.7338427
            ],
            [
              -79.6302939,
              43.7353235
            ],
            [
              -79.6322034,
              43.7348648
            ],
            [
              -79.634147,
              43.7331871
            ],
            [
              -79.6385301,
              43.7364595
            ],
            [
              -79.6393529,
              43.7370604
            ],
            [
              -79.639648,
              43.7367977
            ],
            [
              -79.640659,
              43.7358831
            ],
            [
              -79.6428256,
              43.7339717
            ],
            [
              -79.6447274,
              43.732285
            ],
            [
              -79.6463734,
              43.7307954
            ],
            [
              -79.6482208,
              43.7291322
            ],
            [
              -79.6488953,
              43.7285264
            ],
            [
              -79.6499935,
              43.7275336
            ],
            [
              -79.6513313,
              43.7262959
            ],
            [
              -79.6526253,
              43.7251073
            ],
            [
              -79.6533088,
              43.7244801
            ],
            [
              -79.653963,
              43.7238891
            ],
            [
              -79.6548752,
              43.723085
            ],
            [
              -79.6560363,
              43.7220697
            ],
            [
              -79.655952,
              43.7219855
            ],
            [
              -79.65795,
              43.7202392
            ],
            [
              -79.6585302,
              43.719709
            ],
            [
              -79.6593268,
              43.7190452
            ],
            [
              -79.6595018,
              43.7189826
            ],
            [
              -79.6608863,
              43.7177404
            ],
            [
              -79.6611273,
              43.7175239
            ],
            [
              -79.6612678,
              43.7176192
            ],
            [
              -79.6628361,
              43.7162714
            ],
            [
              -79.6653656,
              43.7139022
            ],
            [
              -79.6680382,
              43.7114709
            ],
            [
              -79.6713514,
              43.708482
            ],
            [
              -79.671566,
              43.7082875
            ],
            [
              -79.6731408,
              43.70686
            ],
            [
              -79.6729026,
              43.7043729
            ],
            [
              -79.6728635,
              43.7037941
            ],
            [
              -79.6725704,
              43.7009315
            ],
            [
              -79.6739437,
              43.6991802
            ],
            [
              -79.6748731,
              43.6979961
            ],
            [
              -79.6770908,
              43.6951951
            ],
            [
              -79.6770403,
              43.69478
            ],
            [
              -79.6776022,
              43.6939933
            ],
            [
              -79.6786754,
              43.6918925
            ],
            [
              -79.6793746,
              43.6906068
            ],
            [
              -79.6824498,
              43.6846312
            ],
            [
              -79.6860859,
              43.6775875
            ],
            [
              -79.6861762,
              43.6774126
            ],
            [
              -79.6889951,
              43.671961
            ],
            [
              -79.6906899,
              43.6686942
            ],
            [
              -79.6924567,
              43.6671415
            ],
            [
              -79.6936716,
              43.6660514
            ],
            [
              -79.6948778,
              43.664974
            ],
            [
              -79.6976763,
              43.662468
            ],
            [
              -79.7037443,
              43.6570956
            ],
            [
              -79.7075794,
              43.6537098
            ],
            [
              -79.708923,
              43.6529174
            ],
            [
              -79.7102657,
              43.6522445
            ],
            [
              -79.7128152,
              43.6510518
            ],
            [
              -79.7134275,
              43.650757
            ],
            [
              -79.7168174,
              43.6489243
            ],
            [
              -79.719082,
              43.6476342
            ],
            [
              -79.7209583,
              43.6465796
            ],
            [
              -79.7219877,
              43.646001
            ],
            [
              -79.7300253,
              43.6415018
            ],
            [
              -79.7325805,
              43.6400395
            ],
            [
              -79.7328743,
              43.6398716
            ],
            [
              -79.733067,
              43.6397614
            ],
            [
              -79.7330484,
              43.6397493
            ],
            [
              -79.7369476,
              43.6363002
            ],
            [
              -79.7369733,
              43.6362519
            ],
            [
              -79.737107,
              43.6361179
            ],
            [
              -79.7371687,
              43.6361012
            ],
            [
              -79.7396425,
              43.6339097
            ],
            [
              -79.7419149,
              43.631937
            ],
            [
              -79.7444745,
              43.6295877
            ],
            [
              -79.7454852,
              43.6286669
            ],
            [
              -79.7476232,
              43.6267191
            ],
            [
              -79.7536458,
              43.6212472
            ],
            [
              -79.754585,
              43.6204023
            ],
            [
              -79.7545425,
              43.6203716
            ],
            [
              -79.754616,
              43.6203052
            ],
            [
              -79.7547034,
              43.6202263
            ],
            [
              -79.7548327,
              43.6201096
            ],
            [
              -79.7610333,
              43.61455
            ],
            [
              -79.7758145,
              43.6101063
            ],
            [
              -79.7760895,
              43.6098553
            ],
            [
              -79.7762536,
              43.6099741
            ],
            [
              -79.7780699,
              43.6094535
            ],
            [
              -79.783975,
              43.6056466
            ],
            [
              -79.7873538,
              43.6034708
            ],
            [
              -79.7899154,
              43.6018018
            ],
            [
              -79.7879225,
              43.6003371
            ],
            [
              -79.7892168,
              43.6002413
            ],
            [
              -79.7904655,
              43.6000812
            ],
            [
              -79.7919051,
              43.5998426
            ],
            [
              -79.7928894,
              43.5996542
            ],
            [
              -79.7941425,
              43.5993433
            ],
            [
              -79.7951599,
              43.599061
            ],
            [
              -79.7962644,
              43.5986915
            ],
            [
              -79.7977652,
              43.5980438
            ],
            [
              -79.798455,
              43.5977268
            ],
            [
              -79.7994395,
              43.5972182
            ],
            [
              -79.7999137,
              43.5969443
            ],
            [
              -79.8013184,
              43.5960617
            ],
            [
              -79.8018557,
              43.5956857
            ],
            [
              -79.8027381,
              43.594964
            ],
            [
              -79.806867,
              43.5913165
            ],
            [
              -79.8082034,
              43.5901286
            ],
            [
              -79.8092953,
              43.589158
            ],
            [
              -79.8099137,
              43.5885988
            ],
            [
              -79.8103184,
              43.5882434
            ]
          ]
        ]
      }
    },
    {
      "type": "Feature",
      "properties": {
        "name": "Brampton",
        "osm_display": "Brampton, Peel Region, Golden Horseshoe, Ontario, Canada"
      },
      "geometry": {
        "type": "Polygon",
        "coordinates": [
          [
            [
              -79.8888473,
              43.674868
            ],
            [
              -79.8638287,
              43.6563559
            ],
            [
              -79.8633351,
              43.6559906
            ],
            [
              -79.8609132,
              43.6541983
            ],
            [
              -79.860241,
              43.6537008
            ],
            [
              -79.8598189,
              43.6533884
            ],
            [
              -79.8523566,
              43.647856
            ],
            [
              -79.8462148,
              43.6433023
            ],
            [
              -79.8343471,
              43.6345036
            ],
            [
              -79.8336131,
              43.6339855
            ],
            [
              -79.8334171,
              43.6338392
            ],
            [
              -79.8316151,
              43.6324855
            ],
            [
              -79.8314078,
              43.6323298
            ],
            [
              -79.8246091,
              43.6273192
            ],
            [
              -79.8190408,
              43.6232594
            ],
            [
              -79.8188835,
              43.6231197
            ],
            [
              -79.8167286,
              43.6215378
            ],
            [
              -79.8165473,
              43.6214048
            ],
            [
              -79.8163104,
              43.621231
            ],
            [
              -79.8158388,
              43.620885
            ],
            [
              -79.8155111,
              43.6206445
            ],
            [
              -79.8126189,
              43.6185227
            ],
            [
              -79.8109421,
              43.6172924
            ],
            [
              -79.8084079,
              43.615433
            ],
            [
              -79.7977716,
              43.6076048
            ],
            [
              -79.7899154,
              43.6018018
            ],
            [
              -79.7873538,
              43.6034708
            ],
            [
              -79.783975,
              43.6056466
            ],
            [
              -79.7780699,
              43.6094535
            ],
            [
              -79.7762536,
              43.6099741
            ],
            [
              -79.7760895,
              43.6098553
            ],
            [
              -79.7758145,
              43.6101063
            ],
            [
              -79.7610333,
              43.61455
            ],
            [
              -79.7548327,
              43.6201096
            ],
            [
              -79.7547034,
              43.6202263
            ],
            [
              -79.754616,
              43.6203052
            ],
            [
              -79.7545425,
              43.6203716
            ],
            [
              -79.754585,
              43.6204023
            ],
            [
              -79.7536458,
              43.6212472
            ],
            [
              -79.7476232,
              43.6267191
            ],
            [
              -79.7454852,
              43.6286669
            ],
            [
              -79.7444745,
              43.6295877
            ],
            [
              -79.7419149,
              43.631937
            ],
            [
              -79.7396425,
              43.6339097
            ],
            [
              -79.7371687,
              43.6361012
            ],
            [
              -79.737107,
              43.6361179
            ],
            [
              -79.7369733,
              43.6362519
            ],
            [
              -79.7369476,
              43.6363002
            ],
            [
              -79.7330484,
              43.6397493
            ],
            [
              -79.733067,
              43.6397614
            ],
            [
              -79.7328743,
              43.6398716
            ],
            [
              -79.7325805,
              43.6400395
            ],
            [
              -79.7300253,
              43.6415018
            ],
            [
              -79.7219877,
              43.646001
            ],
            [
              -79.7209583,
              43.6465796
            ],
            [
              -79.719082,
              43.6476342
            ],
            [
              -79.7168174,
              43.6489243
            ],
            [
              -79.7134275,
              43.650757
            ],
            [
              -79.7128152,
              43.6510518
            ],
            [
              -79.7102657,
              43.6522445
            ],
            [
              -79.708923,
              43.6529174
            ],
            [
              -79.7075794,
              43.6537098
            ],
            [
              -79.7037443,
              43.6570956
            ],
            [
              -79.6976763,
              43.662468
            ],
            [
              -79.6948778,
              43.664974
            ],
            [
              -79.6936716,
              43.6660514
            ],
            [
              -79.6924567,
              43.6671415
            ],
            [
              -79.6906899,
              43.6686942
            ],
            [
              -79.6889951,
              43.671961
            ],
            [
              -79.6861762,
              43.6774126
            ],
            [
              -79.6860859,
              43.6775875
            ],
            [
              -79.6824498,
              43.6846312
            ],
            [
              -79.6793746,
              43.6906068
            ],
            [
              -79.6786754,
              43.6918925
            ],
            [
              -79.6776022,
              43.6939933
            ],
            [
              -79.6770403,
              43.69478
            ],
            [
              -79.6770908,
              43.6951951
            ],
            [
              -79.6748731,
              43.6979961
            ],
            [
              -79.6739437,
              43.6991802
            ],
            [
              -79.6725704,
              43.7009315
            ],
            [
              -79.6728635,
              43.7037941
            ],
            [
              -79.6729026,
              43.7043729
            ],
            [
              -79.6731408,
              43.70686
            ],
            [
              -79.671566,
              43.7082875
            ],
            [
              -79.6713514,
              43.708482
            ],
            [
              -79.6680382,
              43.7114709
            ],
            [
              -79.6653656,
              43.7139022
            ],
            [
              -79.6628361,
              43.7162714
            ],
            [
              -79.6612678,
              43.7176192
            ],
            [
              -79.6611273,
              43.7175239
            ],
            [
              -79.6608863,
              43.7177404
            ],
            [
              -79.6595018,
              43.7189826
            ],
            [
              -79.6593268,
              43.7190452
            ],
            [
              -79.6585302,
              43.719709
            ],
            [
              -79.65795,
              43.7202392
            ],
            [
              -79.655952,
              43.7219855
            ],
            [
              -79.6560363,
              43.7220697
            ],
            [
              -79.6548752,
              43.723085
            ],
            [
              -79.653963,
              43.7238891
            ],
            [
              -79.6533088,
              43.7244801
            ],
            [
              -79.6526253,
              43.7251073
            ],
            [
              -79.6513313,
              43.7262959
            ],
            [
              -79.6499935,
              43.7275336
            ],
            [
              -79.6488953,
              43.7285264
            ],
            [
              -79.6482208,
              43.7291322
            ],
            [
              -79.6463734,
              43.7307954
            ],
            [
              -79.6447274,
              43.732285
            ],
            [
              -79.6428256,
              43.7339717
            ],
            [
              -79.640659,
              43.7358831
            ],
            [
              -79.639648,
              43.7367977
            ],
            [
              -79.6393529,
              43.7370604
            ],
            [
              -79.6385301,
              43.7364595
            ],
            [
              -79.634147,
              43.7331871
            ],
            [
              -79.6322034,
              43.7348648
            ],
            [
              -79.6302939,
              43.7353235
            ],
            [
              -79.6307475,
              43.7362096
            ],
            [
              -79.6367466,
              43.74678
            ],
            [
              -79.6375457,
              43.7480166
            ],
            [
              -79.6376019,
              43.7483428
            ],
            [
              -79.6385293,
              43.749139
            ],
            [
              -79.6392832,
              43.7498436
            ],
            [
              -79.6394237,
              43.7499952
            ],
            [
              -79.640023,
              43.7505905
            ],
            [
              -79.6405073,
              43.7511596
            ],
            [
              -79.6408002,
              43.7515912
            ],
            [
              -79.6408832,
              43.7517404
            ],
            [
              -79.641245,
              43.7524491
            ],
            [
              -79.6415436,
              43.7532343
            ],
            [
              -79.6421676,
              43.7551245
            ],
            [
              -79.6426841,
              43.7565638
            ],
            [
              -79.6432197,
              43.7579485
            ],
            [
              -79.6434846,
              43.7585015
            ],
            [
              -79.6455739,
              43.7622659
            ],
            [
              -79.6463863,
              43.7635628
            ],
            [
              -79.6485469,
              43.7671297
            ],
            [
              -79.655034,
              43.7785217
            ],
            [
              -79.6580411,
              43.7838816
            ],
            [
              -79.6691586,
              43.8030197
            ],
            [
              -79.6747874,
              43.8128798
            ],
            [
              -79.6786404,
              43.819296
            ],
            [
              -79.6804275,
              43.8223238
            ],
            [
              -79.6954175,
              43.8480959
            ],
            [
              -79.7093102,
              43.835728
            ],
            [
              -79.7175272,
              43.8284117
            ],
            [
              -79.7273868,
              43.8196316
            ],
            [
              -79.7426641,
              43.8060244
            ],
            [
              -79.7582853,
              43.7922753
            ],
            [
              -79.7599751,
              43.7913421
            ],
            [
              -79.7619398,
              43.7899238
            ],
            [
              -79.7649318,
              43.7876884
            ],
            [
              -79.7673968,
              43.7858469
            ],
            [
              -79.771758,
              43.7823032
            ],
            [
              -79.7749418,
              43.779716
            ],
            [
              -79.7758162,
              43.778771
            ],
            [
              -79.7768247,
              43.7773882
            ],
            [
              -79.7779585,
              43.7757939
            ],
            [
              -79.7780532,
              43.7756607
            ],
            [
              -79.7791381,
              43.7746101
            ],
            [
              -79.7818982,
              43.7721871
            ],
            [
              -79.7965814,
              43.7588289
            ],
            [
              -79.8033142,
              43.7527026
            ],
            [
              -79.8049936,
              43.7514067
            ],
            [
              -79.8085202,
              43.7491694
            ],
            [
              -79.8099937,
              43.7478415
            ],
            [
              -79.8146979,
              43.7435404
            ],
            [
              -79.8197357,
              43.7386349
            ],
            [
              -79.8250792,
              43.7426564
            ],
            [
              -79.8278886,
              43.7400492
            ],
            [
              -79.8318841,
              43.7364105
            ],
            [
              -79.8356086,
              43.7330185
            ],
            [
              -79.8357049,
              43.7329308
            ],
            [
              -79.8355218,
              43.7328022
            ],
            [
              -79.8357338,
              43.7326282
            ],
            [
              -79.8354421,
              43.7325068
            ],
            [
              -79.8352131,
              43.7323978
            ],
            [
              -79.8347417,
              43.732149
            ],
            [
              -79.8343516,
              43.731915
            ],
            [
              -79.8340905,
              43.7317348
            ],
            [
              -79.8336546,
              43.7314089
            ],
            [
              -79.8327915,
              43.7307888
            ],
            [
              -79.8326524,
              43.7308881
            ],
            [
              -79.8318197,
              43.7302852
            ],
            [
              -79.830046,
              43.7289823
            ],
            [
              -79.8302822,
              43.7287314
            ],
            [
              -79.8320621,
              43.7269019
            ],
            [
              -79.8330464,
              43.7260004
            ],
            [
              -79.8358652,
              43.7234187
            ],
            [
              -79.837773,
              43.7216646
            ],
            [
              -79.843719,
              43.7162249
            ],
            [
              -79.8567875,
              43.7046185
            ],
            [
              -79.8585919,
              43.7030001
            ],
            [
              -79.8620814,
              43.6995969
            ],
            [
              -79.862693,
              43.6988717
            ],
            [
              -79.8636532,
              43.6979254
            ],
            [
              -79.8671401,
              43.6947799
            ],
            [
              -79.869833,
              43.6923673
            ],
            [
              -79.8705411,
              43.6916497
            ],
            [
              -79.8712711,
              43.690742
            ],
            [
              -79.871408,
              43.6905718
            ],
            [
              -79.8719501,
              43.6898978
            ],
            [
              -79.872703,
              43.6889616
            ],
            [
              -79.8730765,
              43.6885128
            ],
            [
              -79.8733816,
              43.6881461
            ],
            [
              -79.8738778,
              43.6876495
            ],
            [
              -79.8742895,
              43.6872655
            ],
            [
              -79.8748278,
              43.6868041
            ],
            [
              -79.8829222,
              43.6798647
            ],
            [
              -79.8838905,
              43.6792206
            ],
            [
              -79.884732,
              43.6786152
            ],
            [
              -79.8855373,
              43.6779365
            ],
            [
              -79.8888473,
              43.674868
            ]
          ]
        ]
      }
    },
    {
      "type": "Feature",
      "properties": {
        "name": "Oakville",
        "osm_display": "Oakville, Halton Region, Golden Horseshoe, Ontario, Canada"
      },
      "geometry": {
        "type": "Polygon",
        "coordinates": [
          [
            [
              -79.8109532,
              43.4347636
            ],
            [
              -79.809013,
              43.4333572
            ],
            [
              -79.8043947,
              43.4300095
            ],
            [
              -79.8038117,
              43.4295893
            ],
            [
              -79.8032488,
              43.4291836
            ],
            [
              -79.8010581,
              43.4275846
            ],
            [
              -79.7937517,
              43.4222544
            ],
            [
              -79.7935497,
              43.4221099
            ],
            [
              -79.7920733,
              43.4210593
            ],
            [
              -79.7760634,
              43.409474
            ],
            [
              -79.7745477,
              43.4083776
            ],
            [
              -79.7731663,
              43.4073782
            ],
            [
              -79.7712351,
              43.405944
            ],
            [
              -79.7650912,
              43.4015072
            ],
            [
              -79.756591,
              43.3953339
            ],
            [
              -79.7564806,
              43.3952537
            ],
            [
              -79.754761,
              43.3940172
            ],
            [
              -79.7530889,
              43.3927893
            ],
            [
              -79.7507465,
              43.3912065
            ],
            [
              -79.7505699,
              43.3911972
            ],
            [
              -79.7501888,
              43.3911072
            ],
            [
              -79.7499719,
              43.3910049
            ],
            [
              -79.7495568,
              43.3908091
            ],
            [
              -79.749116,
              43.3904663
            ],
            [
              -79.748854,
              43.390192
            ],
            [
              -79.7486741,
              43.389988
            ],
            [
              -79.7484036,
              43.3895806
            ],
            [
              -79.7482865,
              43.3893836
            ],
            [
              -79.7476973,
              43.388866
            ],
            [
              -79.7468613,
              43.388246
            ],
            [
              -79.7467755,
              43.388185
            ],
            [
              -79.7466896,
              43.38812
            ],
            [
              -79.7455785,
              43.3872986
            ],
            [
              -79.7421731,
              43.3848295
            ],
            [
              -79.7420876,
              43.3847327
            ],
            [
              -79.7419905,
              43.3846381
            ],
            [
              -79.7419187,
              43.3845707
            ],
            [
              -79.7414529,
              43.3842165
            ],
            [
              -79.7409236,
              43.3838347
            ],
            [
              -79.7397816,
              43.3830219
            ],
            [
              -79.7396126,
              43.3829016
            ],
            [
              -79.7390918,
              43.3825209
            ],
            [
              -79.7389033,
              43.3823873
            ],
            [
              -79.7384144,
              43.382041
            ],
            [
              -79.7373054,
              43.3812136
            ],
            [
              -79.7369022,
              43.3809262
            ],
            [
              -79.7365337,
              43.3806552
            ],
            [
              -79.7363199,
              43.3804971
            ],
            [
              -79.7360409,
              43.3802929
            ],
            [
              -79.7356827,
              43.3800281
            ],
            [
              -79.7355174,
              43.3799032
            ],
            [
              -79.7351773,
              43.3796515
            ],
            [
              -79.7348144,
              43.3793848
            ],
            [
              -79.7344063,
              43.3790847
            ],
            [
              -79.7340704,
              43.3788368
            ],
            [
              -79.7336932,
              43.3785582
            ],
            [
              -79.7333533,
              43.3783058
            ],
            [
              -79.732969,
              43.3780234
            ],
            [
              -79.7329444,
              43.3780037
            ],
            [
              -79.7324795,
              43.3776577
            ],
            [
              -79.7321165,
              43.3773919
            ],
            [
              -79.7317313,
              43.3771059
            ],
            [
              -79.7316382,
              43.3770382
            ],
            [
              -79.7311079,
              43.3766459
            ],
            [
              -79.7303871,
              43.3761128
            ],
            [
              -79.730103,
              43.3759028
            ],
            [
              -79.7282841,
              43.3745583
            ],
            [
              -79.7279743,
              43.3743293
            ],
            [
              -79.7277402,
              43.3741582
            ],
            [
              -79.7264349,
              43.373204
            ],
            [
              -79.72616,
              43.373003
            ],
            [
              -79.7258622,
              43.3727726
            ],
            [
              -79.7252585,
              43.3723283
            ],
            [
              -79.7251715,
              43.3722643
            ],
            [
              -79.7248925,
              43.3720587
            ],
            [
              -79.7248836,
              43.3720522
            ],
            [
              -79.7247985,
              43.3719895
            ],
            [
              -79.7244857,
              43.3717599
            ],
            [
              -79.7241613,
              43.3715552
            ],
            [
              -79.713939,
              43.3648541
            ],
            [
              -79.6615316,
              43.4284845
            ],
            [
              -79.6198948,
              43.4789901
            ],
            [
              -79.6250769,
              43.4813705
            ],
            [
              -79.6275789,
              43.4832165
            ],
            [
              -79.6276569,
              43.4833527
            ],
            [
              -79.627735,
              43.483405
            ],
            [
              -79.6278078,
              43.4834536
            ],
            [
              -79.6280637,
              43.4836376
            ],
            [
              -79.6284249,
              43.4839031
            ],
            [
              -79.6289742,
              43.4842891
            ],
            [
              -79.6295121,
              43.4846695
            ],
            [
              -79.6300801,
              43.4850879
            ],
            [
              -79.6309851,
              43.4857514
            ],
            [
              -79.6310151,
              43.4857734
            ],
            [
              -79.632007,
              43.4865004
            ],
            [
              -79.6326557,
              43.4869634
            ],
            [
              -79.6333898,
              43.4874714
            ],
            [
              -79.6335924,
              43.4876097
            ],
            [
              -79.6339653,
              43.4878698
            ],
            [
              -79.6342662,
              43.4880801
            ],
            [
              -79.6347013,
              43.4883924
            ],
            [
              -79.6353579,
              43.4888816
            ],
            [
              -79.6358152,
              43.4892277
            ],
            [
              -79.6362237,
              43.489536
            ],
            [
              -79.6362715,
              43.4895719
            ],
            [
              -79.6364204,
              43.4896835
            ],
            [
              -79.6366985,
              43.4898921
            ],
            [
              -79.6377268,
              43.4906556
            ],
            [
              -79.6385052,
              43.4912287
            ],
            [
              -79.639306,
              43.4918182
            ],
            [
              -79.6400382,
              43.4923552
            ],
            [
              -79.64036,
              43.4925918
            ],
            [
              -79.6410189,
              43.4930734
            ],
            [
              -79.6410668,
              43.4931094
            ],
            [
              -79.6411148,
              43.4931456
            ],
            [
              -79.6413145,
              43.4932945
            ],
            [
              -79.6417989,
              43.4936344
            ],
            [
              -79.6425529,
              43.4941827
            ],
            [
              -79.642579,
              43.4942019
            ],
            [
              -79.6426799,
              43.4942762
            ],
            [
              -79.6427717,
              43.4943437
            ],
            [
              -79.6428033,
              43.494367
            ],
            [
              -79.643085,
              43.4945934
            ],
            [
              -79.6435189,
              43.4949098
            ],
            [
              -79.6436442,
              43.495002
            ],
            [
              -79.6439681,
              43.4952355
            ],
            [
              -79.6441796,
              43.4953904
            ],
            [
              -79.6444191,
              43.4955626
            ],
            [
              -79.6447786,
              43.495817
            ],
            [
              -79.6454798,
              43.4963083
            ],
            [
              -79.6458619,
              43.4966685
            ],
            [
              -79.6465952,
              43.497201
            ],
            [
              -79.6467688,
              43.4973193
            ],
            [
              -79.647034,
              43.4974642
            ],
            [
              -79.6488957,
              43.4988397
            ],
            [
              -79.6505471,
              43.5000178
            ],
            [
              -79.6511088,
              43.5004324
            ],
            [
              -79.6513756,
              43.5006658
            ],
            [
              -79.6519889,
              43.5011072
            ],
            [
              -79.6534376,
              43.5021457
            ],
            [
              -79.6539597,
              43.5025173
            ],
            [
              -79.6544682,
              43.5029166
            ],
            [
              -79.6547335,
              43.5031088
            ],
            [
              -79.6555006,
              43.5036631
            ],
            [
              -79.6560268,
              43.5040361
            ],
            [
              -79.6562102,
              43.5041679
            ],
            [
              -79.6566016,
              43.5044448
            ],
            [
              -79.657156,
              43.5048371
            ],
            [
              -79.6577356,
              43.5052567
            ],
            [
              -79.6580009,
              43.5054884
            ],
            [
              -79.6584847,
              43.5058436
            ],
            [
              -79.6592501,
              43.5063777
            ],
            [
              -79.6598131,
              43.5067706
            ],
            [
              -79.6604284,
              43.5072214
            ],
            [
              -79.6607352,
              43.5074798
            ],
            [
              -79.6621927,
              43.5085537
            ],
            [
              -79.6633399,
              43.5093864
            ],
            [
              -79.6633781,
              43.5094128
            ],
            [
              -79.6638151,
              43.5097154
            ],
            [
              -79.6643492,
              43.5100854
            ],
            [
              -79.6643898,
              43.5101155
            ],
            [
              -79.6653612,
              43.5108366
            ],
            [
              -79.6658573,
              43.5111977
            ],
            [
              -79.666229,
              43.5114685
            ],
            [
              -79.6664848,
              43.5116536
            ],
            [
              -79.6670118,
              43.5120298
            ],
            [
              -79.6676796,
              43.5125066
            ],
            [
              -79.6679714,
              43.5127149
            ],
            [
              -79.6687779,
              43.513357
            ],
            [
              -79.6694576,
              43.5138795
            ],
            [
              -79.6699343,
              43.514204
            ],
            [
              -79.6702534,
              43.5144204
            ],
            [
              -79.6705588,
              43.5146387
            ],
            [
              -79.6711268,
              43.5150672
            ],
            [
              -79.6715503,
              43.5153845
            ],
            [
              -79.6721234,
              43.515836
            ],
            [
              -79.6727637,
              43.5163161
            ],
            [
              -79.6728484,
              43.5163768
            ],
            [
              -79.6732729,
              43.5166805
            ],
            [
              -79.6737401,
              43.5170141
            ],
            [
              -79.6749578,
              43.5178908
            ],
            [
              -79.6757795,
              43.5184844
            ],
            [
              -79.6764494,
              43.5190153
            ],
            [
              -79.6768874,
              43.5193331
            ],
            [
              -79.6771766,
              43.5195415
            ],
            [
              -79.6773769,
              43.5196858
            ],
            [
              -79.6777862,
              43.5199796
            ],
            [
              -79.6781788,
              43.5202609
            ],
            [
              -79.6788171,
              43.5207294
            ],
            [
              -79.6791304,
              43.5209459
            ],
            [
              -79.6802008,
              43.5217238
            ],
            [
              -79.6802538,
              43.5217599
            ],
            [
              -79.6805194,
              43.5219553
            ],
            [
              -79.6816593,
              43.522765
            ],
            [
              -79.6823713,
              43.5221006
            ],
            [
              -79.6842444,
              43.5203721
            ],
            [
              -79.6847941,
              43.5198699
            ],
            [
              -79.685038,
              43.5196333
            ],
            [
              -79.6852794,
              43.5193931
            ],
            [
              -79.6854565,
              43.5192269
            ],
            [
              -79.6857613,
              43.5189411
            ],
            [
              -79.6864378,
              43.5183641
            ],
            [
              -79.6870373,
              43.5177859
            ],
            [
              -79.6870872,
              43.5177388
            ],
            [
              -79.6871266,
              43.5177026
            ],
            [
              -79.6880448,
              43.5168499
            ],
            [
              -79.6894619,
              43.5155403
            ],
            [
              -79.6902798,
              43.514766
            ],
            [
              -79.6917893,
              43.5133964
            ],
            [
              -79.6930318,
              43.5122879
            ],
            [
              -79.6934521,
              43.5118439
            ],
            [
              -79.6946419,
              43.5107395
            ],
            [
              -79.697352,
              43.5082396
            ],
            [
              -79.7150803,
              43.52194
            ],
            [
              -79.7248295,
              43.5284371
            ],
            [
              -79.726464,
              43.5269106
            ],
            [
              -79.7292873,
              43.5245337
            ],
            [
              -79.7322039,
              43.5219785
            ],
            [
              -79.7351543,
              43.5195201
            ],
            [
              -79.7381691,
              43.5170149
            ],
            [
              -79.7403578,
              43.5151632
            ],
            [
              -79.7428056,
              43.5131049
            ],
            [
              -79.7459154,
              43.5104636
            ],
            [
              -79.7480933,
              43.5086039
            ],
            [
              -79.7507911,
              43.506232
            ],
            [
              -79.7510437,
              43.5061372
            ],
            [
              -79.7542946,
              43.5033591
            ],
            [
              -79.7559576,
              43.5017404
            ],
            [
              -79.7572128,
              43.5001762
            ],
            [
              -79.7734716,
              43.4849677
            ],
            [
              -79.7735966,
              43.484985
            ],
            [
              -79.7763264,
              43.4853609
            ],
            [
              -79.7766972,
              43.4854142
            ],
            [
              -79.7775657,
              43.4855344
            ],
            [
              -79.7794373,
              43.4857628
            ],
            [
              -79.7801716,
              43.4858524
            ],
            [
              -79.783076,
              43.4862069
            ],
            [
              -79.7863977,
              43.486593
            ],
            [
              -79.7871285,
              43.4859182
            ],
            [
              -79.7890413,
              43.4841519
            ],
            [
              -79.7925432,
              43.4809757
            ],
            [
              -79.7951626,
              43.4786476
            ],
            [
              -79.7959678,
              43.4779115
            ],
            [
              -79.7962253,
              43.4776686
            ],
            [
              -79.7964656,
              43.4774693
            ],
            [
              -79.7967832,
              43.4771953
            ],
            [
              -79.7969291,
              43.4770831
            ],
            [
              -79.7970149,
              43.4769835
            ],
            [
              -79.7970664,
              43.4768838
            ],
            [
              -79.7971094,
              43.4767344
            ],
            [
              -79.7971952,
              43.4765475
            ],
            [
              -79.7972381,
              43.4763482
            ],
            [
              -79.7973583,
              43.4761178
            ],
            [
              -79.7974698,
              43.475906
            ],
            [
              -79.7975557,
              43.4757129
            ],
            [
              -79.79759,
              43.4755385
            ],
            [
              -79.7975643,
              43.4753703
            ],
            [
              -79.7975643,
              43.4752084
            ],
            [
              -79.79759,
              43.4750527
            ],
            [
              -79.7977016,
              43.4748783
            ],
            [
              -79.7978732,
              43.474679
            ],
            [
              -79.7981393,
              43.4743925
            ],
            [
              -79.7982852,
              43.4742367
            ],
            [
              -79.7984129,
              43.4741401
            ],
            [
              -79.7984826,
              43.4740873
            ],
            [
              -79.7985771,
              43.4740499
            ],
            [
              -79.7987144,
              43.4740561
            ],
            [
              -79.7989032,
              43.4741122
            ],
            [
              -79.7990835,
              43.4741682
            ],
            [
              -79.7992895,
              43.4742492
            ],
            [
              -79.7994182,
              43.4742741
            ],
            [
              -79.7995899,
              43.474299
            ],
            [
              -79.7997444,
              43.4742803
            ],
            [
              -79.7998817,
              43.474243
            ],
            [
              -79.8000018,
              43.4741682
            ],
            [
              -79.8006284,
              43.4735827
            ],
            [
              -79.8016584,
              43.4726111
            ],
            [
              -79.802036,
              43.4722249
            ],
            [
              -79.8024824,
              43.4718948
            ],
            [
              -79.8028428,
              43.4716456
            ],
            [
              -79.8031432,
              43.4714027
            ],
            [
              -79.8034179,
              43.4710539
            ],
            [
              -79.8037183,
              43.4707424
            ],
            [
              -79.8040016,
              43.4704621
            ],
            [
              -79.8043758,
              43.4701401
            ],
            [
              -79.8046024,
              43.4699451
            ],
            [
              -79.8068423,
              43.4679644
            ],
            [
              -79.8072385,
              43.4676181
            ],
            [
              -79.8075918,
              43.4673653
            ],
            [
              -79.8079773,
              43.4671358
            ],
            [
              -79.808277,
              43.4669842
            ],
            [
              -79.8076491,
              43.4658339
            ],
            [
              -79.8074968,
              43.4655017
            ],
            [
              -79.8069151,
              43.4642325
            ],
            [
              -79.8067276,
              43.4638234
            ],
            [
              -79.8060449,
              43.4623341
            ],
            [
              -79.8053985,
              43.4610153
            ],
            [
              -79.8050915,
              43.4603459
            ],
            [
              -79.8043712,
              43.4587753
            ],
            [
              -79.8033383,
              43.4565329
            ],
            [
              -79.8033128,
              43.4564672
            ],
            [
              -79.8030076,
              43.4558026
            ],
            [
              -79.8027062,
              43.4553166
            ],
            [
              -79.8023735,
              43.4548924
            ],
            [
              -79.8020358,
              43.4545139
            ],
            [
              -79.8019106,
              43.4543793
            ],
            [
              -79.8015723,
              43.4540155
            ],
            [
              -79.8007827,
              43.4533488
            ],
            [
              -79.8002836,
              43.4529889
            ],
            [
              -79.7995038,
              43.4524266
            ],
            [
              -79.7981335,
              43.4514063
            ],
            [
              -79.7967252,
              43.4503576
            ],
            [
              -79.796492,
              43.4501839
            ],
            [
              -79.7952285,
              43.4492431
            ],
            [
              -79.7953377,
              43.4491378
            ],
            [
              -79.7970385,
              43.4475652
            ],
            [
              -79.7973922,
              43.4472381
            ],
            [
              -79.7983669,
              43.4463564
            ],
            [
              -79.7986332,
              43.4461155
            ],
            [
              -79.8006822,
              43.4442053
            ],
            [
              -79.8037465,
              43.4414219
            ],
            [
              -79.8056975,
              43.4395888
            ],
            [
              -79.8063531,
              43.4389728
            ],
            [
              -79.8079439,
              43.4375618
            ],
            [
              -79.8095288,
              43.4360435
            ],
            [
              -79.8108676,
              43.4348405
            ],
            [
              -79.8109532,
              43.4347636
            ]
          ]
        ]
      }
    },
    {
      "type": "Feature",
      "properties": {
        "name": "Burlington",
        "osm_display": "Burlington, Halton Region, Golden Horseshoe, Ontario, Canada"
      },
      "geometry": {
        "type": "Polygon",
        "coordinates": [
          [
            [
              -79.9592898,
              43.4172723
            ],
            [
              -79.9527444,
              43.4126701
            ],
            [
              -79.9501352,
              43.4108183
            ],
            [
              -79.9480581,
              43.4093655
            ],
            [
              -79.9470624,
              43.4086672
            ],
            [
              -79.9102668,
              43.3829097
            ],
            [
              -79.9068926,
              43.3804794
            ],
            [
              -79.9049805,
              43.3790188
            ],
            [
              -79.9047994,
              43.3788861
            ],
            [
              -79.8834053,
              43.3638135
            ],
            [
              -79.8784273,
              43.3602132
            ],
            [
              -79.8680975,
              43.3527943
            ],
            [
              -79.8679774,
              43.3527122
            ],
            [
              -79.8670466,
              43.3520586
            ],
            [
              -79.8667839,
              43.3518742
            ],
            [
              -79.866421,
              43.3516129
            ],
            [
              -79.8664026,
              43.3515997
            ],
            [
              -79.8644629,
              43.3502027
            ],
            [
              -79.862656,
              43.3489074
            ],
            [
              -79.8625058,
              43.3487978
            ],
            [
              -79.8623654,
              43.3486952
            ],
            [
              -79.862255,
              43.3486147
            ],
            [
              -79.8621742,
              43.3485559
            ],
            [
              -79.8608116,
              43.3475738
            ],
            [
              -79.8607216,
              43.347509
            ],
            [
              -79.8606696,
              43.3474715
            ],
            [
              -79.8606343,
              43.347446
            ],
            [
              -79.8605374,
              43.3473879
            ],
            [
              -79.8604848,
              43.3473656
            ],
            [
              -79.8604346,
              43.3473506
            ],
            [
              -79.8603747,
              43.3473419
            ],
            [
              -79.8603307,
              43.3473374
            ],
            [
              -79.8602907,
              43.3473389
            ],
            [
              -79.8602603,
              43.3473426
            ],
            [
              -79.8602158,
              43.347351
            ],
            [
              -79.8601734,
              43.3473666
            ],
            [
              -79.8601049,
              43.3473043
            ],
            [
              -79.8598324,
              43.3469228
            ],
            [
              -79.8596962,
              43.3464118
            ],
            [
              -79.859628,
              43.3458328
            ],
            [
              -79.859594,
              43.3452128
            ],
            [
              -79.8601307,
              43.3445951
            ],
            [
              -79.8602465,
              43.3440501
            ],
            [
              -79.8605122,
              43.3435528
            ],
            [
              -79.8606946,
              43.3433853
            ],
            [
              -79.8607238,
              43.3430446
            ],
            [
              -79.8606075,
              43.3427625
            ],
            [
              -79.8607574,
              43.342674
            ],
            [
              -79.8609345,
              43.3422925
            ],
            [
              -79.8609618,
              43.3418565
            ],
            [
              -79.8612411,
              43.3414068
            ],
            [
              -79.8616771,
              43.3410867
            ],
            [
              -79.8621097,
              43.3408279
            ],
            [
              -79.8623823,
              43.3406132
            ],
            [
              -79.8626378,
              43.3404424
            ],
            [
              -79.8629784,
              43.3402381
            ],
            [
              -79.86321,
              43.3400269
            ],
            [
              -79.8634485,
              43.3397884
            ],
            [
              -79.8636597,
              43.3394478
            ],
            [
              -79.8639798,
              43.3390254
            ],
            [
              -79.8647905,
              43.3384941
            ],
            [
              -79.8654515,
              43.3379837
            ],
            [
              -79.8654922,
              43.3376016
            ],
            [
              -79.8656285,
              43.3372883
            ],
            [
              -79.8656693,
              43.337152
            ],
            [
              -79.8657295,
              43.3370425
            ],
            [
              -79.8657062,
              43.3367969
            ],
            [
              -79.8659455,
              43.3367674
            ],
            [
              -79.8662862,
              43.3366035
            ],
            [
              -79.8666007,
              43.3364144
            ],
            [
              -79.8666739,
              43.3360864
            ],
            [
              -79.866726,
              43.335825
            ],
            [
              -79.8669111,
              43.335825
            ],
            [
              -79.8674049,
              43.3356646
            ],
            [
              -79.8680303,
              43.3353313
            ],
            [
              -79.8689024,
              43.3348202
            ],
            [
              -79.8697612,
              43.3343921
            ],
            [
              -79.8709777,
              43.3333327
            ],
            [
              -79.8719783,
              43.3321358
            ],
            [
              -79.8736067,
              43.3306251
            ],
            [
              -79.8751145,
              43.3296348
            ],
            [
              -79.8763952,
              43.3290354
            ],
            [
              -79.8777168,
              43.3285857
            ],
            [
              -79.8793246,
              43.3282315
            ],
            [
              -79.8803328,
              43.3280952
            ],
            [
              -79.8816272,
              43.328722
            ],
            [
              -79.8825264,
              43.3292125
            ],
            [
              -79.8834734,
              43.32982
            ],
            [
              -79.884384,
              43.3291781
            ],
            [
              -79.8852415,
              43.3285847
            ],
            [
              -79.9016102,
              43.3165464
            ],
            [
              -79.9090257,
              43.3110933
            ],
            [
              -79.9124929,
              43.3084234
            ],
            [
              -79.9117448,
              43.3079006
            ],
            [
              -79.9067163,
              43.3043863
            ],
            [
              -79.9049234,
              43.3031066
            ],
            [
              -79.9035665,
              43.3021786
            ],
            [
              -79.9014916,
              43.3007595
            ],
            [
              -79.8964762,
              43.2970369
            ],
            [
              -79.8916606,
              43.2935311
            ],
            [
              -79.8910561,
              43.2931421
            ],
            [
              -79.8887232,
              43.2912649
            ],
            [
              -79.8874459,
              43.2902371
            ],
            [
              -79.8873441,
              43.2901959
            ],
            [
              -79.8873441,
              43.289879
            ],
            [
              -79.8873095,
              43.2898634
            ],
            [
              -79.8872777,
              43.2898491
            ],
            [
              -79.8872668,
              43.2897398
            ],
            [
              -79.8872754,
              43.2896648
            ],
            [
              -79.8872991,
              43.2895942
            ],
            [
              -79.8873173,
              43.2895098
            ],
            [
              -79.8874082,
              43.2894956
            ],
            [
              -79.8875048,
              43.2894671
            ],
            [
              -79.8871172,
              43.2893865
            ],
            [
              -79.8870981,
              43.2893805
            ],
            [
              -79.886684,
              43.2892995
            ],
            [
              -79.8866505,
              43.2892903
            ],
            [
              -79.8862944,
              43.2891921
            ],
            [
              -79.8862213,
              43.2891672
            ],
            [
              -79.8861502,
              43.2891311
            ],
            [
              -79.8860523,
              43.2890564
            ],
            [
              -79.8859879,
              43.2889871
            ],
            [
              -79.8860081,
              43.2888543
            ],
            [
              -79.8860322,
              43.2887446
            ],
            [
              -79.8860758,
              43.2886191
            ],
            [
              -79.8861435,
              43.2884307
            ],
            [
              -79.8862327,
              43.2882018
            ],
            [
              -79.8862468,
              43.2881464
            ],
            [
              -79.8862528,
              43.2881162
            ],
            [
              -79.8862538,
              43.2880856
            ],
            [
              -79.8862535,
              43.2880593
            ],
            [
              -79.8862511,
              43.288032
            ],
            [
              -79.8862438,
              43.2880098
            ],
            [
              -79.8862324,
              43.2879849
            ],
            [
              -79.8862132,
              43.2879597
            ],
            [
              -79.8861941,
              43.2879392
            ],
            [
              -79.886175,
              43.2879231
            ],
            [
              -79.8861455,
              43.2879055
            ],
            [
              -79.8861137,
              43.2878917
            ],
            [
              -79.8860756,
              43.2878784
            ],
            [
              -79.8860436,
              43.2878724
            ],
            [
              -79.8860127,
              43.287868
            ],
            [
              -79.8859713,
              43.2878664
            ],
            [
              -79.8858974,
              43.2878687
            ],
            [
              -79.8858204,
              43.2878728
            ],
            [
              -79.8855032,
              43.2878952
            ],
            [
              -79.8852416,
              43.2879109
            ],
            [
              -79.8850907,
              43.2879212
            ],
            [
              -79.8850103,
              43.28793
            ],
            [
              -79.8849258,
              43.2879456
            ],
            [
              -79.8848453,
              43.2879685
            ],
            [
              -79.8847709,
              43.2879955
            ],
            [
              -79.8845629,
              43.2880953
            ],
            [
              -79.884396,
              43.2881769
            ],
            [
              -79.88423,
              43.2882513
            ],
            [
              -79.8841258,
              43.2882804
            ],
            [
              -79.8840521,
              43.288296
            ],
            [
              -79.8839783,
              43.2883039
            ],
            [
              -79.8838861,
              43.2883057
            ],
            [
              -79.8837409,
              43.2882985
            ],
            [
              -79.8835949,
              43.2882844
            ],
            [
              -79.8831849,
              43.2882289
            ],
            [
              -79.8825425,
              43.288138
            ],
            [
              -79.8818508,
              43.2880391
            ],
            [
              -79.881565,
              43.2880061
            ],
            [
              -79.8814215,
              43.2879924
            ],
            [
              -79.8812708,
              43.2879813
            ],
            [
              -79.8811055,
              43.2879717
            ],
            [
              -79.8805213,
              43.287962
            ],
            [
              -79.8787303,
              43.287937
            ],
            [
              -79.8782733,
              43.2879349
            ],
            [
              -79.8776613,
              43.2879427
            ],
            [
              -79.8774196,
              43.2879506
            ],
            [
              -79.8772943,
              43.2879582
            ],
            [
              -79.877201,
              43.2879715
            ],
            [
              -79.8771143,
              43.2879888
            ],
            [
              -79.8770139,
              43.2880107
            ],
            [
              -79.8768697,
              43.2880468
            ],
            [
              -79.8767721,
              43.2880714
            ],
            [
              -79.8765653,
              43.2881237
            ],
            [
              -79.8763696,
              43.2881871
            ],
            [
              -79.8761923,
              43.2882546
            ],
            [
              -79.8761248,
              43.2882874
            ],
            [
              -79.87564,
              43.2885264
            ],
            [
              -79.8751572,
              43.2881379
            ],
            [
              -79.8754499,
              43.2878487
            ],
            [
              -79.8739172,
              43.2868523
            ],
            [
              -79.8732992,
              43.2870397
            ],
            [
              -79.8727863,
              43.287228
            ],
            [
              -79.8723894,
              43.2872709
            ],
            [
              -79.8720138,
              43.2874279
            ],
            [
              -79.8716169,
              43.2874208
            ],
            [
              -79.8713594,
              43.2872647
            ],
            [
              -79.8707415,
              43.2872647
            ],
            [
              -79.8699261,
              43.2870085
            ],
            [
              -79.8691622,
              43.2866774
            ],
            [
              -79.8687674,
              43.2864024
            ],
            [
              -79.8683918,
              43.2862845
            ],
            [
              -79.868057,
              43.2864095
            ],
            [
              -79.867895,
              43.287317
            ],
            [
              -79.8676257,
              43.2875553
            ],
            [
              -79.8672309,
              43.2877489
            ],
            [
              -79.8670592,
              43.2876677
            ],
            [
              -79.8666215,
              43.2877989
            ],
            [
              -79.8663468,
              43.2880426
            ],
            [
              -79.8660722,
              43.2882987
            ],
            [
              -79.8658512,
              43.2884713
            ],
            [
              -79.8656881,
              43.2886275
            ],
            [
              -79.8652997,
              43.2888485
            ],
            [
              -79.8651635,
              43.289087
            ],
            [
              -79.8650004,
              43.2894056
            ],
            [
              -79.864716,
              43.2897732
            ],
            [
              -79.8643813,
              43.2900856
            ],
            [
              -79.8640294,
              43.2903542
            ],
            [
              -79.8637032,
              43.2905541
            ],
            [
              -79.8633942,
              43.2907603
            ],
            [
              -79.8629823,
              43.2910602
            ],
            [
              -79.8626304,
              43.2912913
            ],
            [
              -79.8623654,
              43.2914423
            ],
            [
              -79.86184,
              43.291747
            ],
            [
              -79.8613429,
              43.2920098
            ],
            [
              -79.8609395,
              43.2922409
            ],
            [
              -79.8605447,
              43.2924783
            ],
            [
              -79.8600984,
              43.2927532
            ],
            [
              -79.8596434,
              43.2930218
            ],
            [
              -79.8591553,
              43.2933352
            ],
            [
              -79.8585888,
              43.2936913
            ],
            [
              -79.858112,
              43.293891
            ],
            [
              -79.8578496,
              43.294415
            ],
            [
              -79.857429,
              43.2947898
            ],
            [
              -79.8570514,
              43.2949959
            ],
            [
              -79.856857,
              43.295162
            ],
            [
              -79.856504,
              43.295286
            ],
            [
              -79.856148,
              43.29554
            ],
            [
              -79.855792,
              43.295793
            ],
            [
              -79.8553004,
              43.2961891
            ],
            [
              -79.8549228,
              43.2964015
            ],
            [
              -79.8545966,
              43.2966264
            ],
            [
              -79.8542018,
              43.296895
            ],
            [
              -79.8535666,
              43.2971761
            ],
            [
              -79.8529315,
              43.2974635
            ],
            [
              -79.8524852,
              43.2976509
            ],
            [
              -79.8518952,
              43.2980013
            ],
            [
              -79.8509887,
              43.2984045
            ],
            [
              -79.8508318,
              43.2984687
            ],
            [
              -79.8506908,
              43.2983113
            ],
            [
              -79.850631,
              43.2983291
            ],
            [
              -79.8507418,
              43.2984668
            ],
            [
              -79.8506835,
              43.2985131
            ],
            [
              -79.8506572,
              43.2985555
            ],
            [
              -79.8486066,
              43.2995257
            ],
            [
              -79.8475356,
              43.3000061
            ],
            [
              -79.847348,
              43.300113
            ],
            [
              -79.8464579,
              43.3005365
            ],
            [
              -79.8464184,
              43.3005455
            ],
            [
              -79.8463685,
              43.300536
            ],
            [
              -79.8462958,
              43.3004972
            ],
            [
              -79.8462538,
              43.3004613
            ],
            [
              -79.8462303,
              43.3004246
            ],
            [
              -79.8462355,
              43.300406
            ],
            [
              -79.8462568,
              43.3003793
            ],
            [
              -79.8462523,
              43.3003622
            ],
            [
              -79.8462178,
              43.3003464
            ],
            [
              -79.8461624,
              43.3003413
            ],
            [
              -79.8461372,
              43.3003291
            ],
            [
              -79.8460571,
              43.3002632
            ],
            [
              -79.8460358,
              43.3002547
            ],
            [
              -79.8460144,
              43.3002603
            ],
            [
              -79.845997,
              43.3002611
            ],
            [
              -79.8459661,
              43.3002401
            ],
            [
              -79.845942,
              43.3002216
            ],
            [
              -79.8459501,
              43.3002052
            ],
            [
              -79.8459434,
              43.3001899
            ],
            [
              -79.8459119,
              43.3001516
            ],
            [
              -79.8458788,
              43.3001369
            ],
            [
              -79.845855,
              43.3001205
            ],
            [
              -79.8458474,
              43.3000915
            ],
            [
              -79.8458282,
              43.3000734
            ],
            [
              -79.8457019,
              43.299992
            ],
            [
              -79.8456175,
              43.299918
            ],
            [
              -79.8454985,
              43.2997997
            ],
            [
              -79.845472,
              43.2997446
            ],
            [
              -79.845411,
              43.2997161
            ],
            [
              -79.8453788,
              43.2996998
            ],
            [
              -79.8453525,
              43.2997121
            ],
            [
              -79.8452722,
              43.2996186
            ],
            [
              -79.8452843,
              43.2996082
            ],
            [
              -79.8452843,
              43.2995472
            ],
            [
              -79.8453139,
              43.299492
            ],
            [
              -79.8453022,
              43.2994654
            ],
            [
              -79.8452234,
              43.2994567
            ],
            [
              -79.8451794,
              43.2994431
            ],
            [
              -79.8451234,
              43.2993794
            ],
            [
              -79.8450418,
              43.2993242
            ],
            [
              -79.8449199,
              43.2992065
            ],
            [
              -79.844843,
              43.2990787
            ],
            [
              -79.8447947,
              43.2989902
            ],
            [
              -79.8447635,
              43.2989689
            ],
            [
              -79.8447316,
              43.2989498
            ],
            [
              -79.8446849,
              43.2989479
            ],
            [
              -79.8446421,
              43.2989659
            ],
            [
              -79.8446,
              43.2989754
            ],
            [
              -79.8445466,
              43.2989732
            ],
            [
              -79.8444923,
              43.2989633
            ],
            [
              -79.8444226,
              43.2989462
            ],
            [
              -79.8443587,
              43.2989479
            ],
            [
              -79.8443213,
              43.2989626
            ],
            [
              -79.8443057,
              43.298989
            ],
            [
              -79.8444885,
              43.2990283
            ],
            [
              -79.8445026,
              43.2990412
            ],
            [
              -79.844509,
              43.299062
            ],
            [
              -79.8445095,
              43.2991001
            ],
            [
              -79.8445244,
              43.2991158
            ],
            [
              -79.8445596,
              43.2991302
            ],
            [
              -79.8447868,
              43.2991887
            ],
            [
              -79.8448092,
              43.2992303
            ],
            [
              -79.8448431,
              43.299299
            ],
            [
              -79.8448833,
              43.299341
            ],
            [
              -79.8449462,
              43.2993664
            ],
            [
              -79.8449667,
              43.2993867
            ],
            [
              -79.8449816,
              43.2994183
            ],
            [
              -79.8449805,
              43.2994413
            ],
            [
              -79.845023,
              43.2994894
            ],
            [
              -79.8451789,
              43.2996248
            ],
            [
              -79.8452134,
              43.2996372
            ],
            [
              -79.8452476,
              43.2996269
            ],
            [
              -79.8453307,
              43.2997251
            ],
            [
              -79.8453107,
              43.2997751
            ],
            [
              -79.8453974,
              43.2998988
            ],
            [
              -79.8454301,
              43.2999335
            ],
            [
              -79.8454448,
              43.2999795
            ],
            [
              -79.845435,
              43.3000174
            ],
            [
              -79.8454107,
              43.3000448
            ],
            [
              -79.8452668,
              43.3001715
            ],
            [
              -79.8452295,
              43.3001865
            ],
            [
              -79.8451871,
              43.3001929
            ],
            [
              -79.8451417,
              43.3001815
            ],
            [
              -79.8448222,
              43.2999603
            ],
            [
              -79.8443777,
              43.3003176
            ],
            [
              -79.8445973,
              43.3004618
            ],
            [
              -79.8452903,
              43.3009211
            ],
            [
              -79.8452733,
              43.3009574
            ],
            [
              -79.8453022,
              43.3009594
            ],
            [
              -79.8452968,
              43.3010249
            ],
            [
              -79.8452112,
              43.3010212
            ],
            [
              -79.8452127,
              43.301038
            ],
            [
              -79.845238,
              43.3010439
            ],
            [
              -79.8452509,
              43.3010565
            ],
            [
              -79.8452423,
              43.3010769
            ],
            [
              -79.8448834,
              43.3013245
            ],
            [
              -79.8448848,
              43.3013475
            ],
            [
              -79.844872,
              43.3013807
            ],
            [
              -79.8447494,
              43.3014016
            ],
            [
              -79.8446485,
              43.3014539
            ],
            [
              -79.8444267,
              43.3016111
            ],
            [
              -79.8442775,
              43.3017424
            ],
            [
              -79.8441466,
              43.3019653
            ],
            [
              -79.8437747,
              43.3023563
            ],
            [
              -79.8433123,
              43.302564
            ],
            [
              -79.8429013,
              43.3026641
            ],
            [
              -79.8428521,
              43.3026515
            ],
            [
              -79.8427567,
              43.3026033
            ],
            [
              -79.8426306,
              43.3026033
            ],
            [
              -79.8425309,
              43.3026506
            ],
            [
              -79.8424905,
              43.3026745
            ],
            [
              -79.8424033,
              43.3026657
            ],
            [
              -79.8423241,
              43.3026901
            ],
            [
              -79.8422977,
              43.3027204
            ],
            [
              -79.842279,
              43.3027418
            ],
            [
              -79.8421789,
              43.302747
            ],
            [
              -79.8421006,
              43.3027662
            ],
            [
              -79.8420071,
              43.3028071
            ],
            [
              -79.8418446,
              43.3028764
            ],
            [
              -79.8417596,
              43.3028891
            ],
            [
              -79.841669,
              43.3028791
            ],
            [
              -79.8415784,
              43.3028898
            ],
            [
              -79.8415237,
              43.3028595
            ],
            [
              -79.8414405,
              43.3028757
            ],
            [
              -79.8414155,
              43.3029154
            ],
            [
              -79.8413334,
              43.3029464
            ],
            [
              -79.8413002,
              43.3029847
            ],
            [
              -79.8412561,
              43.3030481
            ],
            [
              -79.8411918,
              43.3030908
            ],
            [
              -79.8410163,
              43.303064
            ],
            [
              -79.8409721,
              43.3030027
            ],
            [
              -79.8409854,
              43.3029734
            ],
            [
              -79.8409722,
              43.3029508
            ],
            [
              -79.8409315,
              43.3029412
            ],
            [
              -79.8408538,
              43.3029435
            ],
            [
              -79.8407936,
              43.3029784
            ],
            [
              -79.8407784,
              43.3030213
            ],
            [
              -79.8407988,
              43.3030511
            ],
            [
              -79.8408295,
              43.303085
            ],
            [
              -79.8407735,
              43.3031642
            ],
            [
              -79.8406773,
              43.3032319
            ],
            [
              -79.8405868,
              43.3032229
            ],
            [
              -79.8405293,
              43.3032003
            ],
            [
              -79.8404838,
              43.3031731
            ],
            [
              -79.8404193,
              43.3031537
            ],
            [
              -79.8403449,
              43.3031537
            ],
            [
              -79.8402861,
              43.3031881
            ],
            [
              -79.8402841,
              43.3032522
            ],
            [
              -79.8402601,
              43.303283
            ],
            [
              -79.8399597,
              43.3033995
            ],
            [
              -79.839899,
              43.3033987
            ],
            [
              -79.8397918,
              43.3034157
            ],
            [
              -79.8397017,
              43.3034682
            ],
            [
              -79.8396482,
              43.3035325
            ],
            [
              -79.8394882,
              43.3035871
            ],
            [
              -79.8393721,
              43.3036221
            ],
            [
              -79.8393087,
              43.3036926
            ],
            [
              -79.8392424,
              43.303722
            ],
            [
              -79.8391617,
              43.3037306
            ],
            [
              -79.8390912,
              43.3037761
            ],
            [
              -79.8390689,
              43.3038504
            ],
            [
              -79.8390871,
              43.3040782
            ],
            [
              -79.8389772,
              43.3042289
            ],
            [
              -79.8394527,
              43.3043041
            ],
            [
              -79.8396036,
              43.3043393
            ],
            [
              -79.839556,
              43.3043685
            ],
            [
              -79.8393241,
              43.3044239
            ],
            [
              -79.8393045,
              43.3044724
            ],
            [
              -79.8389531,
              43.3044682
            ],
            [
              -79.8387595,
              43.3044475
            ],
            [
              -79.8385772,
              43.3045227
            ],
            [
              -79.8385601,
              43.3046539
            ],
            [
              -79.8386545,
              43.3047975
            ],
            [
              -79.8386631,
              43.3049099
            ],
            [
              -79.8385687,
              43.3049849
            ],
            [
              -79.8382253,
              43.3049849
            ],
            [
              -79.8378391,
              43.3049162
            ],
            [
              -79.8377962,
              43.3049599
            ],
            [
              -79.8378734,
              43.3050036
            ],
            [
              -79.8380022,
              43.3050411
            ],
            [
              -79.8378906,
              43.3051098
            ],
            [
              -79.8377533,
              43.3050661
            ],
            [
              -79.8374614,
              43.3048912
            ],
            [
              -79.8372726,
              43.3048974
            ],
            [
              -79.8370666,
              43.3049849
            ],
            [
              -79.8368778,
              43.3051036
            ],
            [
              -79.8367405,
              43.3052285
            ],
            [
              -79.8367319,
              43.3054159
            ],
            [
              -79.8365946,
              43.3054908
            ],
            [
              -79.8364486,
              43.3054971
            ],
            [
              -79.8362684,
              43.3054658
            ],
            [
              -79.8360967,
              43.3055158
            ],
            [
              -79.8359852,
              43.3055908
            ],
            [
              -79.8358736,
              43.3056657
            ],
            [
              -79.8356504,
              43.3056782
            ],
            [
              -79.8354788,
              43.3056969
            ],
            [
              -79.8353414,
              43.3057781
            ],
            [
              -79.8352041,
              43.3058656
            ],
            [
              -79.8349294,
              43.3060654
            ],
            [
              -79.8348865,
              43.3061779
            ],
            [
              -79.8346977,
              43.3061779
            ],
            [
              -79.8344316,
              43.3060155
            ],
            [
              -79.8341741,
              43.3060092
            ],
            [
              -79.8341226,
              43.3061092
            ],
            [
              -79.8338308,
              43.3062153
            ],
            [
              -79.8336849,
              43.3061029
            ],
            [
              -79.8334875,
              43.3060967
            ],
            [
              -79.8334188,
              43.3062029
            ],
            [
              -79.8334531,
              43.3063215
            ],
            [
              -79.8333502,
              43.306409
            ],
            [
              -79.8328352,
              43.3066338
            ],
            [
              -79.8325433,
              43.3068087
            ],
            [
              -79.8324318,
              43.3067587
            ],
            [
              -79.8318475,
              43.3071281
            ],
            [
              -79.8317792,
              43.3072193
            ],
            [
              -79.831704,
              43.3072608
            ],
            [
              -79.8316115,
              43.3072764
            ],
            [
              -79.8315431,
              43.3072783
            ],
            [
              -79.8313527,
              43.3072579
            ],
            [
              -79.8312414,
              43.307291
            ],
            [
              -79.8310842,
              43.3072896
            ],
            [
              -79.8308096,
              43.3072272
            ],
            [
              -79.8304319,
              43.3071834
            ],
            [
              -79.8301143,
              43.3071959
            ],
            [
              -79.8298568,
              43.3071335
            ],
            [
              -79.8296508,
              43.307121
            ],
            [
              -79.8294449,
              43.3071272
            ],
            [
              -79.8292818,
              43.3069648
            ],
            [
              -79.82899,
              43.3070023
            ],
            [
              -79.8289041,
              43.3069961
            ],
            [
              -79.8282751,
              43.3072732
            ],
            [
              -79.8282409,
              43.3076034
            ],
            [
              -79.8283329,
              43.307888
            ],
            [
              -79.8283494,
              43.3080939
            ],
            [
              -79.8283102,
              43.308199
            ],
            [
              -79.828199,
              43.3082785
            ],
            [
              -79.828026,
              43.3083259
            ],
            [
              -79.8277547,
              43.3083244
            ],
            [
              -79.8276313,
              43.308285
            ],
            [
              -79.8275394,
              43.308214
            ],
            [
              -79.8275111,
              43.3080914
            ],
            [
              -79.8275185,
              43.3080418
            ],
            [
              -79.8275543,
              43.3080007
            ],
            [
              -79.8275735,
              43.3079327
            ],
            [
              -79.8275197,
              43.3078915
            ],
            [
              -79.8273926,
              43.3078767
            ],
            [
              -79.8271618,
              43.3079017
            ],
            [
              -79.8268159,
              43.3080539
            ],
            [
              -79.8262586,
              43.3083929
            ],
            [
              -79.8260132,
              43.3085807
            ],
            [
              -79.8257459,
              43.3087512
            ],
            [
              -79.8255391,
              43.3088611
            ],
            [
              -79.825382,
              43.3089542
            ],
            [
              -79.8253119,
              43.3090232
            ],
            [
              -79.8252445,
              43.3091302
            ],
            [
              -79.8251276,
              43.3091883
            ],
            [
              -79.8249233,
              43.3092321
            ],
            [
              -79.8248142,
              43.3092815
            ],
            [
              -79.8247359,
              43.3093884
            ],
            [
              -79.8244753,
              43.3094694
            ],
            [
              -79.8241491,
              43.3095318
            ],
            [
              -79.8238659,
              43.3096255
            ],
            [
              -79.8235483,
              43.3097317
            ],
            [
              -79.823197,
              43.309833
            ],
            [
              -79.8229131,
              43.3099378
            ],
            [
              -79.8225441,
              43.3100502
            ],
            [
              -79.8221482,
              43.3102044
            ],
            [
              -79.8220639,
              43.3101973
            ],
            [
              -79.8218732,
              43.3102938
            ],
            [
              -79.8219147,
              43.3103401
            ],
            [
              -79.8215761,
              43.3105452
            ],
            [
              -79.8215872,
              43.3106065
            ],
            [
              -79.8216646,
              43.3106548
            ],
            [
              -79.8215167,
              43.3107111
            ],
            [
              -79.8214766,
              43.3106478
            ],
            [
              -79.8208825,
              43.3108679
            ],
            [
              -79.8204597,
              43.3110037
            ],
            [
              -79.8201065,
              43.3111182
            ],
            [
              -79.8197889,
              43.3111744
            ],
            [
              -79.8194542,
              43.3111994
            ],
            [
              -79.819287,
              43.3112456
            ],
            [
              -79.8190295,
              43.3112581
            ],
            [
              -79.8188321,
              43.311283
            ],
            [
              -79.8185403,
              43.311358
            ],
            [
              -79.81836,
              43.311383
            ],
            [
              -79.8182227,
              43.3113955
            ],
            [
              -79.8181111,
              43.3114204
            ],
            [
              -79.8180339,
              43.3114766
            ],
            [
              -79.8180167,
              43.3115453
            ],
            [
              -79.8179223,
              43.3115953
            ],
            [
              -79.8178365,
              43.3115266
            ],
            [
              -79.8177764,
              43.3115453
            ],
            [
              -79.8178279,
              43.3116078
            ],
            [
              -79.8177163,
              43.3115953
            ],
            [
              -79.8175876,
              43.3116453
            ],
            [
              -79.8175361,
              43.3117202
            ],
            [
              -79.8174245,
              43.311664
            ],
            [
              -79.8174502,
              43.3117265
            ],
            [
              -79.8173301,
              43.3117202
            ],
            [
              -79.8172099,
              43.3117514
            ],
            [
              -79.8171584,
              43.3118326
            ],
            [
              -79.8170812,
              43.3118951
            ],
            [
              -79.8171584,
              43.3119388
            ],
            [
              -79.8170897,
              43.3120012
            ],
            [
              -79.8169782,
              43.3119388
            ],
            [
              -79.8167808,
              43.3120012
            ],
            [
              -79.816858,
              43.3120575
            ],
            [
              -79.8168666,
              43.3121074
            ],
            [
              -79.8167636,
              43.3120387
            ],
            [
              -79.8166949,
              43.3120637
            ],
            [
              -79.8166263,
              43.3121824
            ],
            [
              -79.8165404,
              43.3122198
            ],
            [
              -79.8164288,
              43.3122386
            ],
            [
              -79.8162915,
              43.3122198
            ],
            [
              -79.8161628,
              43.3122511
            ],
            [
              -79.8161628,
              43.3123135
            ],
            [
              -79.8159997,
              43.312376
            ],
            [
              -79.815828,
              43.3124384
            ],
            [
              -79.815562,
              43.3124634
            ],
            [
              -79.8154075,
              43.3124384
            ],
            [
              -79.815253,
              43.3124447
            ],
            [
              -79.8150985,
              43.3124884
            ],
            [
              -79.8150041,
              43.3125508
            ],
            [
              -79.8149268,
              43.3126195
            ],
            [
              -79.8147981,
              43.312682
            ],
            [
              -79.8147122,
              43.3127382
            ],
            [
              -79.8144805,
              43.3128006
            ],
            [
              -79.8142573,
              43.3128568
            ],
            [
              -79.8140685,
              43.3129068
            ],
            [
              -79.8139483,
              43.3129193
            ],
            [
              -79.8137595,
              43.3129068
            ],
            [
              -79.8135364,
              43.3129942
            ],
            [
              -79.8133904,
              43.3130754
            ],
            [
              -79.8132102,
              43.3131316
            ],
            [
              -79.81309,
              43.3132003
            ],
            [
              -79.8129699,
              43.3132378
            ],
            [
              -79.8128325,
              43.3132378
            ],
            [
              -79.812678,
              43.3132003
            ],
            [
              -79.8125493,
              43.3132128
            ],
            [
              -79.8124892,
              43.3132628
            ],
            [
              -79.8124206,
              43.3133377
            ],
            [
              -79.8122832,
              43.313369
            ],
            [
              -79.8121631,
              43.3133565
            ],
            [
              -79.8120172,
              43.313294
            ],
            [
              -79.8118541,
              43.3132378
            ],
            [
              -79.8117167,
              43.3132128
            ],
            [
              -79.8115622,
              43.3131691
            ],
            [
              -79.8114078,
              43.3131691
            ],
            [
              -79.8112447,
              43.3131941
            ],
            [
              -79.8110988,
              43.3132191
            ],
            [
              -79.8109185,
              43.3132003
            ],
            [
              -79.8107383,
              43.3131816
            ],
            [
              -79.810558,
              43.3131816
            ],
            [
              -79.8103864,
              43.3131566
            ],
            [
              -79.8102061,
              43.3131504
            ],
            [
              -79.810043,
              43.3131129
            ],
            [
              -79.8098456,
              43.3130754
            ],
            [
              -79.809571,
              43.312988
            ],
            [
              -79.8094422,
              43.3129818
            ],
            [
              -79.8093736,
              43.3130442
            ],
            [
              -79.8090646,
              43.3129568
            ],
            [
              -79.8090217,
              43.3128818
            ],
            [
              -79.8088414,
              43.3128444
            ],
            [
              -79.8085925,
              43.3128444
            ],
            [
              -79.8083522,
              43.3127944
            ],
            [
              -79.8082063,
              43.3127382
            ],
            [
              -79.8080346,
              43.312657
            ],
            [
              -79.8078629,
              43.3125883
            ],
            [
              -79.8076827,
              43.3125259
            ],
            [
              -79.8075625,
              43.3125134
            ],
            [
              -79.8074767,
              43.3124884
            ],
            [
              -79.8072879,
              43.3124447
            ],
            [
              -79.807142,
              43.3124322
            ],
            [
              -79.8065483,
              43.3121571
            ],
            [
              -79.8064711,
              43.3120197
            ],
            [
              -79.8061363,
              43.3117574
            ],
            [
              -79.8055239,
              43.3114034
            ],
            [
              -79.8051321,
              43.3110766
            ],
            [
              -79.8047404,
              43.3107029
            ],
            [
              -79.8045452,
              43.3100992
            ],
            [
              -79.8043464,
              43.3094327
            ],
            [
              -79.80432,
              43.309253
            ],
            [
              -79.8042997,
              43.3090035
            ],
            [
              -79.804279,
              43.308732
            ],
            [
              -79.804212,
              43.308555
            ],
            [
              -79.8041238,
              43.3084089
            ],
            [
              -79.8039558,
              43.3082468
            ],
            [
              -79.8038295,
              43.3081686
            ],
            [
              -79.8037549,
              43.3081182
            ],
            [
              -79.8034335,
              43.307683
            ],
            [
              -79.8032811,
              43.3074891
            ],
            [
              -79.8030121,
              43.3071294
            ],
            [
              -79.8029177,
              43.3070045
            ],
            [
              -79.8027632,
              43.3067734
            ],
            [
              -79.80254,
              43.3064611
            ],
            [
              -79.8025143,
              43.3063487
            ],
            [
              -79.8022608,
              43.3060099
            ],
            [
              -79.8022206,
              43.3059206
            ],
            [
              -79.8022086,
              43.3058442
            ],
            [
              -79.8022427,
              43.3057915
            ],
            [
              -79.802358,
              43.3056733
            ],
            [
              -79.8024036,
              43.3055885
            ],
            [
              -79.8024208,
              43.3054518
            ],
            [
              -79.8023834,
              43.3052921
            ],
            [
              -79.8022739,
              43.3051432
            ],
            [
              -79.8019783,
              43.3050162
            ],
            [
              -79.8019018,
              43.3049711
            ],
            [
              -79.8019009,
              43.3048965
            ],
            [
              -79.8018501,
              43.3048295
            ],
            [
              -79.8017601,
              43.3047714
            ],
            [
              -79.8017184,
              43.3046821
            ],
            [
              -79.8017139,
              43.3045822
            ],
            [
              -79.8016817,
              43.3044874
            ],
            [
              -79.8016802,
              43.3043554
            ],
            [
              -79.8019579,
              43.3043196
            ],
            [
              -79.8020256,
              43.3042121
            ],
            [
              -79.8020033,
              43.3040699
            ],
            [
              -79.8019367,
              43.3039428
            ],
            [
              -79.8017761,
              43.303844
            ],
            [
              -79.8016505,
              43.3038275
            ],
            [
              -79.801526,
              43.3039248
            ],
            [
              -79.801347,
              43.3039252
            ],
            [
              -79.8012099,
              43.3037471
            ],
            [
              -79.8011143,
              43.303693
            ],
            [
              -79.8009728,
              43.303457
            ],
            [
              -79.8009868,
              43.3032446
            ],
            [
              -79.8008323,
              43.3029947
            ],
            [
              -79.8007115,
              43.3025263
            ],
            [
              -79.800886,
              43.3019671
            ],
            [
              -79.8010672,
              43.3018713
            ],
            [
              -79.8013644,
              43.3017142
            ],
            [
              -79.8019481,
              43.3015144
            ],
            [
              -79.8021111,
              43.3014894
            ],
            [
              -79.8022227,
              43.3014269
            ],
            [
              -79.8023686,
              43.3014894
            ],
            [
              -79.8023515,
              43.3013082
            ],
            [
              -79.8035788,
              43.3008335
            ],
            [
              -79.8036733,
              43.300771
            ],
            [
              -79.8036904,
              43.3006399
            ],
            [
              -79.8034501,
              43.30034
            ],
            [
              -79.8043084,
              43.3000027
            ],
            [
              -79.8042584,
              43.2999499
            ],
            [
              -79.8034844,
              43.3002651
            ],
            [
              -79.8031754,
              43.2998341
            ],
            [
              -79.8035703,
              43.2996592
            ],
            [
              -79.8029866,
              43.2988533
            ],
            [
              -79.8026004,
              43.2983036
            ],
            [
              -79.8022742,
              43.2978226
            ],
            [
              -79.8017133,
              43.2969761
            ],
            [
              -79.8016219,
              43.2969418
            ],
            [
              -79.8015361,
              43.2969106
            ],
            [
              -79.8013215,
              43.2970043
            ],
            [
              -79.8011069,
              43.297123
            ],
            [
              -79.8005233,
              43.2974353
            ],
            [
              -79.7999396,
              43.2977164
            ],
            [
              -79.79915,
              43.2981225
            ],
            [
              -79.7984719,
              43.2984785
            ],
            [
              -79.798223,
              43.2982287
            ],
            [
              -79.7995105,
              43.2975665
            ],
            [
              -79.799459,
              43.2974916
            ],
            [
              -79.7988925,
              43.2977539
            ],
            [
              -79.7984548,
              43.2979663
            ],
            [
              -79.7980732,
              43.2981667
            ],
            [
              -79.7977939,
              43.2983161
            ],
            [
              -79.7969871,
              43.2987284
            ],
            [
              -79.796367,
              43.2990382
            ],
            [
              -79.7961116,
              43.2991719
            ],
            [
              -79.7954764,
              43.2994842
            ],
            [
              -79.7949614,
              43.2997466
            ],
            [
              -79.7942834,
              43.3000964
            ],
            [
              -79.7936997,
              43.30039
            ],
            [
              -79.7933217,
              43.3006135
            ],
            [
              -79.7930076,
              43.3007992
            ],
            [
              -79.7927467,
              43.3009156
            ],
            [
              -79.7922934,
              43.3011419
            ],
            [
              -79.7909895,
              43.301986
            ],
            [
              -79.713939,
              43.3648541
            ],
            [
              -79.7241613,
              43.3715552
            ],
            [
              -79.7244857,
              43.3717599
            ],
            [
              -79.7247985,
              43.3719895
            ],
            [
              -79.7248836,
              43.3720522
            ],
            [
              -79.7248925,
              43.3720587
            ],
            [
              -79.7251715,
              43.3722643
            ],
            [
              -79.7252585,
              43.3723283
            ],
            [
              -79.7258622,
              43.3727726
            ],
            [
              -79.72616,
              43.373003
            ],
            [
              -79.7264349,
              43.373204
            ],
            [
              -79.7277402,
              43.3741582
            ],
            [
              -79.7279743,
              43.3743293
            ],
            [
              -79.7282841,
              43.3745583
            ],
            [
              -79.730103,
              43.3759028
            ],
            [
              -79.7303871,
              43.3761128
            ],
            [
              -79.7311079,
              43.3766459
            ],
            [
              -79.7316382,
              43.3770382
            ],
            [
              -79.7317313,
              43.3771059
            ],
            [
              -79.7321165,
              43.3773919
            ],
            [
              -79.7324795,
              43.3776577
            ],
            [
              -79.7329444,
              43.3780037
            ],
            [
              -79.732969,
              43.3780234
            ],
            [
              -79.7333533,
              43.3783058
            ],
            [
              -79.7336932,
              43.3785582
            ],
            [
              -79.7340704,
              43.3788368
            ],
            [
              -79.7344063,
              43.3790847
            ],
            [
              -79.7348144,
              43.3793848
            ],
            [
              -79.7351773,
              43.3796515
            ],
            [
              -79.7355174,
              43.3799032
            ],
            [
              -79.7356827,
              43.3800281
            ],
            [
              -79.7360409,
              43.3802929
            ],
            [
              -79.7363199,
              43.3804971
            ],
            [
              -79.7365337,
              43.3806552
            ],
            [
              -79.7369022,
              43.3809262
            ],
            [
              -79.7373054,
              43.3812136
            ],
            [
              -79.7384144,
              43.382041
            ],
            [
              -79.7389033,
              43.3823873
            ],
            [
              -79.7390918,
              43.3825209
            ],
            [
              -79.7396126,
              43.3829016
            ],
            [
              -79.7397816,
              43.3830219
            ],
            [
              -79.7409236,
              43.3838347
            ],
            [
              -79.7414529,
              43.3842165
            ],
            [
              -79.7419187,
              43.3845707
            ],
            [
              -79.7419905,
              43.3846381
            ],
            [
              -79.7420876,
              43.3847327
            ],
            [
              -79.7421731,
              43.3848295
            ],
            [
              -79.7455785,
              43.3872986
            ],
            [
              -79.7466896,
              43.38812
            ],
            [
              -79.7467755,
              43.388185
            ],
            [
              -79.7468613,
              43.388246
            ],
            [
              -79.7476973,
              43.388866
            ],
            [
              -79.7482865,
              43.3893836
            ],
            [
              -79.7484036,
              43.3895806
            ],
            [
              -79.7486741,
              43.389988
            ],
            [
              -79.748854,
              43.390192
            ],
            [
              -79.749116,
              43.3904663
            ],
            [
              -79.7495568,
              43.3908091
            ],
            [
              -79.7499719,
              43.3910049
            ],
            [
              -79.7501888,
              43.3911072
            ],
            [
              -79.7505699,
              43.3911972
            ],
            [
              -79.7507465,
              43.3912065
            ],
            [
              -79.7530889,
              43.3927893
            ],
            [
              -79.754761,
              43.3940172
            ],
            [
              -79.7564806,
              43.3952537
            ],
            [
              -79.756591,
              43.3953339
            ],
            [
              -79.7650912,
              43.4015072
            ],
            [
              -79.7712351,
              43.405944
            ],
            [
              -79.7731663,
              43.4073782
            ],
            [
              -79.7745477,
              43.4083776
            ],
            [
              -79.7760634,
              43.409474
            ],
            [
              -79.7920733,
              43.4210593
            ],
            [
              -79.7935497,
              43.4221099
            ],
            [
              -79.7937517,
              43.4222544
            ],
            [
              -79.8010581,
              43.4275846
            ],
            [
              -79.8032488,
              43.4291836
            ],
            [
              -79.8038117,
              43.4295893
            ],
            [
              -79.8043947,
              43.4300095
            ],
            [
              -79.809013,
              43.4333572
            ],
            [
              -79.8109532,
              43.4347636
            ],
            [
              -79.8110397,
              43.434684
            ],
            [
              -79.8119102,
              43.4338828
            ],
            [
              -79.8121745,
              43.4336395
            ],
            [
              -79.8155175,
              43.4305551
            ],
            [
              -79.8155672,
              43.4305073
            ],
            [
              -79.8164284,
              43.4297111
            ],
            [
              -79.8166924,
              43.4294823
            ],
            [
              -79.8179669,
              43.4282853
            ],
            [
              -79.8187021,
              43.427594
            ],
            [
              -79.8194047,
              43.4269358
            ],
            [
              -79.8199826,
              43.4264456
            ],
            [
              -79.8291578,
              43.4326021
            ],
            [
              -79.834016,
              43.4361234
            ],
            [
              -79.8374916,
              43.4386288
            ],
            [
              -79.837718,
              43.4387877
            ],
            [
              -79.8379228,
              43.4389243
            ],
            [
              -79.8380939,
              43.43902
            ],
            [
              -79.838309,
              43.4391226
            ],
            [
              -79.8391932,
              43.4394943
            ],
            [
              -79.8395034,
              43.4396525
            ],
            [
              -79.8396502,
              43.4397404
            ],
            [
              -79.8397656,
              43.4398242
            ],
            [
              -79.8400998,
              43.4401502
            ],
            [
              -79.8403878,
              43.4404877
            ],
            [
              -79.8406796,
              43.4408462
            ],
            [
              -79.8407494,
              43.4409019
            ],
            [
              -79.8408411,
              43.4409148
            ],
            [
              -79.8409666,
              43.440893
            ],
            [
              -79.8412424,
              43.4408069
            ],
            [
              -79.8414946,
              43.4407212
            ],
            [
              -79.8418733,
              43.4405689
            ],
            [
              -79.842177,
              43.4404317
            ],
            [
              -79.8422196,
              43.4404158
            ],
            [
              -79.8422516,
              43.440406
            ],
            [
              -79.8422796,
              43.4403998
            ],
            [
              -79.8423078,
              43.4403963
            ],
            [
              -79.8423359,
              43.4403952
            ],
            [
              -79.8423636,
              43.440395
            ],
            [
              -79.8423991,
              43.4404006
            ],
            [
              -79.8424263,
              43.4404063
            ],
            [
              -79.8424602,
              43.4404159
            ],
            [
              -79.8424981,
              43.440431
            ],
            [
              -79.8425413,
              43.440452
            ],
            [
              -79.8425812,
              43.4404756
            ],
            [
              -79.8436013,
              43.441169
            ],
            [
              -79.8440956,
              43.4415059
            ],
            [
              -79.8454851,
              43.4424335
            ],
            [
              -79.8465407,
              43.4431461
            ],
            [
              -79.8479128,
              43.4440751
            ],
            [
              -79.8487944,
              43.4446745
            ],
            [
              -79.8507439,
              43.4460054
            ],
            [
              -79.8515932,
              43.4465852
            ],
            [
              -79.8541021,
              43.4482972
            ],
            [
              -79.8583216,
              43.4512174
            ],
            [
              -79.8585714,
              43.4513894
            ],
            [
              -79.8629994,
              43.4544387
            ],
            [
              -79.8642822,
              43.4553091
            ],
            [
              -79.8651066,
              43.4558712
            ],
            [
              -79.8656543,
              43.4562399
            ],
            [
              -79.8658081,
              43.4563282
            ],
            [
              -79.8678269,
              43.4577085
            ],
            [
              -79.8678786,
              43.4577337
            ],
            [
              -79.8679349,
              43.4577671
            ],
            [
              -79.8679864,
              43.4578022
            ],
            [
              -79.8698055,
              43.4591047
            ],
            [
              -79.8709468,
              43.4599152
            ],
            [
              -79.8730249,
              43.461364
            ],
            [
              -79.8774881,
              43.4644602
            ],
            [
              -79.8816977,
              43.4673775
            ],
            [
              -79.8818064,
              43.4674466
            ],
            [
              -79.8826895,
              43.4680857
            ],
            [
              -79.8843826,
              43.4692833
            ],
            [
              -79.8845867,
              43.4694277
            ],
            [
              -79.8859212,
              43.4703716
            ],
            [
              -79.8860132,
              43.4704367
            ],
            [
              -79.8861474,
              43.4705316
            ],
            [
              -79.8877621,
              43.4716737
            ],
            [
              -79.8907747,
              43.4737728
            ],
            [
              -79.8946953,
              43.4765174
            ],
            [
              -79.8947465,
              43.4765533
            ],
            [
              -79.8950348,
              43.4762759
            ],
            [
              -79.8958796,
              43.4754629
            ],
            [
              -79.8971894,
              43.4742025
            ],
            [
              -79.8972396,
              43.4741567
            ],
            [
              -79.8976877,
              43.4737483
            ],
            [
              -79.8983724,
              43.4731243
            ],
            [
              -79.8987215,
              43.4728061
            ],
            [
              -79.8989832,
              43.4725906
            ],
            [
              -79.8992358,
              43.4723826
            ],
            [
              -79.8996898,
              43.4720521
            ],
            [
              -79.9000561,
              43.4717914
            ],
            [
              -79.9004592,
              43.4715044
            ],
            [
              -79.9007056,
              43.471307
            ],
            [
              -79.9026618,
              43.469585
            ],
            [
              -79.9030727,
              43.4692233
            ],
            [
              -79.9041197,
              43.4682836
            ],
            [
              -79.9042229,
              43.4681921
            ],
            [
              -79.9052896,
              43.4672034
            ],
            [
              -79.9058631,
              43.4667049
            ],
            [
              -79.9065122,
              43.4660897
            ],
            [
              -79.9071478,
              43.4654798
            ],
            [
              -79.9076032,
              43.4650427
            ],
            [
              -79.9091327,
              43.4635346
            ],
            [
              -79.910762,
              43.4619989
            ],
            [
              -79.9113982,
              43.4613891
            ],
            [
              -79.9120176,
              43.4607953
            ],
            [
              -79.9130567,
              43.4598763
            ],
            [
              -79.913914,
              43.4591181
            ],
            [
              -79.9157684,
              43.4573826
            ],
            [
              -79.9162895,
              43.4569109
            ],
            [
              -79.917321,
              43.4559772
            ],
            [
              -79.9183396,
              43.4550445
            ],
            [
              -79.9188494,
              43.4545777
            ],
            [
              -79.9191659,
              43.4542729
            ],
            [
              -79.919525,
              43.45389
            ],
            [
              -79.9198719,
              43.4534767
            ],
            [
              -79.9201256,
              43.4531679
            ],
            [
              -79.9203861,
              43.4528628
            ],
            [
              -79.9207454,
              43.4524582
            ],
            [
              -79.9209146,
              43.4522741
            ],
            [
              -79.9210904,
              43.4521045
            ],
            [
              -79.9215903,
              43.45163
            ],
            [
              -79.9226581,
              43.450693
            ],
            [
              -79.9228691,
              43.4504918
            ],
            [
              -79.9243453,
              43.4491577
            ],
            [
              -79.9262438,
              43.4474728
            ],
            [
              -79.9281195,
              43.4457424
            ],
            [
              -79.9287997,
              43.4450846
            ],
            [
              -79.9304586,
              43.4435567
            ],
            [
              -79.9318047,
              43.4423255
            ],
            [
              -79.9334951,
              43.440801
            ],
            [
              -79.934634,
              43.4397922
            ],
            [
              -79.935758,
              43.4388178
            ],
            [
              -79.9380636,
              43.4367845
            ],
            [
              -79.9420849,
              43.4332284
            ],
            [
              -79.9428521,
              43.4325447
            ],
            [
              -79.9430559,
              43.4323207
            ],
            [
              -79.9432222,
              43.4320987
            ],
            [
              -79.9432919,
              43.4319662
            ],
            [
              -79.9433939,
              43.4317753
            ],
            [
              -79.9434529,
              43.4316
            ],
            [
              -79.9435628,
              43.4313838
            ],
            [
              -79.9437345,
              43.4311501
            ],
            [
              -79.9440135,
              43.4308832
            ],
            [
              -79.9441431,
              43.4307666
            ],
            [
              -79.9445767,
              43.4303768
            ],
            [
              -79.9448369,
              43.4301197
            ],
            [
              -79.9451319,
              43.4297983
            ],
            [
              -79.9453224,
              43.4295139
            ],
            [
              -79.9453814,
              43.4294301
            ],
            [
              -79.9459339,
              43.4285107
            ],
            [
              -79.9460707,
              43.4282682
            ],
            [
              -79.9461619,
              43.4281552
            ],
            [
              -79.946296,
              43.4280422
            ],
            [
              -79.9464274,
              43.4279507
            ],
            [
              -79.946575,
              43.4278825
            ],
            [
              -79.946988,
              43.4277345
            ],
            [
              -79.9474091,
              43.4275825
            ],
            [
              -79.9476854,
              43.427452
            ],
            [
              -79.947908,
              43.4273118
            ],
            [
              -79.9480958,
              43.4271618
            ],
            [
              -79.9483506,
              43.4269339
            ],
            [
              -79.9485383,
              43.4267118
            ],
            [
              -79.9503825,
              43.4250885
            ],
            [
              -79.9510744,
              43.4244545
            ],
            [
              -79.9522945,
              43.4233427
            ],
            [
              -79.9534674,
              43.4223227
            ],
            [
              -79.9539108,
              43.4220084
            ],
            [
              -79.9539399,
              43.4219878
            ],
            [
              -79.9541104,
              43.4218737
            ],
            [
              -79.9544434,
              43.4216219
            ],
            [
              -79.9551607,
              43.4209908
            ],
            [
              -79.9558868,
              43.4203428
            ],
            [
              -79.9561045,
              43.4201486
            ],
            [
              -79.9562411,
              43.4200267
            ],
            [
              -79.9569275,
              43.419408
            ],
            [
              -79.9578442,
              43.4185818
            ],
            [
              -79.9587346,
              43.4177781
            ],
            [
              -79.9592238,
              43.4173273
            ],
            [
              -79.9592898,
              43.4172723
            ]
          ]
        ]
      }
    },
    {
      "type": "Feature",
      "properties": {
        "name": "Halton Region (Milton / Halton Hills)",
        "osm_display": "Milton, Halton Region, Golden Horseshoe, Ontario, Canada"
      },
      "geometry": {
        "type": "Polygon",
        "coordinates": [
          [
            [
              -80.1611331,
              43.5615448
            ],
            [
              -80.1150313,
              43.5287423
            ],
            [
              -80.0397723,
              43.474977
            ],
            [
              -80.0338483,
              43.4706805
            ],
            [
              -80.0279285,
              43.4664334
            ],
            [
              -80.0141365,
              43.4564831
            ],
            [
              -80.0140409,
              43.456403
            ],
            [
              -80.0139572,
              43.4563165
            ],
            [
              -80.0105248,
              43.4537573
            ],
            [
              -80.0072751,
              43.4515119
            ],
            [
              -80.0055138,
              43.4502932
            ],
            [
              -80.0043496,
              43.4494595
            ],
            [
              -80.0028992,
              43.4484458
            ],
            [
              -80.0011107,
              43.447127
            ],
            [
              -80.0000256,
              43.446312
            ],
            [
              -79.9984801,
              43.4452295
            ],
            [
              -79.9948062,
              43.442509
            ],
            [
              -79.9937114,
              43.4417865
            ],
            [
              -79.9895631,
              43.4387396
            ],
            [
              -79.9865778,
              43.4366466
            ],
            [
              -79.9849138,
              43.4354315
            ],
            [
              -79.9834579,
              43.4344083
            ],
            [
              -79.9822287,
              43.433565
            ],
            [
              -79.9815149,
              43.43303
            ],
            [
              -79.9811201,
              43.4327371
            ],
            [
              -79.9809312,
              43.432575
            ],
            [
              -79.9806909,
              43.4323818
            ],
            [
              -79.9805107,
              43.4322571
            ],
            [
              -79.9803047,
              43.4321574
            ],
            [
              -79.980133,
              43.4320826
            ],
            [
              -79.9799356,
              43.4319891
            ],
            [
              -79.9797639,
              43.4318458
            ],
            [
              -79.9795494,
              43.4316712
            ],
            [
              -79.9791374,
              43.4314219
            ],
            [
              -79.9787254,
              43.4311165
            ],
            [
              -79.9784421,
              43.4309046
            ],
            [
              -79.9782447,
              43.4306927
            ],
            [
              -79.9780559,
              43.430462
            ],
            [
              -79.9778671,
              43.430275
            ],
            [
              -79.9776954,
              43.4301628
            ],
            [
              -79.9775066,
              43.4300631
            ],
            [
              -79.9773006,
              43.4299758
            ],
            [
              -79.9770946,
              43.4298886
            ],
            [
              -79.976983,
              43.4298138
            ],
            [
              -79.9767684,
              43.4296517
            ],
            [
              -79.9743223,
              43.4278752
            ],
            [
              -79.9714727,
              43.4258244
            ],
            [
              -79.9695642,
              43.4244528
            ],
            [
              -79.969233,
              43.4241983
            ],
            [
              -79.9673099,
              43.4228447
            ],
            [
              -79.9641942,
              43.4207002
            ],
            [
              -79.9592898,
              43.4172723
            ],
            [
              -79.9592238,
              43.4173273
            ],
            [
              -79.9587346,
              43.4177781
            ],
            [
              -79.9578442,
              43.4185818
            ],
            [
              -79.9569275,
              43.419408
            ],
            [
              -79.9562411,
              43.4200267
            ],
            [
              -79.9561045,
              43.4201486
            ],
            [
              -79.9558868,
              43.4203428
            ],
            [
              -79.9551607,
              43.4209908
            ],
            [
              -79.9544434,
              43.4216219
            ],
            [
              -79.9541104,
              43.4218737
            ],
            [
              -79.9539399,
              43.4219878
            ],
            [
              -79.9539108,
              43.4220084
            ],
            [
              -79.9534674,
              43.4223227
            ],
            [
              -79.9522945,
              43.4233427
            ],
            [
              -79.9510744,
              43.4244545
            ],
            [
              -79.9503825,
              43.4250885
            ],
            [
              -79.9485383,
              43.4267118
            ],
            [
              -79.9483506,
              43.4269339
            ],
            [
              -79.9480958,
              43.4271618
            ],
            [
              -79.947908,
              43.4273118
            ],
            [
              -79.9476854,
              43.427452
            ],
            [
              -79.9474091,
              43.4275825
            ],
            [
              -79.946988,
              43.4277345
            ],
            [
              -79.946575,
              43.4278825
            ],
            [
              -79.9464274,
              43.4279507
            ],
            [
              -79.946296,
              43.4280422
            ],
            [
              -79.9461619,
              43.4281552
            ],
            [
              -79.9460707,
              43.4282682
            ],
            [
              -79.9459339,
              43.4285107
            ],
            [
              -79.9453814,
              43.4294301
            ],
            [
              -79.9453224,
              43.4295139
            ],
            [
              -79.9451319,
              43.4297983
            ],
            [
              -79.9448369,
              43.4301197
            ],
            [
              -79.9445767,
              43.4303768
            ],
            [
              -79.9441431,
              43.4307666
            ],
            [
              -79.9440135,
              43.4308832
            ],
            [
              -79.9437345,
              43.4311501
            ],
            [
              -79.9435628,
              43.4313838
            ],
            [
              -79.9434529,
              43.4316
            ],
            [
              -79.9433939,
              43.4317753
            ],
            [
              -79.9432919,
              43.4319662
            ],
            [
              -79.9432222,
              43.4320987
            ],
            [
              -79.9430559,
              43.4323207
            ],
            [
              -79.9428521,
              43.4325447
            ],
            [
              -79.9420849,
              43.4332284
            ],
            [
              -79.9380636,
              43.4367845
            ],
            [
              -79.935758,
              43.4388178
            ],
            [
              -79.934634,
              43.4397922
            ],
            [
              -79.9334951,
              43.440801
            ],
            [
              -79.9318047,
              43.4423255
            ],
            [
              -79.9304586,
              43.4435567
            ],
            [
              -79.9287997,
              43.4450846
            ],
            [
              -79.9281195,
              43.4457424
            ],
            [
              -79.9262438,
              43.4474728
            ],
            [
              -79.9243453,
              43.4491577
            ],
            [
              -79.9228691,
              43.4504918
            ],
            [
              -79.9226581,
              43.450693
            ],
            [
              -79.9215903,
              43.45163
            ],
            [
              -79.9210904,
              43.4521045
            ],
            [
              -79.9209146,
              43.4522741
            ],
            [
              -79.9207454,
              43.4524582
            ],
            [
              -79.9203861,
              43.4528628
            ],
            [
              -79.9201256,
              43.4531679
            ],
            [
              -79.9198719,
              43.4534767
            ],
            [
              -79.919525,
              43.45389
            ],
            [
              -79.9191659,
              43.4542729
            ],
            [
              -79.9188494,
              43.4545777
            ],
            [
              -79.9183396,
              43.4550445
            ],
            [
              -79.917321,
              43.4559772
            ],
            [
              -79.9162895,
              43.4569109
            ],
            [
              -79.9157684,
              43.4573826
            ],
            [
              -79.913914,
              43.4591181
            ],
            [
              -79.9130567,
              43.4598763
            ],
            [
              -79.9120176,
              43.4607953
            ],
            [
              -79.9113982,
              43.4613891
            ],
            [
              -79.910762,
              43.4619989
            ],
            [
              -79.9091327,
              43.4635346
            ],
            [
              -79.9076032,
              43.4650427
            ],
            [
              -79.9071478,
              43.4654798
            ],
            [
              -79.9065122,
              43.4660897
            ],
            [
              -79.9058631,
              43.4667049
            ],
            [
              -79.9052896,
              43.4672034
            ],
            [
              -79.9042229,
              43.4681921
            ],
            [
              -79.9041197,
              43.4682836
            ],
            [
              -79.9030727,
              43.4692233
            ],
            [
              -79.9026618,
              43.469585
            ],
            [
              -79.9007056,
              43.471307
            ],
            [
              -79.9004592,
              43.4715044
            ],
            [
              -79.9000561,
              43.4717914
            ],
            [
              -79.8996898,
              43.4720521
            ],
            [
              -79.8992358,
              43.4723826
            ],
            [
              -79.8989832,
              43.4725906
            ],
            [
              -79.8987215,
              43.4728061
            ],
            [
              -79.8983724,
              43.4731243
            ],
            [
              -79.8976877,
              43.4737483
            ],
            [
              -79.8972396,
              43.4741567
            ],
            [
              -79.8971894,
              43.4742025
            ],
            [
              -79.8958796,
              43.4754629
            ],
            [
              -79.8950348,
              43.4762759
            ],
            [
              -79.8947465,
              43.4765533
            ],
            [
              -79.8946953,
              43.4765174
            ],
            [
              -79.8907747,
              43.4737728
            ],
            [
              -79.8877621,
              43.4716737
            ],
            [
              -79.8861474,
              43.4705316
            ],
            [
              -79.8860132,
              43.4704367
            ],
            [
              -79.8859212,
              43.4703716
            ],
            [
              -79.8845867,
              43.4694277
            ],
            [
              -79.8843826,
              43.4692833
            ],
            [
              -79.8826895,
              43.4680857
            ],
            [
              -79.8818064,
              43.4674466
            ],
            [
              -79.8816977,
              43.4673775
            ],
            [
              -79.8774881,
              43.4644602
            ],
            [
              -79.8730249,
              43.461364
            ],
            [
              -79.8709468,
              43.4599152
            ],
            [
              -79.8698055,
              43.4591047
            ],
            [
              -79.8679864,
              43.4578022
            ],
            [
              -79.8679349,
              43.4577671
            ],
            [
              -79.8678786,
              43.4577337
            ],
            [
              -79.8678269,
              43.4577085
            ],
            [
              -79.8658081,
              43.4563282
            ],
            [
              -79.8656543,
              43.4562399
            ],
            [
              -79.8651066,
              43.4558712
            ],
            [
              -79.8642822,
              43.4553091
            ],
            [
              -79.8629994,
              43.4544387
            ],
            [
              -79.8585714,
              43.4513894
            ],
            [
              -79.8583216,
              43.4512174
            ],
            [
              -79.8541021,
              43.4482972
            ],
            [
              -79.8515932,
              43.4465852
            ],
            [
              -79.8507439,
              43.4460054
            ],
            [
              -79.8487944,
              43.4446745
            ],
            [
              -79.8479128,
              43.4440751
            ],
            [
              -79.8465407,
              43.4431461
            ],
            [
              -79.8454851,
              43.4424335
            ],
            [
              -79.8440956,
              43.4415059
            ],
            [
              -79.8436013,
              43.441169
            ],
            [
              -79.8425812,
              43.4404756
            ],
            [
              -79.8425413,
              43.440452
            ],
            [
              -79.8424981,
              43.440431
            ],
            [
              -79.8424602,
              43.4404159
            ],
            [
              -79.8424263,
              43.4404063
            ],
            [
              -79.8423991,
              43.4404006
            ],
            [
              -79.8423636,
              43.440395
            ],
            [
              -79.8423359,
              43.4403952
            ],
            [
              -79.8423078,
              43.4403963
            ],
            [
              -79.8422796,
              43.4403998
            ],
            [
              -79.8422516,
              43.440406
            ],
            [
              -79.8422196,
              43.4404158
            ],
            [
              -79.842177,
              43.4404317
            ],
            [
              -79.8418733,
              43.4405689
            ],
            [
              -79.8414946,
              43.4407212
            ],
            [
              -79.8412424,
              43.4408069
            ],
            [
              -79.8409666,
              43.440893
            ],
            [
              -79.8408411,
              43.4409148
            ],
            [
              -79.8407494,
              43.4409019
            ],
            [
              -79.8406796,
              43.4408462
            ],
            [
              -79.8403878,
              43.4404877
            ],
            [
              -79.8400998,
              43.4401502
            ],
            [
              -79.8397656,
              43.4398242
            ],
            [
              -79.8396502,
              43.4397404
            ],
            [
              -79.8395034,
              43.4396525
            ],
            [
              -79.8391932,
              43.4394943
            ],
            [
              -79.838309,
              43.4391226
            ],
            [
              -79.8380939,
              43.43902
            ],
            [
              -79.8379228,
              43.4389243
            ],
            [
              -79.837718,
              43.4387877
            ],
            [
              -79.8374916,
              43.4386288
            ],
            [
              -79.834016,
              43.4361234
            ],
            [
              -79.8291578,
              43.4326021
            ],
            [
              -79.8199826,
              43.4264456
            ],
            [
              -79.8194047,
              43.4269358
            ],
            [
              -79.8187021,
              43.427594
            ],
            [
              -79.8179669,
              43.4282853
            ],
            [
              -79.8166924,
              43.4294823
            ],
            [
              -79.8164284,
              43.4297111
            ],
            [
              -79.8155672,
              43.4305073
            ],
            [
              -79.8155175,
              43.4305551
            ],
            [
              -79.8121745,
              43.4336395
            ],
            [
              -79.8119102,
              43.4338828
            ],
            [
              -79.8110397,
              43.434684
            ],
            [
              -79.8109532,
              43.4347636
            ],
            [
              -79.8108676,
              43.4348405
            ],
            [
              -79.8095288,
              43.4360435
            ],
            [
              -79.8079439,
              43.4375618
            ],
            [
              -79.8063531,
              43.4389728
            ],
            [
              -79.8056975,
              43.4395888
            ],
            [
              -79.8037465,
              43.4414219
            ],
            [
              -79.8006822,
              43.4442053
            ],
            [
              -79.7986332,
              43.4461155
            ],
            [
              -79.7983669,
              43.4463564
            ],
            [
              -79.7973922,
              43.4472381
            ],
            [
              -79.7970385,
              43.4475652
            ],
            [
              -79.7953377,
              43.4491378
            ],
            [
              -79.7952285,
              43.4492431
            ],
            [
              -79.796492,
              43.4501839
            ],
            [
              -79.7967252,
              43.4503576
            ],
            [
              -79.7981335,
              43.4514063
            ],
            [
              -79.7995038,
              43.4524266
            ],
            [
              -79.8002836,
              43.4529889
            ],
            [
              -79.8007827,
              43.4533488
            ],
            [
              -79.8015723,
              43.4540155
            ],
            [
              -79.8019106,
              43.4543793
            ],
            [
              -79.8020358,
              43.4545139
            ],
            [
              -79.8023735,
              43.4548924
            ],
            [
              -79.8027062,
              43.4553166
            ],
            [
              -79.8030076,
              43.4558026
            ],
            [
              -79.8033128,
              43.4564672
            ],
            [
              -79.8033383,
              43.4565329
            ],
            [
              -79.8043712,
              43.4587753
            ],
            [
              -79.8050915,
              43.4603459
            ],
            [
              -79.8053985,
              43.4610153
            ],
            [
              -79.8060449,
              43.4623341
            ],
            [
              -79.8067276,
              43.4638234
            ],
            [
              -79.8069151,
              43.4642325
            ],
            [
              -79.8074968,
              43.4655017
            ],
            [
              -79.8076491,
              43.4658339
            ],
            [
              -79.808277,
              43.4669842
            ],
            [
              -79.8079773,
              43.4671358
            ],
            [
              -79.8075918,
              43.4673653
            ],
            [
              -79.8072385,
              43.4676181
            ],
            [
              -79.8068423,
              43.4679644
            ],
            [
              -79.8046024,
              43.4699451
            ],
            [
              -79.8043758,
              43.4701401
            ],
            [
              -79.8040016,
              43.4704621
            ],
            [
              -79.8037183,
              43.4707424
            ],
            [
              -79.8034179,
              43.4710539
            ],
            [
              -79.8031432,
              43.4714027
            ],
            [
              -79.8028428,
              43.4716456
            ],
            [
              -79.8024824,
              43.4718948
            ],
            [
              -79.802036,
              43.4722249
            ],
            [
              -79.8016584,
              43.4726111
            ],
            [
              -79.8006284,
              43.4735827
            ],
            [
              -79.8000018,
              43.4741682
            ],
            [
              -79.7998817,
              43.474243
            ],
            [
              -79.7997444,
              43.4742803
            ],
            [
              -79.7995899,
              43.474299
            ],
            [
              -79.7994182,
              43.4742741
            ],
            [
              -79.7992895,
              43.4742492
            ],
            [
              -79.7990835,
              43.4741682
            ],
            [
              -79.7989032,
              43.4741122
            ],
            [
              -79.7987144,
              43.4740561
            ],
            [
              -79.7985771,
              43.4740499
            ],
            [
              -79.7984826,
              43.4740873
            ],
            [
              -79.7984129,
              43.4741401
            ],
            [
              -79.7982852,
              43.4742367
            ],
            [
              -79.7981393,
              43.4743925
            ],
            [
              -79.7978732,
              43.474679
            ],
            [
              -79.7977016,
              43.4748783
            ],
            [
              -79.79759,
              43.4750527
            ],
            [
              -79.7975643,
              43.4752084
            ],
            [
              -79.7975643,
              43.4753703
            ],
            [
              -79.79759,
              43.4755385
            ],
            [
              -79.7975557,
              43.4757129
            ],
            [
              -79.7974698,
              43.475906
            ],
            [
              -79.7973583,
              43.4761178
            ],
            [
              -79.7972381,
              43.4763482
            ],
            [
              -79.7971952,
              43.4765475
            ],
            [
              -79.7971094,
              43.4767344
            ],
            [
              -79.7970664,
              43.4768838
            ],
            [
              -79.7970149,
              43.4769835
            ],
            [
              -79.7969291,
              43.4770831
            ],
            [
              -79.7967832,
              43.4771953
            ],
            [
              -79.7964656,
              43.4774693
            ],
            [
              -79.7962253,
              43.4776686
            ],
            [
              -79.7959678,
              43.4779115
            ],
            [
              -79.7951626,
              43.4786476
            ],
            [
              -79.7925432,
              43.4809757
            ],
            [
              -79.7890413,
              43.4841519
            ],
            [
              -79.7871285,
              43.4859182
            ],
            [
              -79.7863977,
              43.486593
            ],
            [
              -79.783076,
              43.4862069
            ],
            [
              -79.7801716,
              43.4858524
            ],
            [
              -79.7794373,
              43.4857628
            ],
            [
              -79.7775657,
              43.4855344
            ],
            [
              -79.7766972,
              43.4854142
            ],
            [
              -79.7763264,
              43.4853609
            ],
            [
              -79.7735966,
              43.484985
            ],
            [
              -79.7734716,
              43.4849677
            ],
            [
              -79.7572128,
              43.5001762
            ],
            [
              -79.7559576,
              43.5017404
            ],
            [
              -79.7542946,
              43.5033591
            ],
            [
              -79.7510437,
              43.5061372
            ],
            [
              -79.7507911,
              43.506232
            ],
            [
              -79.7480933,
              43.5086039
            ],
            [
              -79.7459154,
              43.5104636
            ],
            [
              -79.7428056,
              43.5131049
            ],
            [
              -79.7403578,
              43.5151632
            ],
            [
              -79.7381691,
              43.5170149
            ],
            [
              -79.7351543,
              43.5195201
            ],
            [
              -79.7322039,
              43.5219785
            ],
            [
              -79.7292873,
              43.5245337
            ],
            [
              -79.726464,
              43.5269106
            ],
            [
              -79.7248295,
              43.5284371
            ],
            [
              -79.7275598,
              43.530393
            ],
            [
              -79.7279313,
              43.530443
            ],
            [
              -79.728263,
              43.5304881
            ],
            [
              -79.7285593,
              43.5305495
            ],
            [
              -79.728835,
              43.5306222
            ],
            [
              -79.7291456,
              43.5307161
            ],
            [
              -79.7307391,
              43.5312764
            ],
            [
              -79.7322966,
              43.5319287
            ],
            [
              -79.7344444,
              43.5329597
            ],
            [
              -79.7351796,
              43.5333209
            ],
            [
              -79.7353538,
              43.5331806
            ],
            [
              -79.7421737,
              43.5367747
            ],
            [
              -79.7452697,
              43.5386384
            ],
            [
              -79.7557233,
              43.5461721
            ],
            [
              -79.7587465,
              43.5487597
            ],
            [
              -79.7626075,
              43.5521065
            ],
            [
              -79.7700379,
              43.5567246
            ],
            [
              -79.7780997,
              43.5625433
            ],
            [
              -79.7844011,
              43.5672136
            ],
            [
              -79.7882996,
              43.5703545
            ],
            [
              -79.7962266,
              43.5758558
            ],
            [
              -79.8067045,
              43.5835259
            ],
            [
              -79.8084892,
              43.5849381
            ],
            [
              -79.8093311,
              43.5858827
            ],
            [
              -79.8097389,
              43.5865512
            ],
            [
              -79.8100148,
              43.5870686
            ],
            [
              -79.8102203,
              43.5877127
            ],
            [
              -79.8103184,
              43.5882434
            ],
            [
              -79.8594712,
              43.5441121
            ],
            [
              -79.8614467,
              43.5427942
            ],
            [
              -79.8626166,
              43.5420871
            ],
            [
              -79.8669372,
              43.5456033
            ],
            [
              -79.8681605,
              43.5444683
            ],
            [
              -79.8683067,
              43.5443327
            ],
            [
              -79.8949935,
              43.5642272
            ],
            [
              -79.9216619,
              43.5402699
            ],
            [
              -79.939066,
              43.52463
            ],
            [
              -79.9928383,
              43.5629452
            ],
            [
              -80.085391,
              43.628836
            ],
            [
              -80.086049,
              43.6284956
            ],
            [
              -80.1342803,
              43.5855114
            ],
            [
              -80.1285511,
              43.5813493
            ],
            [
              -80.1395639,
              43.5718511
            ],
            [
              -80.138666,
              43.5712717
            ],
            [
              -80.144284,
              43.5664779
            ],
            [
              -80.1507408,
              43.57095
            ],
            [
              -80.1611331,
              43.5615448
            ]
          ]
        ]
      }
    },
    {
      "type": "Feature",
      "properties": {
        "name": "Vaughan",
        "osm_display": "Vaughan, York Region, Golden Horseshoe, Ontario, Canada"
      },
      "geometry": {
        "type": "Polygon",
        "coordinates": [
          [
            [
              -79.7106948,
              43.8744029
            ],
            [
              -79.6976248,
              43.8518494
            ],
            [
              -79.6975805,
              43.8517865
            ],
            [
              -79.6973676,
              43.8515583
            ],
            [
              -79.6971463,
              43.8513702
            ],
            [
              -79.6965824,
              43.8510147
            ],
            [
              -79.6954042,
              43.8503542
            ],
            [
              -79.6951736,
              43.8502028
            ],
            [
              -79.6950864,
              43.8501274
            ],
            [
              -79.6949154,
              43.8499238
            ],
            [
              -79.6948792,
              43.8497879
            ],
            [
              -79.6948638,
              43.849668
            ],
            [
              -79.6948839,
              43.8495147
            ],
            [
              -79.6949288,
              43.8493861
            ],
            [
              -79.6950113,
              43.8492371
            ],
            [
              -79.6950991,
              43.8491443
            ],
            [
              -79.6953452,
              43.8489731
            ],
            [
              -79.6958012,
              43.8486849
            ],
            [
              -79.6954175,
              43.8480959
            ],
            [
              -79.6804275,
              43.8223238
            ],
            [
              -79.6786404,
              43.819296
            ],
            [
              -79.6747874,
              43.8128798
            ],
            [
              -79.6691586,
              43.8030197
            ],
            [
              -79.6580411,
              43.7838816
            ],
            [
              -79.655034,
              43.7785217
            ],
            [
              -79.6485469,
              43.7671297
            ],
            [
              -79.6463863,
              43.7635628
            ],
            [
              -79.6455739,
              43.7622659
            ],
            [
              -79.6434846,
              43.7585015
            ],
            [
              -79.6432197,
              43.7579485
            ],
            [
              -79.6426841,
              43.7565638
            ],
            [
              -79.6421676,
              43.7551245
            ],
            [
              -79.6415436,
              43.7532343
            ],
            [
              -79.641245,
              43.7524491
            ],
            [
              -79.6408832,
              43.7517404
            ],
            [
              -79.6408002,
              43.7515912
            ],
            [
              -79.6405073,
              43.7511596
            ],
            [
              -79.640023,
              43.7505905
            ],
            [
              -79.6394237,
              43.7499952
            ],
            [
              -79.6392832,
              43.7498436
            ],
            [
              -79.6383075,
              43.7503353
            ],
            [
              -79.637993,
              43.7504952
            ],
            [
              -79.6374799,
              43.7506976
            ],
            [
              -79.6365241,
              43.7510032
            ],
            [
              -79.6360286,
              43.7511111
            ],
            [
              -79.6356056,
              43.7511777
            ],
            [
              -79.6351904,
              43.7512181
            ],
            [
              -79.6347191,
              43.7512268
            ],
            [
              -79.6341054,
              43.7512412
            ],
            [
              -79.6335497,
              43.7512552
            ],
            [
              -79.6332296,
              43.7512699
            ],
            [
              -79.6329415,
              43.7512964
            ],
            [
              -79.6326346,
              43.7513283
            ],
            [
              -79.6323742,
              43.7513653
            ],
            [
              -79.6320302,
              43.7514274
            ],
            [
              -79.6318097,
              43.7514692
            ],
            [
              -79.6308995,
              43.751672
            ],
            [
              -79.629973,
              43.7518784
            ],
            [
              -79.6293415,
              43.7520258
            ],
            [
              -79.6278315,
              43.7523782
            ],
            [
              -79.625879,
              43.7528339
            ],
            [
              -79.6256258,
              43.752893
            ],
            [
              -79.6250214,
              43.7529721
            ],
            [
              -79.6241539,
              43.7532151
            ],
            [
              -79.6241365,
              43.75322
            ],
            [
              -79.6239446,
              43.7532653
            ],
            [
              -79.6232006,
              43.7534345
            ],
            [
              -79.622453,
              43.7536157
            ],
            [
              -79.619833,
              43.7541681
            ],
            [
              -79.6195391,
              43.7542341
            ],
            [
              -79.6187747,
              43.7544058
            ],
            [
              -79.6170035,
              43.7548036
            ],
            [
              -79.6149259,
              43.7552703
            ],
            [
              -79.6130281,
              43.7556884
            ],
            [
              -79.6117854,
              43.7559761
            ],
            [
              -79.6112172,
              43.7561076
            ],
            [
              -79.6087359,
              43.7566997
            ],
            [
              -79.6084336,
              43.756725
            ],
            [
              -79.6077672,
              43.7568891
            ],
            [
              -79.6071233,
              43.7570311
            ],
            [
              -79.6066732,
              43.7571304
            ],
            [
              -79.6049125,
              43.7575187
            ],
            [
              -79.6043721,
              43.7576487
            ],
            [
              -79.6033852,
              43.7578662
            ],
            [
              -79.6023642,
              43.7580796
            ],
            [
              -79.6020396,
              43.7581476
            ],
            [
              -79.5996544,
              43.7586857
            ],
            [
              -79.5984274,
              43.7589755
            ],
            [
              -79.5976199,
              43.7591323
            ],
            [
              -79.5969414,
              43.7593058
            ],
            [
              -79.5961958,
              43.7594715
            ],
            [
              -79.594627,
              43.759806
            ],
            [
              -79.5929039,
              43.7602097
            ],
            [
              -79.5914662,
              43.7605466
            ],
            [
              -79.5907298,
              43.7607191
            ],
            [
              -79.5905832,
              43.7607319
            ],
            [
              -79.5904545,
              43.7607432
            ],
            [
              -79.5806472,
              43.7630265
            ],
            [
              -79.5775231,
              43.7636975
            ],
            [
              -79.577015,
              43.7638374
            ],
            [
              -79.5747827,
              43.764326
            ],
            [
              -79.5731249,
              43.7647397
            ],
            [
              -79.5638986,
              43.766712
            ],
            [
              -79.563428,
              43.7668097
            ],
            [
              -79.5629706,
              43.7669046
            ],
            [
              -79.562263,
              43.7670514
            ],
            [
              -79.5621019,
              43.7670849
            ],
            [
              -79.5614242,
              43.7672255
            ],
            [
              -79.5609242,
              43.7673532
            ],
            [
              -79.5607672,
              43.7673619
            ],
            [
              -79.5605747,
              43.7674018
            ],
            [
              -79.5603482,
              43.7674499
            ],
            [
              -79.5601007,
              43.7674957
            ],
            [
              -79.5600589,
              43.7675143
            ],
            [
              -79.5592124,
              43.7676742
            ],
            [
              -79.5590226,
              43.767724
            ],
            [
              -79.5588247,
              43.7677474
            ],
            [
              -79.5585718,
              43.7677952
            ],
            [
              -79.5581291,
              43.7678787
            ],
            [
              -79.5577284,
              43.7679544
            ],
            [
              -79.5575199,
              43.7680007
            ],
            [
              -79.5571498,
              43.7680829
            ],
            [
              -79.5566809,
              43.768187
            ],
            [
              -79.5554234,
              43.7684662
            ],
            [
              -79.5541079,
              43.7687249
            ],
            [
              -79.5539782,
              43.7687501
            ],
            [
              -79.5536331,
              43.7688173
            ],
            [
              -79.5531201,
              43.7689171
            ],
            [
              -79.5528867,
              43.7689668
            ],
            [
              -79.5521854,
              43.7691057
            ],
            [
              -79.5515492,
              43.7692424
            ],
            [
              -79.5512609,
              43.7693043
            ],
            [
              -79.5511683,
              43.7693242
            ],
            [
              -79.5508929,
              43.7693834
            ],
            [
              -79.5507917,
              43.7694051
            ],
            [
              -79.550542,
              43.7694588
            ],
            [
              -79.5502891,
              43.7695131
            ],
            [
              -79.5484808,
              43.769902
            ],
            [
              -79.5475304,
              43.7701075
            ],
            [
              -79.5456671,
              43.7704681
            ],
            [
              -79.5448895,
              43.7706459
            ],
            [
              -79.5442004,
              43.7707929
            ],
            [
              -79.5393404,
              43.7717658
            ],
            [
              -79.5377861,
              43.7720886
            ],
            [
              -79.5356508,
              43.772513
            ],
            [
              -79.5348127,
              43.7726923
            ],
            [
              -79.5342638,
              43.7728097
            ],
            [
              -79.5333191,
              43.7729968
            ],
            [
              -79.5276185,
              43.7741782
            ],
            [
              -79.5269652,
              43.7742927
            ],
            [
              -79.5268451,
              43.7743135
            ],
            [
              -79.5267071,
              43.7743425
            ],
            [
              -79.5261954,
              43.7744506
            ],
            [
              -79.5255946,
              43.7745837
            ],
            [
              -79.5251074,
              43.7746793
            ],
            [
              -79.5244101,
              43.7748192
            ],
            [
              -79.5240425,
              43.7748883
            ],
            [
              -79.5236087,
              43.7749734
            ],
            [
              -79.5223721,
              43.7752766
            ],
            [
              -79.5217056,
              43.7754557
            ],
            [
              -79.5191456,
              43.7759588
            ],
            [
              -79.5139046,
              43.777056
            ],
            [
              -79.5091806,
              43.7781031
            ],
            [
              -79.4946323,
              43.7814805
            ],
            [
              -79.4944922,
              43.7815153
            ],
            [
              -79.4934327,
              43.7817749
            ],
            [
              -79.4907833,
              43.7824072
            ],
            [
              -79.4906964,
              43.782428
            ],
            [
              -79.4891963,
              43.7827773
            ],
            [
              -79.4890151,
              43.7828168
            ],
            [
              -79.4884194,
              43.7829584
            ],
            [
              -79.4878561,
              43.7830922
            ],
            [
              -79.4875255,
              43.7831412
            ],
            [
              -79.4832373,
              43.7841677
            ],
            [
              -79.4830056,
              43.7842216
            ],
            [
              -79.4829926,
              43.7842246
            ],
            [
              -79.4825637,
              43.7843243
            ],
            [
              -79.482491,
              43.7843412
            ],
            [
              -79.4823669,
              43.7843697
            ],
            [
              -79.4822559,
              43.7843953
            ],
            [
              -79.4821915,
              43.7844092
            ],
            [
              -79.4820728,
              43.7844374
            ],
            [
              -79.4815659,
              43.784554
            ],
            [
              -79.4808651,
              43.7847027
            ],
            [
              -79.4799454,
              43.7849333
            ],
            [
              -79.4783577,
              43.7853091
            ],
            [
              -79.4778102,
              43.7854415
            ],
            [
              -79.4774128,
              43.7855376
            ],
            [
              -79.4770034,
              43.7856366
            ],
            [
              -79.4769985,
              43.7856378
            ],
            [
              -79.4763807,
              43.7857872
            ],
            [
              -79.4763686,
              43.7857901
            ],
            [
              -79.4758368,
              43.7859187
            ],
            [
              -79.4752938,
              43.7860501
            ],
            [
              -79.4750629,
              43.7860969
            ],
            [
              -79.4729784,
              43.7866003
            ],
            [
              -79.4728935,
              43.7866183
            ],
            [
              -79.4727378,
              43.7866433
            ],
            [
              -79.4722374,
              43.786752
            ],
            [
              -79.471881,
              43.7868395
            ],
            [
              -79.4710807,
              43.7870411
            ],
            [
              -79.4709552,
              43.7870726
            ],
            [
              -79.4703165,
              43.7872247
            ],
            [
              -79.4700891,
              43.7872688
            ],
            [
              -79.4691809,
              43.787445
            ],
            [
              -79.4690392,
              43.7874741
            ],
            [
              -79.468612,
              43.787562
            ],
            [
              -79.4685834,
              43.7875679
            ],
            [
              -79.4684849,
              43.7875882
            ],
            [
              -79.4683122,
              43.7876237
            ],
            [
              -79.467449,
              43.7878014
            ],
            [
              -79.4671431,
              43.7878655
            ],
            [
              -79.4670179,
              43.7878918
            ],
            [
              -79.4668788,
              43.787923
            ],
            [
              -79.4667282,
              43.7879567
            ],
            [
              -79.4659522,
              43.788109
            ],
            [
              -79.4647621,
              43.7883493
            ],
            [
              -79.4571698,
              43.7899606
            ],
            [
              -79.4492516,
              43.791674
            ],
            [
              -79.4491091,
              43.7917053
            ],
            [
              -79.448928,
              43.791745
            ],
            [
              -79.4486897,
              43.7917971
            ],
            [
              -79.4483932,
              43.7918622
            ],
            [
              -79.4481327,
              43.7919195
            ],
            [
              -79.4476572,
              43.7920142
            ],
            [
              -79.4469851,
              43.7921745
            ],
            [
              -79.4467618,
              43.7922246
            ],
            [
              -79.4465072,
              43.7922818
            ],
            [
              -79.4457565,
              43.7924485
            ],
            [
              -79.4450004,
              43.7926014
            ],
            [
              -79.4444444,
              43.7927223
            ],
            [
              -79.4424928,
              43.7931251
            ],
            [
              -79.4411314,
              43.7934082
            ],
            [
              -79.441018,
              43.7934298
            ],
            [
              -79.4409079,
              43.7934576
            ],
            [
              -79.4405507,
              43.7935357
            ],
            [
              -79.4405061,
              43.7935455
            ],
            [
              -79.4395528,
              43.7937539
            ],
            [
              -79.4386555,
              43.7939699
            ],
            [
              -79.4382415,
              43.7940589
            ],
            [
              -79.4366898,
              43.794376
            ],
            [
              -79.4365438,
              43.7944059
            ],
            [
              -79.4363798,
              43.7944457
            ],
            [
              -79.4361855,
              43.7944906
            ],
            [
              -79.4360032,
              43.7945328
            ],
            [
              -79.4356531,
              43.7946137
            ],
            [
              -79.4355627,
              43.7946348
            ],
            [
              -79.4354496,
              43.7946611
            ],
            [
              -79.435304,
              43.794695
            ],
            [
              -79.435032,
              43.7947575
            ],
            [
              -79.4348348,
              43.7948029
            ],
            [
              -79.4347402,
              43.7948248
            ],
            [
              -79.4347357,
              43.7948258
            ],
            [
              -79.4346197,
              43.7948526
            ],
            [
              -79.4344004,
              43.7949033
            ],
            [
              -79.4341224,
              43.7949618
            ],
            [
              -79.4339018,
              43.7950125
            ],
            [
              -79.4338929,
              43.7950145
            ],
            [
              -79.4337836,
              43.7950396
            ],
            [
              -79.4319712,
              43.7954401
            ],
            [
              -79.4297472,
              43.7959316
            ],
            [
              -79.4285957,
              43.7961797
            ],
            [
              -79.428462,
              43.796211
            ],
            [
              -79.4283303,
              43.7962471
            ],
            [
              -79.4279654,
              43.7963273
            ],
            [
              -79.4277801,
              43.7963673
            ],
            [
              -79.4268639,
              43.7965583
            ],
            [
              -79.4266601,
              43.7966036
            ],
            [
              -79.4263774,
              43.7966718
            ],
            [
              -79.4254222,
              43.7968846
            ],
            [
              -79.4253766,
              43.7968948
            ],
            [
              -79.4248432,
              43.7970053
            ],
            [
              -79.4240001,
              43.7971568
            ],
            [
              -79.423399,
              43.7972956
            ],
            [
              -79.4231832,
              43.7973455
            ],
            [
              -79.4223844,
              43.797518
            ],
            [
              -79.4223583,
              43.7975236
            ],
            [
              -79.4219056,
              43.797628
            ],
            [
              -79.4216513,
              43.7976843
            ],
            [
              -79.4210627,
              43.7978224
            ],
            [
              -79.4208476,
              43.7978705
            ],
            [
              -79.4207708,
              43.7978877
            ],
            [
              -79.4200471,
              43.7980391
            ],
            [
              -79.4201807,
              43.7985622
            ],
            [
              -79.4202459,
              43.7987763
            ],
            [
              -79.4202766,
              43.798877
            ],
            [
              -79.4203162,
              43.799007
            ],
            [
              -79.420361,
              43.799169
            ],
            [
              -79.4205376,
              43.7998077
            ],
            [
              -79.4205745,
              43.7999411
            ],
            [
              -79.4206472,
              43.8002049
            ],
            [
              -79.4206754,
              43.8003073
            ],
            [
              -79.4207106,
              43.8005057
            ],
            [
              -79.4207562,
              43.8006007
            ],
            [
              -79.4208321,
              43.8008782
            ],
            [
              -79.4209012,
              43.8011469
            ],
            [
              -79.420951,
              43.8013406
            ],
            [
              -79.4209644,
              43.8013928
            ],
            [
              -79.4212014,
              43.8023054
            ],
            [
              -79.4214986,
              43.8034785
            ],
            [
              -79.4215086,
              43.8035181
            ],
            [
              -79.4215353,
              43.8036242
            ],
            [
              -79.4215641,
              43.8037377
            ],
            [
              -79.4215828,
              43.8038112
            ],
            [
              -79.4217218,
              43.8043884
            ],
            [
              -79.4218451,
              43.8049139
            ],
            [
              -79.4220882,
              43.8058834
            ],
            [
              -79.422175,
              43.8062576
            ],
            [
              -79.4222799,
              43.8066771
            ],
            [
              -79.4225181,
              43.8076944
            ],
            [
              -79.4226633,
              43.8082459
            ],
            [
              -79.422827,
              43.8089323
            ],
            [
              -79.4228605,
              43.8090664
            ],
            [
              -79.4231335,
              43.8102267
            ],
            [
              -79.4232156,
              43.8105794
            ],
            [
              -79.4233127,
              43.8109964
            ],
            [
              -79.4235282,
              43.8119483
            ],
            [
              -79.4235413,
              43.8120095
            ],
            [
              -79.4235743,
              43.8121645
            ],
            [
              -79.4235936,
              43.8122551
            ],
            [
              -79.4236144,
              43.8123321
            ],
            [
              -79.4236397,
              43.812471
            ],
            [
              -79.4239506,
              43.8139283
            ],
            [
              -79.4241156,
              43.8146938
            ],
            [
              -79.4242135,
              43.8151099
            ],
            [
              -79.4242711,
              43.8153509
            ],
            [
              -79.4243239,
              43.8155844
            ],
            [
              -79.4243851,
              43.815855
            ],
            [
              -79.4245868,
              43.8168121
            ],
            [
              -79.4245979,
              43.8168594
            ],
            [
              -79.4246149,
              43.8169316
            ],
            [
              -79.4249171,
              43.8182146
            ],
            [
              -79.4251147,
              43.8189622
            ],
            [
              -79.4251348,
              43.8190806
            ],
            [
              -79.42534,
              43.8199911
            ],
            [
              -79.4253959,
              43.8202394
            ],
            [
              -79.4257293,
              43.821719
            ],
            [
              -79.4258373,
              43.8221987
            ],
            [
              -79.4258712,
              43.822349
            ],
            [
              -79.4260948,
              43.8233065
            ],
            [
              -79.426123,
              43.8234335
            ],
            [
              -79.4261819,
              43.8236986
            ],
            [
              -79.4262032,
              43.8237945
            ],
            [
              -79.4262348,
              43.8239369
            ],
            [
              -79.4263331,
              43.8243792
            ],
            [
              -79.4264901,
              43.8250536
            ],
            [
              -79.4267796,
              43.826116
            ],
            [
              -79.4268626,
              43.826478
            ],
            [
              -79.4269246,
              43.8267483
            ],
            [
              -79.4271259,
              43.8276064
            ],
            [
              -79.4271417,
              43.8276682
            ],
            [
              -79.4272274,
              43.828004
            ],
            [
              -79.4273221,
              43.8284236
            ],
            [
              -79.4273832,
              43.8286942
            ],
            [
              -79.4276283,
              43.8297318
            ],
            [
              -79.4278188,
              43.8305383
            ],
            [
              -79.4279002,
              43.8308512
            ],
            [
              -79.4280742,
              43.8317239
            ],
            [
              -79.428729,
              43.8345631
            ],
            [
              -79.4317292,
              43.83308
            ],
            [
              -79.4324609,
              43.8327937
            ],
            [
              -79.435465,
              43.8319269
            ],
            [
              -79.4434473,
              43.829961
            ],
            [
              -79.4483825,
              43.8287381
            ],
            [
              -79.4515583,
              43.8280106
            ],
            [
              -79.4532534,
              43.8276545
            ],
            [
              -79.4539028,
              43.8275458
            ],
            [
              -79.4539636,
              43.8278537
            ],
            [
              -79.4541281,
              43.8286874
            ],
            [
              -79.4542326,
              43.8292146
            ],
            [
              -79.4542611,
              43.8294303
            ],
            [
              -79.4544446,
              43.8304483
            ],
            [
              -79.4547497,
              43.8317639
            ],
            [
              -79.4551222,
              43.8330946
            ],
            [
              -79.4563004,
              43.8372077
            ],
            [
              -79.4569418,
              43.839905
            ],
            [
              -79.4576393,
              43.8430587
            ],
            [
              -79.4586628,
              43.8476767
            ],
            [
              -79.4596012,
              43.851714
            ],
            [
              -79.4627983,
              43.8659014
            ],
            [
              -79.4637319,
              43.8700436
            ],
            [
              -79.464578,
              43.8732662
            ],
            [
              -79.4657394,
              43.8771254
            ],
            [
              -79.4673886,
              43.8841094
            ],
            [
              -79.4683278,
              43.8885256
            ],
            [
              -79.4696859,
              43.8940833
            ],
            [
              -79.4709134,
              43.8985418
            ],
            [
              -79.4718163,
              43.9025014
            ],
            [
              -79.4745016,
              43.9135655
            ],
            [
              -79.4757924,
              43.9186638
            ],
            [
              -79.4766432,
              43.9209459
            ],
            [
              -79.477773,
              43.9243511
            ],
            [
              -79.4905905,
              43.9215743
            ],
            [
              -79.5005491,
              43.9194382
            ],
            [
              -79.5202021,
              43.9151752
            ],
            [
              -79.5314889,
              43.9127329
            ],
            [
              -79.5545344,
              43.9078171
            ],
            [
              -79.5637386,
              43.9057997
            ],
            [
              -79.5645016,
              43.9056325
            ],
            [
              -79.566984,
              43.9050884
            ],
            [
              -79.5687823,
              43.9046942
            ],
            [
              -79.5727621,
              43.9038399
            ],
            [
              -79.5873646,
              43.9007053
            ],
            [
              -79.6102814,
              43.8958813
            ],
            [
              -79.6372752,
              43.890098
            ],
            [
              -79.6478753,
              43.8879346
            ],
            [
              -79.6680026,
              43.8835116
            ],
            [
              -79.694653,
              43.8777117
            ],
            [
              -79.7055953,
              43.8755463
            ],
            [
              -79.7057332,
              43.8755154
            ],
            [
              -79.7106948,
              43.8744029
            ]
          ]
        ]
      }
    },
    {
      "type": "Feature",
      "properties": {
        "name": "Richmond Hill",
        "osm_display": "Richmond Hill, York Region, Golden Horseshoe, Ontario, Canada"
      },
      "geometry": {
        "type": "Polygon",
        "coordinates": [
          [
            [
              -79.4855416,
              43.9574685
            ],
            [
              -79.4839219,
              43.9505904
            ],
            [
              -79.4829437,
              43.9452093
            ],
            [
              -79.4814178,
              43.9389348
            ],
            [
              -79.477773,
              43.9243511
            ],
            [
              -79.4766432,
              43.9209459
            ],
            [
              -79.4757924,
              43.9186638
            ],
            [
              -79.4745016,
              43.9135655
            ],
            [
              -79.4718163,
              43.9025014
            ],
            [
              -79.4709134,
              43.8985418
            ],
            [
              -79.4696859,
              43.8940833
            ],
            [
              -79.4683278,
              43.8885256
            ],
            [
              -79.4673886,
              43.8841094
            ],
            [
              -79.4657394,
              43.8771254
            ],
            [
              -79.464578,
              43.8732662
            ],
            [
              -79.4637319,
              43.8700436
            ],
            [
              -79.4627983,
              43.8659014
            ],
            [
              -79.4596012,
              43.851714
            ],
            [
              -79.4586628,
              43.8476767
            ],
            [
              -79.4576393,
              43.8430587
            ],
            [
              -79.4569418,
              43.839905
            ],
            [
              -79.4563004,
              43.8372077
            ],
            [
              -79.4551222,
              43.8330946
            ],
            [
              -79.4547497,
              43.8317639
            ],
            [
              -79.4544446,
              43.8304483
            ],
            [
              -79.4542611,
              43.8294303
            ],
            [
              -79.4542326,
              43.8292146
            ],
            [
              -79.4541281,
              43.8286874
            ],
            [
              -79.4539636,
              43.8278537
            ],
            [
              -79.4539028,
              43.8275458
            ],
            [
              -79.4532534,
              43.8276545
            ],
            [
              -79.4515583,
              43.8280106
            ],
            [
              -79.4483825,
              43.8287381
            ],
            [
              -79.4434473,
              43.829961
            ],
            [
              -79.435465,
              43.8319269
            ],
            [
              -79.4324609,
              43.8327937
            ],
            [
              -79.4317292,
              43.83308
            ],
            [
              -79.428729,
              43.8345631
            ],
            [
              -79.4234452,
              43.8357946
            ],
            [
              -79.4197674,
              43.8366168
            ],
            [
              -79.4179475,
              43.8370237
            ],
            [
              -79.4145441,
              43.8377867
            ],
            [
              -79.4084955,
              43.8390391
            ],
            [
              -79.4064355,
              43.8395266
            ],
            [
              -79.4064589,
              43.8396304
            ],
            [
              -79.4065735,
              43.840081
            ],
            [
              -79.4062137,
              43.8400953
            ],
            [
              -79.404556,
              43.8400862
            ],
            [
              -79.4017972,
              43.8400787
            ],
            [
              -79.401181,
              43.8401402
            ],
            [
              -79.4007143,
              43.8402017
            ],
            [
              -79.4005159,
              43.8402279
            ],
            [
              -79.4003565,
              43.8402604
            ],
            [
              -79.4002576,
              43.8402805
            ],
            [
              -79.4000961,
              43.8403008
            ],
            [
              -79.3917411,
              43.8422071
            ],
            [
              -79.3865422,
              43.8434228
            ],
            [
              -79.3825752,
              43.844343
            ],
            [
              -79.3823861,
              43.8443743
            ],
            [
              -79.38223,
              43.8444109
            ],
            [
              -79.3820514,
              43.8444527
            ],
            [
              -79.3791646,
              43.8451246
            ],
            [
              -79.3782697,
              43.8453338
            ],
            [
              -79.3779264,
              43.8454205
            ],
            [
              -79.3768971,
              43.8456524
            ],
            [
              -79.3763987,
              43.8457571
            ],
            [
              -79.3708618,
              43.8469972
            ],
            [
              -79.3711562,
              43.8481383
            ],
            [
              -79.371291,
              43.8486605
            ],
            [
              -79.3713571,
              43.8489249
            ],
            [
              -79.3723164,
              43.8527598
            ],
            [
              -79.3740963,
              43.8598742
            ],
            [
              -79.3752529,
              43.864633
            ],
            [
              -79.3776797,
              43.8746169
            ],
            [
              -79.3798137,
              43.8832507
            ],
            [
              -79.3810486,
              43.8882272
            ],
            [
              -79.3841814,
              43.9011849
            ],
            [
              -79.3842411,
              43.9014301
            ],
            [
              -79.3872284,
              43.9136916
            ],
            [
              -79.3895532,
              43.9231616
            ],
            [
              -79.3897175,
              43.923831
            ],
            [
              -79.3901681,
              43.9259174
            ],
            [
              -79.3903397,
              43.9278183
            ],
            [
              -79.3902754,
              43.9289156
            ],
            [
              -79.3894814,
              43.9357921
            ],
            [
              -79.3893956,
              43.9367038
            ],
            [
              -79.3896316,
              43.9394387
            ],
            [
              -79.3901681,
              43.9422662
            ],
            [
              -79.3913486,
              43.9465473
            ],
            [
              -79.3923142,
              43.9511047
            ],
            [
              -79.392679,
              43.9543796
            ],
            [
              -79.3929365,
              43.9584575
            ],
            [
              -79.3927219,
              43.9654542
            ],
            [
              -79.3925288,
              43.9722956
            ],
            [
              -79.3928506,
              43.9773915
            ],
            [
              -79.3928828,
              43.9776956
            ],
            [
              -79.3976495,
              43.9765953
            ],
            [
              -79.3991,
              43.9761863
            ],
            [
              -79.4010311,
              43.9756767
            ],
            [
              -79.4097644,
              43.9733681
            ],
            [
              -79.4353527,
              43.9678704
            ],
            [
              -79.4428928,
              43.9662727
            ],
            [
              -79.4497722,
              43.9647411
            ],
            [
              -79.4526717,
              43.9641696
            ],
            [
              -79.4564402,
              43.9633954
            ],
            [
              -79.4588649,
              43.9629553
            ],
            [
              -79.4637331,
              43.9620923
            ],
            [
              -79.4663054,
              43.9614667
            ],
            [
              -79.4688588,
              43.9608779
            ],
            [
              -79.4712943,
              43.9602774
            ],
            [
              -79.4811807,
              43.9581058
            ],
            [
              -79.483749,
              43.9578468
            ],
            [
              -79.4843245,
              43.9577501
            ],
            [
              -79.4855416,
              43.9574685
            ]
          ]
        ]
      }
    },
    {
      "type": "Feature",
      "properties": {
        "name": "Markham",
        "osm_display": "Markham, York Region, Golden Horseshoe, Ontario, Canada"
      },
      "geometry": {
        "type": "Polygon",
        "coordinates": [
          [
            [
              -79.428729,
              43.8345631
            ],
            [
              -79.4280742,
              43.8317239
            ],
            [
              -79.4279002,
              43.8308512
            ],
            [
              -79.4278188,
              43.8305383
            ],
            [
              -79.4276283,
              43.8297318
            ],
            [
              -79.4273832,
              43.8286942
            ],
            [
              -79.4273221,
              43.8284236
            ],
            [
              -79.4272274,
              43.828004
            ],
            [
              -79.4271417,
              43.8276682
            ],
            [
              -79.4271259,
              43.8276064
            ],
            [
              -79.4269246,
              43.8267483
            ],
            [
              -79.4268626,
              43.826478
            ],
            [
              -79.4267796,
              43.826116
            ],
            [
              -79.4264901,
              43.8250536
            ],
            [
              -79.4263331,
              43.8243792
            ],
            [
              -79.4262348,
              43.8239369
            ],
            [
              -79.4262032,
              43.8237945
            ],
            [
              -79.4261819,
              43.8236986
            ],
            [
              -79.426123,
              43.8234335
            ],
            [
              -79.4260948,
              43.8233065
            ],
            [
              -79.4258712,
              43.822349
            ],
            [
              -79.4258373,
              43.8221987
            ],
            [
              -79.4257293,
              43.821719
            ],
            [
              -79.4253959,
              43.8202394
            ],
            [
              -79.42534,
              43.8199911
            ],
            [
              -79.4251348,
              43.8190806
            ],
            [
              -79.4251147,
              43.8189622
            ],
            [
              -79.4249171,
              43.8182146
            ],
            [
              -79.4246149,
              43.8169316
            ],
            [
              -79.4245979,
              43.8168594
            ],
            [
              -79.4245868,
              43.8168121
            ],
            [
              -79.4243851,
              43.815855
            ],
            [
              -79.4243239,
              43.8155844
            ],
            [
              -79.4242711,
              43.8153509
            ],
            [
              -79.4242135,
              43.8151099
            ],
            [
              -79.4241156,
              43.8146938
            ],
            [
              -79.4239506,
              43.8139283
            ],
            [
              -79.4236397,
              43.812471
            ],
            [
              -79.4236144,
              43.8123321
            ],
            [
              -79.4235936,
              43.8122551
            ],
            [
              -79.4235743,
              43.8121645
            ],
            [
              -79.4235413,
              43.8120095
            ],
            [
              -79.4235282,
              43.8119483
            ],
            [
              -79.4233127,
              43.8109964
            ],
            [
              -79.4232156,
              43.8105794
            ],
            [
              -79.4231335,
              43.8102267
            ],
            [
              -79.4228605,
              43.8090664
            ],
            [
              -79.422827,
              43.8089323
            ],
            [
              -79.4226633,
              43.8082459
            ],
            [
              -79.4225181,
              43.8076944
            ],
            [
              -79.4222799,
              43.8066771
            ],
            [
              -79.422175,
              43.8062576
            ],
            [
              -79.4220882,
              43.8058834
            ],
            [
              -79.4218451,
              43.8049139
            ],
            [
              -79.4217218,
              43.8043884
            ],
            [
              -79.4215828,
              43.8038112
            ],
            [
              -79.4215641,
              43.8037377
            ],
            [
              -79.4215353,
              43.8036242
            ],
            [
              -79.4215086,
              43.8035181
            ],
            [
              -79.4214986,
              43.8034785
            ],
            [
              -79.4212014,
              43.8023054
            ],
            [
              -79.4209644,
              43.8013928
            ],
            [
              -79.420951,
              43.8013406
            ],
            [
              -79.4209012,
              43.8011469
            ],
            [
              -79.4208321,
              43.8008782
            ],
            [
              -79.4207562,
              43.8006007
            ],
            [
              -79.4207106,
              43.8005057
            ],
            [
              -79.4206754,
              43.8003073
            ],
            [
              -79.4206472,
              43.8002049
            ],
            [
              -79.4205745,
              43.7999411
            ],
            [
              -79.4205376,
              43.7998077
            ],
            [
              -79.420361,
              43.799169
            ],
            [
              -79.4203162,
              43.799007
            ],
            [
              -79.4202766,
              43.798877
            ],
            [
              -79.4202459,
              43.7987763
            ],
            [
              -79.4201807,
              43.7985622
            ],
            [
              -79.4200471,
              43.7980391
            ],
            [
              -79.4199052,
              43.7980722
            ],
            [
              -79.4192262,
              43.7982217
            ],
            [
              -79.4180129,
              43.7984871
            ],
            [
              -79.4176865,
              43.7985568
            ],
            [
              -79.4170831,
              43.7986857
            ],
            [
              -79.4157435,
              43.7989659
            ],
            [
              -79.4145889,
              43.7992327
            ],
            [
              -79.4144686,
              43.7992607
            ],
            [
              -79.4143507,
              43.7992899
            ],
            [
              -79.4132711,
              43.7995312
            ],
            [
              -79.4118226,
              43.7998404
            ],
            [
              -79.4093305,
              43.8003888
            ],
            [
              -79.4092437,
              43.8004076
            ],
            [
              -79.4066907,
              43.800966
            ],
            [
              -79.4063531,
              43.8010436
            ],
            [
              -79.4062997,
              43.8010567
            ],
            [
              -79.4062515,
              43.8010685
            ],
            [
              -79.4062127,
              43.8010756
            ],
            [
              -79.4061532,
              43.8010864
            ],
            [
              -79.4057652,
              43.801169
            ],
            [
              -79.4028856,
              43.8018106
            ],
            [
              -79.4025524,
              43.8018796
            ],
            [
              -79.4020572,
              43.8019798
            ],
            [
              -79.4016609,
              43.8020696
            ],
            [
              -79.40097,
              43.8022162
            ],
            [
              -79.4008678,
              43.8022355
            ],
            [
              -79.4007618,
              43.8022595
            ],
            [
              -79.4003372,
              43.8023545
            ],
            [
              -79.3999689,
              43.8024384
            ],
            [
              -79.3994527,
              43.8025488
            ],
            [
              -79.3986397,
              43.8027456
            ],
            [
              -79.3983148,
              43.8028093
            ],
            [
              -79.3973504,
              43.8030344
            ],
            [
              -79.3972709,
              43.8030529
            ],
            [
              -79.3972181,
              43.8030654
            ],
            [
              -79.3971324,
              43.8030857
            ],
            [
              -79.3962919,
              43.8032482
            ],
            [
              -79.3946365,
              43.8036282
            ],
            [
              -79.3942766,
              43.8037109
            ],
            [
              -79.39289,
              43.804023
            ],
            [
              -79.392732,
              43.8040512
            ],
            [
              -79.3925621,
              43.8040912
            ],
            [
              -79.3918525,
              43.8042403
            ],
            [
              -79.3915574,
              43.8043058
            ],
            [
              -79.3912441,
              43.8043774
            ],
            [
              -79.3910612,
              43.8044156
            ],
            [
              -79.3909614,
              43.8044364
            ],
            [
              -79.3906979,
              43.804496
            ],
            [
              -79.3906021,
              43.8045176
            ],
            [
              -79.3904247,
              43.8045577
            ],
            [
              -79.3902236,
              43.8046032
            ],
            [
              -79.3899984,
              43.8046542
            ],
            [
              -79.3897702,
              43.8047058
            ],
            [
              -79.3897002,
              43.8047216
            ],
            [
              -79.3892072,
              43.804833
            ],
            [
              -79.3888164,
              43.8049214
            ],
            [
              -79.3882298,
              43.8050487
            ],
            [
              -79.3874756,
              43.8052008
            ],
            [
              -79.3872828,
              43.8052397
            ],
            [
              -79.3872291,
              43.8052505
            ],
            [
              -79.3871454,
              43.8052674
            ],
            [
              -79.3864946,
              43.8054114
            ],
            [
              -79.3858696,
              43.8055497
            ],
            [
              -79.3857614,
              43.8055737
            ],
            [
              -79.3856359,
              43.805602
            ],
            [
              -79.3853083,
              43.8056713
            ],
            [
              -79.3852277,
              43.805691
            ],
            [
              -79.3849163,
              43.8057691
            ],
            [
              -79.3846753,
              43.8058245
            ],
            [
              -79.3844593,
              43.8058723
            ],
            [
              -79.384087,
              43.8059527
            ],
            [
              -79.383676,
              43.8060414
            ],
            [
              -79.3835968,
              43.8060591
            ],
            [
              -79.3833889,
              43.8061057
            ],
            [
              -79.3829028,
              43.8062104
            ],
            [
              -79.3764976,
              43.8076326
            ],
            [
              -79.3762402,
              43.8076948
            ],
            [
              -79.376084,
              43.8077303
            ],
            [
              -79.3759598,
              43.8077557
            ],
            [
              -79.3745077,
              43.8080658
            ],
            [
              -79.3742001,
              43.8081269
            ],
            [
              -79.374044,
              43.8081591
            ],
            [
              -79.3725229,
              43.8085069
            ],
            [
              -79.3717653,
              43.8086802
            ],
            [
              -79.3705644,
              43.8089548
            ],
            [
              -79.3704108,
              43.8089897
            ],
            [
              -79.3700547,
              43.8090717
            ],
            [
              -79.3690657,
              43.8092993
            ],
            [
              -79.3677108,
              43.8096222
            ],
            [
              -79.3676042,
              43.8096448
            ],
            [
              -79.3675373,
              43.809659
            ],
            [
              -79.3674137,
              43.8096853
            ],
            [
              -79.3669147,
              43.8097985
            ],
            [
              -79.3664551,
              43.8098981
            ],
            [
              -79.3659221,
              43.8100169
            ],
            [
              -79.3650079,
              43.8102172
            ],
            [
              -79.364783,
              43.8102672
            ],
            [
              -79.3636048,
              43.8105358
            ],
            [
              -79.3627792,
              43.8107213
            ],
            [
              -79.3615733,
              43.811002
            ],
            [
              -79.3607585,
              43.811183
            ],
            [
              -79.357568,
              43.8119376
            ],
            [
              -79.3566656,
              43.812141
            ],
            [
              -79.3552899,
              43.8124353
            ],
            [
              -79.3550305,
              43.812489
            ],
            [
              -79.3549064,
              43.8125147
            ],
            [
              -79.3537025,
              43.8128065
            ],
            [
              -79.3522993,
              43.8131009
            ],
            [
              -79.3519448,
              43.8131911
            ],
            [
              -79.3509332,
              43.8134484
            ],
            [
              -79.3504282,
              43.8135529
            ],
            [
              -79.3487455,
              43.8139401
            ],
            [
              -79.3484962,
              43.8139985
            ],
            [
              -79.346959,
              43.8143358
            ],
            [
              -79.3464296,
              43.8144437
            ],
            [
              -79.3463922,
              43.8144513
            ],
            [
              -79.34636,
              43.8144591
            ],
            [
              -79.3462652,
              43.8144819
            ],
            [
              -79.3460108,
              43.8145375
            ],
            [
              -79.3457564,
              43.814593
            ],
            [
              -79.345302,
              43.8146922
            ],
            [
              -79.3451968,
              43.8147152
            ],
            [
              -79.3447765,
              43.814815
            ],
            [
              -79.3437856,
              43.8150516
            ],
            [
              -79.3431896,
              43.8151897
            ],
            [
              -79.3430852,
              43.8152143
            ],
            [
              -79.3428327,
              43.815274
            ],
            [
              -79.3425556,
              43.8153423
            ],
            [
              -79.3422849,
              43.815409
            ],
            [
              -79.3414202,
              43.8156267
            ],
            [
              -79.3413434,
              43.8156447
            ],
            [
              -79.3412575,
              43.8156648
            ],
            [
              -79.3401642,
              43.8159481
            ],
            [
              -79.3377151,
              43.816572
            ],
            [
              -79.3373623,
              43.8166658
            ],
            [
              -79.336408,
              43.8168765
            ],
            [
              -79.3315092,
              43.8180011
            ],
            [
              -79.3313504,
              43.8180378
            ],
            [
              -79.3311911,
              43.8180757
            ],
            [
              -79.3309049,
              43.8181392
            ],
            [
              -79.3306057,
              43.8182057
            ],
            [
              -79.329129,
              43.8185442
            ],
            [
              -79.3284532,
              43.8186964
            ],
            [
              -79.3266815,
              43.8191257
            ],
            [
              -79.3265641,
              43.819152
            ],
            [
              -79.3233852,
              43.8198745
            ],
            [
              -79.3229209,
              43.8199813
            ],
            [
              -79.3228145,
              43.8199973
            ],
            [
              -79.3218592,
              43.8202247
            ],
            [
              -79.3209241,
              43.8204475
            ],
            [
              -79.3199044,
              43.8206869
            ],
            [
              -79.3198005,
              43.8207103
            ],
            [
              -79.3185529,
              43.8209911
            ],
            [
              -79.3180739,
              43.8211113
            ],
            [
              -79.3176406,
              43.8212155
            ],
            [
              -79.3161744,
              43.8215503
            ],
            [
              -79.3156716,
              43.8216704
            ],
            [
              -79.3136875,
              43.8221441
            ],
            [
              -79.3135694,
              43.8221723
            ],
            [
              -79.3127696,
              43.8223465
            ],
            [
              -79.3117807,
              43.8225749
            ],
            [
              -79.3104986,
              43.8228807
            ],
            [
              -79.3097901,
              43.8230497
            ],
            [
              -79.3083882,
              43.8233777
            ],
            [
              -79.3081251,
              43.8234392
            ],
            [
              -79.3070501,
              43.8236906
            ],
            [
              -79.3044224,
              43.8243052
            ],
            [
              -79.3032208,
              43.8245558
            ],
            [
              -79.3022346,
              43.8248225
            ],
            [
              -79.3014982,
              43.8250022
            ],
            [
              -79.300514,
              43.825208
            ],
            [
              -79.2994068,
              43.8254735
            ],
            [
              -79.2993339,
              43.8254907
            ],
            [
              -79.2992602,
              43.8255082
            ],
            [
              -79.299089,
              43.8255486
            ],
            [
              -79.2987527,
              43.8256281
            ],
            [
              -79.2987063,
              43.8256391
            ],
            [
              -79.2984647,
              43.8256962
            ],
            [
              -79.2982949,
              43.8257363
            ],
            [
              -79.2980458,
              43.8257952
            ],
            [
              -79.2972772,
              43.8259606
            ],
            [
              -79.2971219,
              43.8259977
            ],
            [
              -79.2956209,
              43.8263441
            ],
            [
              -79.2930988,
              43.8269262
            ],
            [
              -79.2927631,
              43.8270055
            ],
            [
              -79.292314,
              43.8271116
            ],
            [
              -79.2910869,
              43.8273919
            ],
            [
              -79.290818,
              43.8274497
            ],
            [
              -79.288981,
              43.8278663
            ],
            [
              -79.2882911,
              43.8280228
            ],
            [
              -79.2877576,
              43.8281418
            ],
            [
              -79.2864396,
              43.8284388
            ],
            [
              -79.2859388,
              43.8285553
            ],
            [
              -79.2836032,
              43.8290983
            ],
            [
              -79.2814509,
              43.8295987
            ],
            [
              -79.2811873,
              43.82966
            ],
            [
              -79.2795313,
              43.830028
            ],
            [
              -79.2778826,
              43.8304091
            ],
            [
              -79.2774713,
              43.8305042
            ],
            [
              -79.2764978,
              43.8307293
            ],
            [
              -79.2762438,
              43.8307825
            ],
            [
              -79.2742093,
              43.8312431
            ],
            [
              -79.2732826,
              43.8314801
            ],
            [
              -79.2726262,
              43.8316389
            ],
            [
              -79.2711071,
              43.8319752
            ],
            [
              -79.269204,
              43.8324311
            ],
            [
              -79.2688426,
              43.8325282
            ],
            [
              -79.2671718,
              43.832878
            ],
            [
              -79.2669349,
              43.8329341
            ],
            [
              -79.2661227,
              43.8331266
            ],
            [
              -79.2651158,
              43.8333657
            ],
            [
              -79.2649512,
              43.833407
            ],
            [
              -79.2574775,
              43.8351294
            ],
            [
              -79.2564737,
              43.8353687
            ],
            [
              -79.2530181,
              43.83618
            ],
            [
              -79.2522188,
              43.8363701
            ],
            [
              -79.2511968,
              43.836602
            ],
            [
              -79.24908,
              43.8370822
            ],
            [
              -79.2484648,
              43.8372292
            ],
            [
              -79.2475863,
              43.8374383
            ],
            [
              -79.2458864,
              43.8378279
            ],
            [
              -79.2457549,
              43.837875
            ],
            [
              -79.2452397,
              43.8379905
            ],
            [
              -79.2404249,
              43.8391231
            ],
            [
              -79.2378597,
              43.8396874
            ],
            [
              -79.2372406,
              43.8398296
            ],
            [
              -79.2368071,
              43.8399375
            ],
            [
              -79.2345152,
              43.8404908
            ],
            [
              -79.2325983,
              43.8409271
            ],
            [
              -79.232212,
              43.8410116
            ],
            [
              -79.2320555,
              43.8410654
            ],
            [
              -79.231477,
              43.8412372
            ],
            [
              -79.2311754,
              43.8413173
            ],
            [
              -79.2308744,
              43.8413902
            ],
            [
              -79.2303215,
              43.8415228
            ],
            [
              -79.2297608,
              43.8416532
            ],
            [
              -79.2288824,
              43.8418496
            ],
            [
              -79.2279832,
              43.8420526
            ],
            [
              -79.2277561,
              43.8421057
            ],
            [
              -79.2276003,
              43.8421375
            ],
            [
              -79.2268104,
              43.8423141
            ],
            [
              -79.2260777,
              43.8424779
            ],
            [
              -79.2258363,
              43.842516
            ],
            [
              -79.2256683,
              43.8425539
            ],
            [
              -79.2220672,
              43.843345
            ],
            [
              -79.2190752,
              43.8440022
            ],
            [
              -79.2155117,
              43.844822
            ],
            [
              -79.2092645,
              43.8462033
            ],
            [
              -79.2080855,
              43.846469
            ],
            [
              -79.2078041,
              43.846531
            ],
            [
              -79.2059374,
              43.8469424
            ],
            [
              -79.2034183,
              43.8474885
            ],
            [
              -79.2005832,
              43.8482009
            ],
            [
              -79.2003786,
              43.8482526
            ],
            [
              -79.1995703,
              43.8484598
            ],
            [
              -79.1993253,
              43.8485097
            ],
            [
              -79.197555,
              43.8489058
            ],
            [
              -79.1957,
              43.8493368
            ],
            [
              -79.1940651,
              43.8497318
            ],
            [
              -79.1935555,
              43.8498542
            ],
            [
              -79.1916572,
              43.8503191
            ],
            [
              -79.1897403,
              43.8507863
            ],
            [
              -79.1852763,
              43.8518817
            ],
            [
              -79.1828452,
              43.8524608
            ],
            [
              -79.1799911,
              43.8531472
            ],
            [
              -79.177584,
              43.8537859
            ],
            [
              -79.1743008,
              43.8545507
            ],
            [
              -79.1710263,
              43.8552741
            ],
            [
              -79.1702147,
              43.8554425
            ],
            [
              -79.1702625,
              43.8555107
            ],
            [
              -79.1778005,
              43.8729249
            ],
            [
              -79.1821679,
              43.882922
            ],
            [
              -79.1835005,
              43.8859524
            ],
            [
              -79.1839768,
              43.8869824
            ],
            [
              -79.1849639,
              43.8889928
            ],
            [
              -79.1855733,
              43.8902052
            ],
            [
              -79.1860401,
              43.8911591
            ],
            [
              -79.1861998,
              43.8914855
            ],
            [
              -79.1896692,
              43.8991601
            ],
            [
              -79.1934981,
              43.9073937
            ],
            [
              -79.1983482,
              43.9177326
            ],
            [
              -79.2012632,
              43.9243256
            ],
            [
              -79.2065932,
              43.9364179
            ],
            [
              -79.2089489,
              43.9414974
            ],
            [
              -79.2141971,
              43.952906
            ],
            [
              -79.2147686,
              43.9545522
            ],
            [
              -79.2161747,
              43.9589146
            ],
            [
              -79.2174147,
              43.9625146
            ],
            [
              -79.2286438,
              43.9598645
            ],
            [
              -79.2287277,
              43.9602302
            ],
            [
              -79.2353904,
              43.958756
            ],
            [
              -79.2455684,
              43.956504
            ],
            [
              -79.2505381,
              43.9554043
            ],
            [
              -79.253514,
              43.9547458
            ],
            [
              -79.2536798,
              43.95545
            ],
            [
              -79.2679155,
              43.9520634
            ],
            [
              -79.2694702,
              43.9516935
            ],
            [
              -79.2781504,
              43.9496284
            ],
            [
              -79.2781332,
              43.9494816
            ],
            [
              -79.2967927,
              43.9452556
            ],
            [
              -79.3025868,
              43.9439433
            ],
            [
              -79.3027083,
              43.9439158
            ],
            [
              -79.3028823,
              43.9438764
            ],
            [
              -79.3026803,
              43.9431075
            ],
            [
              -79.3254104,
              43.9383269
            ],
            [
              -79.3289053,
              43.9375571
            ],
            [
              -79.328926,
              43.9376363
            ],
            [
              -79.3532685,
              43.9319547
            ],
            [
              -79.3530975,
              43.9312565
            ],
            [
              -79.3531796,
              43.9312377
            ],
            [
              -79.3745462,
              43.9263566
            ],
            [
              -79.3770303,
              43.9258089
            ],
            [
              -79.3771413,
              43.9257844
            ],
            [
              -79.377149,
              43.9258155
            ],
            [
              -79.3800289,
              43.9251993
            ],
            [
              -79.3828599,
              43.9245937
            ],
            [
              -79.3895532,
              43.9231616
            ],
            [
              -79.3872284,
              43.9136916
            ],
            [
              -79.3842411,
              43.9014301
            ],
            [
              -79.3841814,
              43.9011849
            ],
            [
              -79.3810486,
              43.8882272
            ],
            [
              -79.3798137,
              43.8832507
            ],
            [
              -79.3776797,
              43.8746169
            ],
            [
              -79.3752529,
              43.864633
            ],
            [
              -79.3740963,
              43.8598742
            ],
            [
              -79.3723164,
              43.8527598
            ],
            [
              -79.3713571,
              43.8489249
            ],
            [
              -79.371291,
              43.8486605
            ],
            [
              -79.3711562,
              43.8481383
            ],
            [
              -79.3708618,
              43.8469972
            ],
            [
              -79.3763987,
              43.8457571
            ],
            [
              -79.3768971,
              43.8456524
            ],
            [
              -79.3779264,
              43.8454205
            ],
            [
              -79.3782697,
              43.8453338
            ],
            [
              -79.3791646,
              43.8451246
            ],
            [
              -79.3820514,
              43.8444527
            ],
            [
              -79.38223,
              43.8444109
            ],
            [
              -79.3823861,
              43.8443743
            ],
            [
              -79.3825752,
              43.844343
            ],
            [
              -79.3865422,
              43.8434228
            ],
            [
              -79.3917411,
              43.8422071
            ],
            [
              -79.4000961,
              43.8403008
            ],
            [
              -79.4002576,
              43.8402805
            ],
            [
              -79.4003565,
              43.8402604
            ],
            [
              -79.4005159,
              43.8402279
            ],
            [
              -79.4007143,
              43.8402017
            ],
            [
              -79.401181,
              43.8401402
            ],
            [
              -79.4017972,
              43.8400787
            ],
            [
              -79.404556,
              43.8400862
            ],
            [
              -79.4062137,
              43.8400953
            ],
            [
              -79.4065735,
              43.840081
            ],
            [
              -79.4064589,
              43.8396304
            ],
            [
              -79.4064355,
              43.8395266
            ],
            [
              -79.4084955,
              43.8390391
            ],
            [
              -79.4145441,
              43.8377867
            ],
            [
              -79.4179475,
              43.8370237
            ],
            [
              -79.4197674,
              43.8366168
            ],
            [
              -79.4234452,
              43.8357946
            ],
            [
              -79.428729,
              43.8345631
            ]
          ]
        ]
      }
    },
    {
      "type": "Feature",
      "properties": {
        "name": "Aurora / Newmarket",
        "osm_display": "Aurora, York Region, Golden Horseshoe, Ontario, Canada"
      },
      "geometry": {
        "type": "Polygon",
        "coordinates": [
          [
            [
              -79.4993582,
              44.0160565
            ],
            [
              -79.4942406,
              43.9940321
            ],
            [
              -79.4929665,
              43.9881098
            ],
            [
              -79.4918749,
              43.9838969
            ],
            [
              -79.4915798,
              43.9817807
            ],
            [
              -79.4911319,
              43.9798227
            ],
            [
              -79.4899061,
              43.9756207
            ],
            [
              -79.4896465,
              43.9735068
            ],
            [
              -79.4893992,
              43.9721366
            ],
            [
              -79.4876719,
              43.9651832
            ],
            [
              -79.4867384,
              43.9621096
            ],
            [
              -79.4856684,
              43.9579493
            ],
            [
              -79.4855416,
              43.9574685
            ],
            [
              -79.4843245,
              43.9577501
            ],
            [
              -79.483749,
              43.9578468
            ],
            [
              -79.4811807,
              43.9581058
            ],
            [
              -79.4712943,
              43.9602774
            ],
            [
              -79.4688588,
              43.9608779
            ],
            [
              -79.4663054,
              43.9614667
            ],
            [
              -79.4637331,
              43.9620923
            ],
            [
              -79.4588649,
              43.9629553
            ],
            [
              -79.4564402,
              43.9633954
            ],
            [
              -79.4526717,
              43.9641696
            ],
            [
              -79.4497722,
              43.9647411
            ],
            [
              -79.4428928,
              43.9662727
            ],
            [
              -79.4353527,
              43.9678704
            ],
            [
              -79.4097644,
              43.9733681
            ],
            [
              -79.4010311,
              43.9756767
            ],
            [
              -79.3991,
              43.9761863
            ],
            [
              -79.3976495,
              43.9765953
            ],
            [
              -79.3928828,
              43.9776956
            ],
            [
              -79.3946122,
              43.9850995
            ],
            [
              -79.3960681,
              43.9949018
            ],
            [
              -79.396611,
              43.9965628
            ],
            [
              -79.397626,
              43.9982947
            ],
            [
              -79.3987643,
              43.9996901
            ],
            [
              -79.4011504,
              44.0018479
            ],
            [
              -79.4036073,
              44.0044687
            ],
            [
              -79.4048078,
              44.0062791
            ],
            [
              -79.4061897,
              44.011529
            ],
            [
              -79.4066227,
              44.0135677
            ],
            [
              -79.406649,
              44.0137127
            ],
            [
              -79.4099947,
              44.0294398
            ],
            [
              -79.4113052,
              44.0341609
            ],
            [
              -79.4117446,
              44.0354744
            ],
            [
              -79.4237221,
              44.0327517
            ],
            [
              -79.4545081,
              44.0257849
            ],
            [
              -79.4592858,
              44.0247473
            ],
            [
              -79.4592986,
              44.0247459
            ],
            [
              -79.4616232,
              44.0242417
            ],
            [
              -79.4616667,
              44.0242322
            ],
            [
              -79.4728346,
              44.0218099
            ],
            [
              -79.4993582,
              44.0160565
            ]
          ]
        ]
      }
    },
    {
      "type": "Feature",
      "properties": {
        "name": "Pickering / Ajax",
        "osm_display": "Pickering, Durham Region, Golden Horseshoe, Ontario, Canada"
      },
      "geometry": {
        "type": "Polygon",
        "coordinates": [
          [
            [
              -79.2200381,
              43.9709203
            ],
            [
              -79.2174147,
              43.9625146
            ],
            [
              -79.2161747,
              43.9589146
            ],
            [
              -79.2147686,
              43.9545522
            ],
            [
              -79.2141971,
              43.952906
            ],
            [
              -79.2089489,
              43.9414974
            ],
            [
              -79.2065932,
              43.9364179
            ],
            [
              -79.2012632,
              43.9243256
            ],
            [
              -79.1983482,
              43.9177326
            ],
            [
              -79.1934981,
              43.9073937
            ],
            [
              -79.1896692,
              43.8991601
            ],
            [
              -79.1861998,
              43.8914855
            ],
            [
              -79.1860401,
              43.8911591
            ],
            [
              -79.1855733,
              43.8902052
            ],
            [
              -79.1849639,
              43.8889928
            ],
            [
              -79.1839768,
              43.8869824
            ],
            [
              -79.1835005,
              43.8859524
            ],
            [
              -79.1821679,
              43.882922
            ],
            [
              -79.1778005,
              43.8729249
            ],
            [
              -79.1702625,
              43.8555107
            ],
            [
              -79.1702147,
              43.8554425
            ],
            [
              -79.1701962,
              43.8553968
            ],
            [
              -79.1701685,
              43.8553214
            ],
            [
              -79.1699025,
              43.8546932
            ],
            [
              -79.1696952,
              43.8542206
            ],
            [
              -79.1696452,
              43.8540572
            ],
            [
              -79.1688143,
              43.8522899
            ],
            [
              -79.1668501,
              43.8479554
            ],
            [
              -79.166146,
              43.8465785
            ],
            [
              -79.1633994,
              43.8403262
            ],
            [
              -79.1609224,
              43.834843
            ],
            [
              -79.1606014,
              43.8341351
            ],
            [
              -79.1595692,
              43.8318076
            ],
            [
              -79.1595299,
              43.8317189
            ],
            [
              -79.156302,
              43.8241927
            ],
            [
              -79.1555612,
              43.8226163
            ],
            [
              -79.152051,
              43.8145644
            ],
            [
              -79.1518357,
              43.8142043
            ],
            [
              -79.1514815,
              43.8140782
            ],
            [
              -79.1512609,
              43.8139505
            ],
            [
              -79.1511279,
              43.8138586
            ],
            [
              -79.1510074,
              43.8137006
            ],
            [
              -79.1509401,
              43.8136124
            ],
            [
              -79.1508425,
              43.8135111
            ],
            [
              -79.1507106,
              43.8134176
            ],
            [
              -79.1504777,
              43.8133177
            ],
            [
              -79.1500164,
              43.8130153
            ],
            [
              -79.1495443,
              43.8125569
            ],
            [
              -79.149407,
              43.8124455
            ],
            [
              -79.1491838,
              43.8123835
            ],
            [
              -79.1490122,
              43.8123587
            ],
            [
              -79.1487976,
              43.8123773
            ],
            [
              -79.1484629,
              43.8123773
            ],
            [
              -79.1480766,
              43.812334
            ],
            [
              -79.147905,
              43.8122225
            ],
            [
              -79.1478326,
              43.8120944
            ],
            [
              -79.1478105,
              43.8120553
            ],
            [
              -79.1476303,
              43.8119066
            ],
            [
              -79.1472526,
              43.8117208
            ],
            [
              -79.1468664,
              43.8114669
            ],
            [
              -79.146463,
              43.8112377
            ],
            [
              -79.1463085,
              43.8112005
            ],
            [
              -79.1461883,
              43.8112129
            ],
            [
              -79.1460596,
              43.8111634
            ],
            [
              -79.1459652,
              43.811089
            ],
            [
              -79.145948,
              43.810928
            ],
            [
              -79.1459757,
              43.8106464
            ],
            [
              -79.1460253,
              43.8101414
            ],
            [
              -79.1459995,
              43.8100237
            ],
            [
              -79.1459223,
              43.8099803
            ],
            [
              -79.1457002,
              43.8099853
            ],
            [
              -79.1449438,
              43.8099803
            ],
            [
              -79.1445146,
              43.8099246
            ],
            [
              -79.144163,
              43.8098539
            ],
            [
              -79.1440682,
              43.8098248
            ],
            [
              -79.1437679,
              43.8097326
            ],
            [
              -79.1431413,
              43.8095823
            ],
            [
              -79.1426178,
              43.8094229
            ],
            [
              -79.1421886,
              43.8093548
            ],
            [
              -79.1416221,
              43.8091627
            ],
            [
              -79.1411415,
              43.8089088
            ],
            [
              -79.1410112,
              43.8088617
            ],
            [
              -79.1406866,
              43.8087849
            ],
            [
              -79.1405321,
              43.8087292
            ],
            [
              -79.1404548,
              43.8084195
            ],
            [
              -79.1404034,
              43.8083637
            ],
            [
              -79.1402468,
              43.8083695
            ],
            [
              -79.139957,
              43.8083761
            ],
            [
              -79.1396223,
              43.8083513
            ],
            [
              -79.1393648,
              43.8083451
            ],
            [
              -79.1391588,
              43.8082398
            ],
            [
              -79.1389283,
              43.8080735
            ],
            [
              -79.1389013,
              43.808054
            ],
            [
              -79.1387897,
              43.8080045
            ],
            [
              -79.1386696,
              43.8079797
            ],
            [
              -79.1385837,
              43.8079921
            ],
            [
              -79.1384807,
              43.8079549
            ],
            [
              -79.1384121,
              43.8079673
            ],
            [
              -79.1383434,
              43.8080045
            ],
            [
              -79.1382747,
              43.8079983
            ],
            [
              -79.1382205,
              43.8079311
            ],
            [
              -79.1382147,
              43.8079239
            ],
            [
              -79.1381803,
              43.8078001
            ],
            [
              -79.1382746,
              43.807662
            ],
            [
              -79.1382061,
              43.8075585
            ],
            [
              -79.1380945,
              43.8074656
            ],
            [
              -79.1379915,
              43.8074098
            ],
            [
              -79.1378713,
              43.8074222
            ],
            [
              -79.1377306,
              43.8075656
            ],
            [
              -79.1375943,
              43.8078012
            ],
            [
              -79.1375109,
              43.8079103
            ],
            [
              -79.1372737,
              43.8078771
            ],
            [
              -79.1370565,
              43.8077418
            ],
            [
              -79.136799,
              43.8077913
            ],
            [
              -79.1366016,
              43.8078904
            ],
            [
              -79.13649,
              43.8080205
            ],
            [
              -79.1364213,
              43.8081134
            ],
            [
              -79.1362497,
              43.8081444
            ],
            [
              -79.136078,
              43.808163
            ],
            [
              -79.1357148,
              43.8080227
            ],
            [
              -79.1354334,
              43.8078983
            ],
            [
              -79.1350297,
              43.8075748
            ],
            [
              -79.1348244,
              43.8073851
            ],
            [
              -79.134584,
              43.8073045
            ],
            [
              -79.1343265,
              43.8070134
            ],
            [
              -79.1339231,
              43.806778
            ],
            [
              -79.1337515,
              43.8064807
            ],
            [
              -79.1337193,
              43.8063179
            ],
            [
              -79.1337086,
              43.8062639
            ],
            [
              -79.1337735,
              43.8059774
            ],
            [
              -79.1340309,
              43.8054942
            ],
            [
              -79.1341769,
              43.8051783
            ],
            [
              -79.134297,
              43.8045589
            ],
            [
              -79.1341571,
              43.8040062
            ],
            [
              -79.1336234,
              43.8032559
            ],
            [
              -79.133516,
              43.8030102
            ],
            [
              -79.1336099,
              43.8028365
            ],
            [
              -79.1340171,
              43.8024285
            ],
            [
              -79.1345459,
              43.8018023
            ],
            [
              -79.1348172,
              43.8016114
            ],
            [
              -79.1352326,
              43.8013191
            ],
            [
              -79.1354042,
              43.8010589
            ],
            [
              -79.1354128,
              43.8008978
            ],
            [
              -79.1352412,
              43.800712
            ],
            [
              -79.1349922,
              43.8007244
            ],
            [
              -79.1347176,
              43.8007739
            ],
            [
              -79.1331297,
              43.8012509
            ],
            [
              -79.1316426,
              43.8018146
            ],
            [
              -79.1312243,
              43.801858
            ],
            [
              -79.1307694,
              43.8018147
            ],
            [
              -79.130243,
              43.8016579
            ],
            [
              -79.1296448,
              43.8013857
            ],
            [
              -79.12825,
              43.8005791
            ],
            [
              -79.1277322,
              43.8003337
            ],
            [
              -79.1270443,
              43.8001421
            ],
            [
              -79.1267096,
              43.8001359
            ],
            [
              -79.1263577,
              43.800204
            ],
            [
              -79.1255852,
              43.8003031
            ],
            [
              -79.125259,
              43.8002412
            ],
            [
              -79.1246582,
              43.7998261
            ],
            [
              -79.1241776,
              43.7990517
            ],
            [
              -79.1240851,
              43.7986789
            ],
            [
              -79.124169,
              43.7982464
            ],
            [
              -79.1243664,
              43.797726
            ],
            [
              -79.1243063,
              43.7975649
            ],
            [
              -79.1241175,
              43.7974286
            ],
            [
              -79.1235339,
              43.7972118
            ],
            [
              -79.1231809,
              43.7972374
            ],
            [
              -79.1224953,
              43.7974162
            ],
            [
              -79.1221005,
              43.7974782
            ],
            [
              -79.1218945,
              43.7974596
            ],
            [
              -79.1216284,
              43.7973667
            ],
            [
              -79.1214224,
              43.7972675
            ],
            [
              -79.1201756,
              43.796078
            ],
            [
              -79.1201092,
              43.795886
            ],
            [
              -79.120135,
              43.7957559
            ],
            [
              -79.120341,
              43.7955515
            ],
            [
              -79.1205984,
              43.7954523
            ],
            [
              -79.1209503,
              43.7953842
            ],
            [
              -79.1211563,
              43.7952603
            ],
            [
              -79.121225,
              43.7950868
            ],
            [
              -79.1211649,
              43.7949009
            ],
            [
              -79.1209933,
              43.794746
            ],
            [
              -79.1207615,
              43.7946903
            ],
            [
              -79.1204263,
              43.7947212
            ],
            [
              -79.1195256,
              43.794777
            ],
            [
              -79.1189762,
              43.7946841
            ],
            [
              -79.1187155,
              43.7946635
            ],
            [
              -79.1179634,
              43.7944115
            ],
            [
              -79.1176888,
              43.7943743
            ],
            [
              -79.1175,
              43.7943743
            ],
            [
              -79.1170536,
              43.7944734
            ],
            [
              -79.1166931,
              43.7946655
            ],
            [
              -79.1164872,
              43.7948018
            ],
            [
              -79.1160752,
              43.7949319
            ],
            [
              -79.1157269,
              43.7949284
            ],
            [
              -79.1155081,
              43.794902
            ],
            [
              -79.1153291,
              43.7948709
            ],
            [
              -79.1152941,
              43.7948018
            ],
            [
              -79.1132193,
              43.7930746
            ],
            [
              -79.0351812,
              43.8058319
            ],
            [
              -79.0387527,
              43.8160082
            ],
            [
              -79.0389495,
              43.8166044
            ],
            [
              -79.0399686,
              43.8190815
            ],
            [
              -79.0402577,
              43.8197841
            ],
            [
              -79.0404791,
              43.8198763
            ],
            [
              -79.0434694,
              43.8270903
            ],
            [
              -79.0447383,
              43.8302161
            ],
            [
              -79.0453162,
              43.8316478
            ],
            [
              -79.0474138,
              43.8369712
            ],
            [
              -79.047763,
              43.8374466
            ],
            [
              -79.0480993,
              43.8373801
            ],
            [
              -79.0515501,
              43.8454884
            ],
            [
              -79.0540539,
              43.8449019
            ],
            [
              -79.0559085,
              43.8443247
            ],
            [
              -79.0584033,
              43.8432022
            ],
            [
              -79.0608723,
              43.8420296
            ],
            [
              -79.0665164,
              43.8549975
            ],
            [
              -79.0669246,
              43.8549797
            ],
            [
              -79.0674804,
              43.8547527
            ],
            [
              -79.0678787,
              43.854735
            ],
            [
              -79.0687173,
              43.8548662
            ],
            [
              -79.0694034,
              43.8552528
            ],
            [
              -79.0697944,
              43.8553291
            ],
            [
              -79.0700625,
              43.8552138
            ],
            [
              -79.0701173,
              43.8551698
            ],
            [
              -79.0702887,
              43.8544974
            ],
            [
              -79.0705022,
              43.8543848
            ],
            [
              -79.0706133,
              43.8543342
            ],
            [
              -79.0708002,
              43.8547811
            ],
            [
              -79.0726101,
              43.8590723
            ],
            [
              -79.0757578,
              43.8649589
            ],
            [
              -79.0787863,
              43.870688
            ],
            [
              -79.0698243,
              43.8759889
            ],
            [
              -79.0746856,
              43.8875636
            ],
            [
              -79.075213,
              43.8897027
            ],
            [
              -79.0773731,
              43.8946955
            ],
            [
              -79.0826016,
              43.8927123
            ],
            [
              -79.0863764,
              43.9025093
            ],
            [
              -79.0869764,
              43.903739
            ],
            [
              -79.0879551,
              43.9035299
            ],
            [
              -79.0882994,
              43.9042528
            ],
            [
              -79.078062,
              43.9065508
            ],
            [
              -79.0775948,
              43.906689
            ],
            [
              -79.0771964,
              43.9069087
            ],
            [
              -79.0769677,
              43.907022
            ],
            [
              -79.0766554,
              43.9071142
            ],
            [
              -79.0756644,
              43.9071939
            ],
            [
              -79.0745233,
              43.9074933
            ],
            [
              -79.0676033,
              43.9089266
            ],
            [
              -79.0604227,
              43.9106841
            ],
            [
              -79.038615,
              43.9156763
            ],
            [
              -79.0376756,
              43.9159456
            ],
            [
              -79.0314171,
              43.9173999
            ],
            [
              -79.0285141,
              43.9180208
            ],
            [
              -79.0283309,
              43.9181164
            ],
            [
              -79.0085864,
              43.922625
            ],
            [
              -79.0121032,
              43.9301064
            ],
            [
              -79.0153838,
              43.937034
            ],
            [
              -79.0169456,
              43.9402421
            ],
            [
              -79.0210856,
              43.9496873
            ],
            [
              -79.0243912,
              43.9572279
            ],
            [
              -79.0258325,
              43.9603629
            ],
            [
              -79.0288899,
              43.9671649
            ],
            [
              -79.0310408,
              43.9719199
            ],
            [
              -79.0326941,
              43.9754945
            ],
            [
              -79.037247,
              43.9857769
            ],
            [
              -79.0473097,
              44.0092427
            ],
            [
              -79.0480084,
              44.0107582
            ],
            [
              -79.0517318,
              44.0099116
            ],
            [
              -79.2198403,
              43.9709474
            ],
            [
              -79.2199542,
              43.9709318
            ],
            [
              -79.2200381,
              43.9709203
            ]
          ]
        ]
      }
    },
    {
      "type": "Feature",
      "properties": {
        "name": "Whitby / Oshawa",
        "osm_display": "Whitby, Durham Region, Golden Horseshoe, Ontario, Canada"
      },
      "geometry": {
        "type": "Polygon",
        "coordinates": [
          [
            [
              -79.0473097,
              44.0092427
            ],
            [
              -79.037247,
              43.9857769
            ],
            [
              -79.0326941,
              43.9754945
            ],
            [
              -79.0310408,
              43.9719199
            ],
            [
              -79.0288899,
              43.9671649
            ],
            [
              -79.0258325,
              43.9603629
            ],
            [
              -79.0243912,
              43.9572279
            ],
            [
              -79.0210856,
              43.9496873
            ],
            [
              -79.0169456,
              43.9402421
            ],
            [
              -79.0153838,
              43.937034
            ],
            [
              -79.0121032,
              43.9301064
            ],
            [
              -79.0085864,
              43.922625
            ],
            [
              -79.0075559,
              43.9204728
            ],
            [
              -79.0023561,
              43.9076362
            ],
            [
              -79.0013802,
              43.9052118
            ],
            [
              -78.9934063,
              43.8870156
            ],
            [
              -78.9929666,
              43.8858823
            ],
            [
              -78.9915622,
              43.8822623
            ],
            [
              -78.9901605,
              43.8791195
            ],
            [
              -78.9859479,
              43.8693454
            ],
            [
              -78.9857714,
              43.8689361
            ],
            [
              -78.9704614,
              43.8327564
            ],
            [
              -78.9645592,
              43.8173744
            ],
            [
              -78.874655,
              43.8320653
            ],
            [
              -78.881571,
              43.8524338
            ],
            [
              -78.8826709,
              43.8548279
            ],
            [
              -78.8833684,
              43.8563724
            ],
            [
              -78.8834561,
              43.8565216
            ],
            [
              -78.8835947,
              43.8568147
            ],
            [
              -78.8839013,
              43.8575305
            ],
            [
              -78.8839767,
              43.8577065
            ],
            [
              -78.8842042,
              43.8582459
            ],
            [
              -78.8843484,
              43.8585883
            ],
            [
              -78.8844059,
              43.8587304
            ],
            [
              -78.8847951,
              43.859652
            ],
            [
              -78.8849733,
              43.8600801
            ],
            [
              -78.8850374,
              43.8602356
            ],
            [
              -78.8851354,
              43.860465
            ],
            [
              -78.885227,
              43.8606749
            ],
            [
              -78.8855806,
              43.8614915
            ],
            [
              -78.8859954,
              43.8624964
            ],
            [
              -78.8894903,
              43.8704937
            ],
            [
              -78.8904087,
              43.8726347
            ],
            [
              -78.8938186,
              43.8805838
            ],
            [
              -78.8939712,
              43.8808708
            ],
            [
              -78.895031,
              43.8827877
            ],
            [
              -78.8964625,
              43.8859567
            ],
            [
              -78.8977454,
              43.888881
            ],
            [
              -78.898165,
              43.8898321
            ],
            [
              -78.8982604,
              43.8900485
            ],
            [
              -78.8992796,
              43.8922675
            ],
            [
              -78.9008624,
              43.8957754
            ],
            [
              -78.9027163,
              43.9000313
            ],
            [
              -78.9034035,
              43.901715
            ],
            [
              -78.9052489,
              43.906042
            ],
            [
              -78.9059052,
              43.9075681
            ],
            [
              -78.9057054,
              43.9076112
            ],
            [
              -78.905986,
              43.908313
            ],
            [
              -78.9073839,
              43.9116119
            ],
            [
              -78.9080759,
              43.9130928
            ],
            [
              -78.910251,
              43.9181484
            ],
            [
              -78.9103386,
              43.9183479
            ],
            [
              -78.9119434,
              43.9219228
            ],
            [
              -78.9133786,
              43.9251199
            ],
            [
              -78.9143211,
              43.9272193
            ],
            [
              -78.9171707,
              43.9335924
            ],
            [
              -78.9197198,
              43.9397978
            ],
            [
              -78.9202427,
              43.9411221
            ],
            [
              -78.9205392,
              43.9418728
            ],
            [
              -78.9208232,
              43.942592
            ],
            [
              -78.9219772,
              43.9455762
            ],
            [
              -78.9231301,
              43.9479545
            ],
            [
              -78.9241461,
              43.9502247
            ],
            [
              -78.9270526,
              43.9572254
            ],
            [
              -78.9276362,
              43.9586498
            ],
            [
              -78.9278458,
              43.9591613
            ],
            [
              -78.9285622,
              43.9609101
            ],
            [
              -78.928672,
              43.9611782
            ],
            [
              -78.9329801,
              43.9710127
            ],
            [
              -78.9350235,
              43.9756766
            ],
            [
              -78.9356414,
              43.9765413
            ],
            [
              -78.9374439,
              43.9807412
            ],
            [
              -78.9403621,
              43.9874729
            ],
            [
              -78.9426967,
              43.9926785
            ],
            [
              -78.9587724,
              44.0288194
            ],
            [
              -78.959757,
              44.0286392
            ],
            [
              -78.9687502,
              44.0266703
            ],
            [
              -78.9832771,
              44.0234958
            ],
            [
              -78.9956582,
              44.020757
            ],
            [
              -79.003104,
              44.019052
            ],
            [
              -79.0072131,
              44.0182033
            ],
            [
              -79.0088707,
              44.017806
            ],
            [
              -79.0129799,
              44.0168763
            ],
            [
              -79.022904,
              44.0147082
            ],
            [
              -79.0473097,
              44.0092427
            ]
          ]
        ]
      }
    }
  ]
}